#
# A fatal error has been detected by the Java Runtime Environment:
#
#  SIGSEGV (0xb) at pc=0x0000000185691808, pid=14183, tid=138763
#
# JRE version: Java(TM) SE Runtime Environment (24.0.2+12) (build 24.0.2+12-54)
# Java VM: Java HotSpot(TM) 64-Bit Server VM (24.0.2+12-54, mixed mode, sharing, tiered, compressed oops, compressed class ptrs, g1 gc, bsd-aarch64)
# Problematic frame:
# C  [libobjc.A.dylib+0x9808]  objc_msgSend+0x8
#
# No core dump will be written. Core dumps have been disabled. To enable core dumping, try "ulimit -c unlimited" before starting Java again
#
# If you would like to submit a bug report, please visit:
#   https://bugreport.java.com/bugreport/crash.jsp
# The crash happened outside the Java Virtual Machine in native code.
# See problematic frame for where to report the bug.
#

---------------  S U M M A R Y ------------

Command Line: -Dfile.encoding=UTF-8 --module-path=/Users/rayen/.m2/repository/org/openjfx/javafx-base/21.0.1/javafx-base-21.0.1-mac-aarch64.jar:/Users/rayen/.m2/repository/org/openjfx/javafx-base/21.0.1/javafx-base-21.0.1.jar:/Users/rayen/.m2/repository/org/openjfx/javafx-controls/21.0.1/javafx-controls-21.0.1-mac-aarch64.jar:/Users/rayen/.m2/repository/org/openjfx/javafx-controls/21.0.1/javafx-controls-21.0.1.jar:/Users/rayen/.m2/repository/org/openjfx/javafx-fxml/21.0.1/javafx-fxml-21.0.1-mac-aarch64.jar:/Users/rayen/.m2/repository/org/openjfx/javafx-fxml/21.0.1/javafx-fxml-21.0.1.jar:/Users/rayen/.m2/repository/org/openjfx/javafx-graphics/21.0.1/javafx-graphics-21.0.1-mac-aarch64.jar:/Users/rayen/.m2/repository/org/openjfx/javafx-graphics/21.0.1/javafx-graphics-21.0.1.jar:/Users/rayen/.m2/repository/org/openjfx/javafx-media/21.0.1/javafx-media-21.0.1-mac-aarch64.jar:/Users/rayen/.m2/repository/org/openjfx/javafx-media/21.0.1/javafx-media-21.0.1.jar:/Users/rayen/.m2/repository/org/openjfx/javafx-swing/21.0.1/javafx-swing-21.0.1-mac-aarch64.jar:/Users/rayen/.m2/repository/org/openjfx/javafx-swing/21.0.1/javafx-swing-21.0.1.jar:/Users/rayen/.m2/repository/org/openjfx/javafx-web/21.0.1/javafx-web-21.0.1-mac-aarch64.jar:/Users/rayen/.m2/repository/org/openjfx/javafx-web/21.0.1/javafx-web-21.0.1.jar --add-modules=javafx.base,javafx.controls,javafx.fxml,javafx.graphics,javafx.media,javafx.swing,javafx.web com.example.harmony.MainPage

Host: "MacBookPro17,1" arm64, 8 cores, 8G, Darwin 24.0.0, macOS 15.0.1 (24A348)
Time: Wed Feb 25 15:14:44 2026 CET elapsed time: 381.861182 seconds (0d 0h 6m 21s)

---------------  T H R E A D  ---------------

Current thread (0x000000013402e000):  JavaThread "FaceCapture-Thread" daemon [_thread_in_native, id=138763, stack(0x0000000177a50000,0x0000000177c53000) (2060K)]

Stack: [0x0000000177a50000,0x0000000177c53000],  sp=0x0000000177c523a0,  free space=2056k
Native frames: (J=compiled Java code, j=interpreted, Vv=VM code, C=native code)
C  [libobjc.A.dylib+0x9808]  objc_msgSend+0x8
C  [libopencv_videoio.407.dylib+0x30838]  cv::AVIWriteContainer::jflushStream(unsigned int, int)+0x24e8
C  [libopencv_videoio.407.dylib+0xfe2c]  cvGrabFrame+0x18
C  [libopencv_videoio.407.dylib+0x32d98]  cv::AVIWriteContainer::jflushStream(unsigned int, int)+0x4a48
C  [libopencv_videoio.407.dylib+0x13530]  cv::VideoCapture::grab()+0x38
C  [libjniopencv_videoio.dylib+0xafc4]  Java_org_bytedeco_opencv_opencv_1videoio_VideoCapture_grab+0x64
J 11233  org.bytedeco.opencv.opencv_videoio.VideoCapture.grab()Z (0 bytes) @ 0x0000000114660358 [0x00000001146602c0+0x0000000000000098]
j  org.bytedeco.javacv.OpenCVFrameGrabber.grab()Lorg/bytedeco/javacv/Frame;+35
j  utils.FaceRecognitionService.lambda$startCamera$1(Lutils/FaceRecognitionService$FrameCallback;)V+12
j  utils.FaceRecognitionService$$Lambda+0x00001f80014d2570.run()V+8
J 6763 c1 java.util.concurrent.Executors$RunnableAdapter.call()Ljava/lang/Object; java.base@24.0.2 (14 bytes) @ 0x000000010d8591e8 [0x000000010d859080+0x0000000000000168]
J 6762 c1 java.util.concurrent.FutureTask.runAndReset()Z java.base@24.0.2 (125 bytes) @ 0x000000010d857910 [0x000000010d856e40+0x0000000000000ad0]
j  java.util.concurrent.ScheduledThreadPoolExecutor$ScheduledFutureTask.run()V+35 java.base@24.0.2
j  java.util.concurrent.ThreadPoolExecutor.runWorker(Ljava/util/concurrent/ThreadPoolExecutor$Worker;)V+92 java.base@24.0.2
j  java.util.concurrent.ThreadPoolExecutor$Worker.run()V+5 java.base@24.0.2
j  java.lang.Thread.runWith(Ljava/lang/Object;Ljava/lang/Runnable;)V+5 java.base@24.0.2
j  java.lang.Thread.run()V+19 java.base@24.0.2
v  ~StubRoutines::call_stub 0x000000011406c114
V  [libjvm.dylib+0x4c2610]  JavaCalls::call_helper(JavaValue*, methodHandle const&, JavaCallArguments*, JavaThread*)+0x3e0
V  [libjvm.dylib+0x4c1530]  JavaCalls::call_virtual(JavaValue*, Klass*, Symbol*, Symbol*, JavaCallArguments*, JavaThread*)+0x164
V  [libjvm.dylib+0x4c15fc]  JavaCalls::call_virtual(JavaValue*, Handle, Klass*, Symbol*, Symbol*, JavaThread*)+0x64
V  [libjvm.dylib+0x597208]  thread_entry(JavaThread*, JavaThread*)+0x9c
V  [libjvm.dylib+0x4d63d0]  JavaThread::thread_main_inner()+0xa8
V  [libjvm.dylib+0x9ccf68]  Thread::call_run()+0xc8
V  [libjvm.dylib+0x85280c]  thread_native_entry(Thread*)+0x118
C  [libsystem_pthread.dylib+0x72e4]  _pthread_start+0x88
Java frames: (J=compiled Java code, j=interpreted, Vv=VM code)
J 11233  org.bytedeco.opencv.opencv_videoio.VideoCapture.grab()Z (0 bytes) @ 0x0000000114660328 [0x00000001146602c0+0x0000000000000068]
j  org.bytedeco.javacv.OpenCVFrameGrabber.grab()Lorg/bytedeco/javacv/Frame;+35
j  utils.FaceRecognitionService.lambda$startCamera$1(Lutils/FaceRecognitionService$FrameCallback;)V+12
j  utils.FaceRecognitionService$$Lambda+0x00001f80014d2570.run()V+8
J 6763 c1 java.util.concurrent.Executors$RunnableAdapter.call()Ljava/lang/Object; java.base@24.0.2 (14 bytes) @ 0x000000010d8591e8 [0x000000010d859080+0x0000000000000168]
J 6762 c1 java.util.concurrent.FutureTask.runAndReset()Z java.base@24.0.2 (125 bytes) @ 0x000000010d857910 [0x000000010d856e40+0x0000000000000ad0]
j  java.util.concurrent.ScheduledThreadPoolExecutor$ScheduledFutureTask.run()V+35 java.base@24.0.2
j  java.util.concurrent.ThreadPoolExecutor.runWorker(Ljava/util/concurrent/ThreadPoolExecutor$Worker;)V+92 java.base@24.0.2
j  java.util.concurrent.ThreadPoolExecutor$Worker.run()V+5 java.base@24.0.2
j  java.lang.Thread.runWith(Ljava/lang/Object;Ljava/lang/Runnable;)V+5 java.base@24.0.2
j  java.lang.Thread.run()V+19 java.base@24.0.2
v  ~StubRoutines::call_stub 0x000000011406c114

siginfo: si_signo: 11 (SIGSEGV), si_code: 2 (SEGV_ACCERR), si_addr: 0x00000000000000a2

Registers:
 x0=0x00000000000000a2  x1=0x00000001f44b1b8d  x2=0x0000000000000000  x3=0x0000000000000000
 x4=0x0000000000000000  x5=0x00000000000000a0  x6=0x0000000000000000  x7=0x000000003b9ac28c
 x8=0x2eb4f8ed97c60042  x9=0x2eb4f8ed97c60042 x10=0x000060000061cde4 x11=0x000060000061cde8
x12=0x0000000000000100 x13=0x0000000000000000 x14=0x0000000000000000 x15=0x0000000000000000
x16=0x0000000185691800 x17=0x0000000000000000 x18=0x0000000000000000 x19=0x00006000032587c0
x20=0x0000000000000000 x21=0x0000600002686f70 x22=0x000000012258999b x23=0x00000000000e0ffe
x24=0x0000000000000000 x25=0x00000000000e1000 x26=0x0000000122599018 x27=0x0000000000000000
x28=0x000000013402e000  fp=0x0000000177c523b0  lr=0x00000001357bcffc  sp=0x0000000177c523a0
pc=0x0000000185691808 cpsr=0x0000000020001000

Register to memory mapping:

x0 =0x00000000000000a2 is an unknown value
x1 =0x00000001f44b1b8d points into unknown readable memory: 75 6e 6c
x2 =0x0 is null
x3 =0x0 is null
x4 =0x0 is null
x5 =0x00000000000000a0 is an unknown value
x6 =0x0 is null
x7 =0x000000003b9ac28c is an unknown value
x8 =0x2eb4f8ed97c60042 is an unknown value
x9 =0x2eb4f8ed97c60042 is an unknown value
x10=0x000060000061cde4 points into unknown readable memory: 00 00 00 00
x11=0x000060000061cde8 points into unknown readable memory: 0x0000000000000000 | 00 00 00 00 00 00 00 00
x12=0x0000000000000100 is an unknown value
x13=0x0 is null
x14=0x0 is null
x15=0x0 is null
x16=0x0000000185691800: objc_msgSend+0 in /usr/lib/libobjc.A.dylib at 0x0000000185688000
x17=0x0 is null
x18=0x0 is null
x19=0x00006000032587c0 points into unknown readable memory: 0x000067306b6b87c0 | c0 87 6b 6b 30 67 00 00
x20=0x0 is null
x21=0x0000600002686f70 points into unknown readable memory: 0x00000001357c8500 | 00 85 7c 35 01 00 00 00
x22=0x000000012258999b is pointing into metadata
x23=0x00000000000e0ffe is an unknown value
x24=0x0 is null
x25=0x00000000000e1000 is an unknown value
x26=0x0000000122599018 is pointing into metadata
x27=0x0 is null
x28=0x000000013402e000 is a thread
 fp=0x0000000177c523b0 is pointing into the stack for thread: 0x000000013402e000
 lr=0x00000001357bcffc: _ZN2cv17AVIWriteContainer12jflushStreamEji+0x2cac in /Users/rayen/.javacpp/cache/opencv-4.7.0-1.5.9-macosx-arm64.jar/org/bytedeco/opencv/macosx-arm64/libopencv_videoio.407.dylib at 0x000000013578c000
 sp=0x0000000177c523a0 is pointing into the stack for thread: 0x000000013402e000

Top of Stack: (sp=0x0000000177c523a0)
0x0000000177c523a0:   0000600000836440 00006000026392c0   @d...`....c..`..
0x0000000177c523b0:   0000000177c523e0 00000001357bc838   .#.w....8.{5....
0x0000000177c523c0:   000000012258999b 0000600002686f70   ..X"....poh..`..
0x0000000177c523d0:   0000000177c52490 0000600002686f70   .$.w....poh..`..
0x0000000177c523e0:   0000000177c523f0 000000013579be2c   .#.w....,.y5....
0x0000000177c523f0:   0000000177c52400 00000001357bed98   .$.w......{5....
0x0000000177c52400:   0000000177c52450 000000013579f530   P$.w....0.y5....
0x0000000177c52410:   0000000177c52480 00000001352a6348   .$.w....Hc*5....
0x0000000177c52420:   0000000000000000 00000000000e0ffe   ................
0x0000000177c52430:   0000000000000000 0000600000000000   .............`..
0x0000000177c52440:   0000000177c52490 000000013402e3c8   .$.w.......4....
0x0000000177c52450:   0000000177c52480 00000001352a6fc4   .$.w.....o*5....
0x0000000177c52460:   000000012258999b 0000000103fcf2e0   ..X"............
0x0000000177c52470:   0000000177c52538 0000000177c524f0   8%.w.....$.w....
0x0000000177c52480:   0000000177c524e0 0000000114660358   .$.w....X.f.....
0x0000000177c52490:   0000000789c33618 0000000789c33648   .6......H6......
0x0000000177c524a0:   0000000177c525a8 00000000000e0ffe   .%.w............
0x0000000177c524b0:   2eb4f8ed97c60042 0000000103fcf2e0   B...............
0x0000000177c524c0:   000000013402e000 0000000000000000   ...4............
0x0000000177c524d0:   0000000121d9fdf0 00000000000e1000   ...!............
0x0000000177c524e0:   0000000177c52590 00000001140707d0   .%.w............
0x0000000177c524f0:   0000000121d94ae4 0000000103fcf2e0   .J.!............
0x0000000177c52500:   0000000177c525b0 0000000177c52540   .%.w....@%.w....
0x0000000177c52510:   0000000177c52600 0000000114072768   .&.w....h'......
0x0000000177c52520:   0000000114072768 0000000121d94d08   h'.......M.!....
0x0000000177c52530:   0000000789c33648 0000000789c33618   H6.......6......
0x0000000177c52540:   fffffffffffffff6 000000012258999b   ..........X"....
0x0000000177c52550:   0000000000000003 0000000122599018   ..........Y"....
0x0000000177c52560:   00000007ff7f8688 ffffffffffffffec   ................
0x0000000177c52570:   0000000000000000 0000000122589aa0   ..........X"....
0x0000000177c52580:   fffffffffffffff5 0000000177c52530   ........0%.w....
0x0000000177c52590:   0000000177c52600 00000001140706e0   .&.w............

Instructions: (pc=0x0000000185691808)
  0x0000000185691708:   1f 20 03 d5 1f 20 03 d5 1f 20 03 d5 1f 20 03 d5
  0x0000000185691718:   1f 20 03 d5 1f 20 03 d5 1f 20 03 d5 1f 20 03 d5
  0x0000000185691728:   1f 20 03 d5 1f 20 03 d5 1f 20 03 d5 1f 20 03 d5
  0x0000000185691738:   1f 20 03 d5 1f 20 03 d5 1f 20 03 d5 1f 20 03 d5
  0x0000000185691748:   1f 20 03 d5 1f 20 03 d5 1f 20 03 d5 1f 20 03 d5
  0x0000000185691758:   1f 20 03 d5 1f 20 03 d5 1f 20 03 d5 1f 20 03 d5
  0x0000000185691768:   1f 20 03 d5 1f 20 03 d5 1f 20 03 d5 1f 20 03 d5
  0x0000000185691778:   1f 20 03 d5 1f 20 03 d5 1f 20 03 d5 1f 20 03 d5
  0x0000000185691788:   1f 20 03 d5 1f 20 03 d5 1f 20 03 d5 1f 20 03 d5
  0x0000000185691798:   1f 20 03 d5 1f 20 03 d5 1f 20 03 d5 1f 20 03 d5
  0x00000001856917a8:   1f 20 03 d5 1f 20 03 d5 1f 20 03 d5 1f 20 03 d5
  0x00000001856917b8:   1f 20 03 d5 1f 20 03 d5 1f 20 03 d5 1f 20 03 d5
  0x00000001856917c8:   1f 20 03 d5 1f 20 03 d5 1f 20 03 d5 1f 20 03 d5
  0x00000001856917d8:   1f 20 03 d5 1f 20 03 d5 1f 20 03 d5 1f 20 03 d5
  0x00000001856917e8:   1f 20 03 d5 1f 20 03 d5 1f 20 03 d5 1f 20 03 d5
  0x00000001856917f8:   1f 20 03 d5 1f 20 03 d5 1f 00 00 f1 cd 03 00 54
=>0x0000000185691808:   0e 00 40 f9 d0 cd 7d 92 ea 03 00 aa 2a 5c ed f2
  0x0000000185691818:   50 19 c1 da ef 03 10 aa 0a 0a 40 f9 4b fd 70 d3
  0x0000000185691828:   4a bd 40 92 2c 00 0b 0a 4d 11 0c 8b b1 25 ff a8
  0x0000000185691838:   3f 01 01 eb 81 00 00 54 4a 01 01 ca 4a 01 10 ca
  0x0000000185691848:   2a 0e 1f d7 a9 17 00 b4 bf 01 0a eb 02 ff ff 54
  0x0000000185691858:   4d 51 2b 8b 4c 11 0c 8b b1 25 ff a8 3f 01 01 eb
  0x0000000185691868:   c0 fe ff 54 3f 01 00 f1 a0 11 4c fa 68 ff ff 54
  0x0000000185691878:   b2 00 00 14 a0 01 00 54 0a 08 40 92 0b fc 77 93
  0x0000000185691888:   5f 1d 00 f1 6c 01 8a 9a 6a 58 32 f0 4a 81 2f 91
  0x0000000185691898:   4a 0d 0c 8b 4e 01 40 f9 f0 03 0e aa aa f3 f1 f2
  0x00000001856918a8:   50 1d c1 da dc ff ff 17 01 00 80 d2 00 e4 00 2f
  0x00000001856918b8:   01 e4 00 2f 02 e4 00 2f 03 e4 00 2f c0 03 5f d6
  0x00000001856918c8:   1f 20 03 d5 1f 20 03 d5 1f 20 03 d5 1f 20 03 d5
  0x00000001856918d8:   1f 20 03 d5 1f 20 03 d5 1f 00 00 f1 ad 04 00 54
  0x00000001856918e8:   0d 00 40 f9 b0 cd 7d 92 ea 03 00 aa 2a 5c ed f2
  0x00000001856918f8:   50 19 c1 da ef 03 10 aa 0a 0a 40 f9 4b fd 70 d3


Stack slot to memory mapping:

stack at sp + 0 slots: 0x0000600000836440 points into unknown readable memory: 0x0000673068cd6440 | 40 64 cd 68 30 67 00 00
stack at sp + 1 slots: 0x00006000026392c0 points into unknown readable memory: 0x01000001ea1c3869 | 69 38 1c ea 01 00 00 01
stack at sp + 2 slots: 0x0000000177c523e0 is pointing into the stack for thread: 0x000000013402e000
stack at sp + 3 slots: 0x00000001357bc838: _ZN2cv17AVIWriteContainer12jflushStreamEji+0x24e8 in /Users/rayen/.javacpp/cache/opencv-4.7.0-1.5.9-macosx-arm64.jar/org/bytedeco/opencv/macosx-arm64/libopencv_videoio.407.dylib at 0x000000013578c000
stack at sp + 4 slots: 0x000000012258999b is pointing into metadata
stack at sp + 5 slots: 0x0000600002686f70 points into unknown readable memory: 0x00000001357c8500 | 00 85 7c 35 01 00 00 00
stack at sp + 6 slots: 0x0000000177c52490 is pointing into the stack for thread: 0x000000013402e000
stack at sp + 7 slots: 0x0000600002686f70 points into unknown readable memory: 0x00000001357c8500 | 00 85 7c 35 01 00 00 00

Lock stack of current Java thread (top to bottom):


Compiled method (n/a) 381883 11233     n 0       org.bytedeco.opencv.opencv_videoio.VideoCapture::grab (native)
 total in heap  [0x00000001146601c8,0x0000000114660408] = 576
 relocation     [0x00000001146602a0,0x00000001146602b0] = 16
 main code      [0x00000001146602c0,0x00000001146603fc] = 316
 stub code      [0x00000001146603fc,0x0000000114660400] = 4
 oops           [0x0000000114660400,0x0000000114660408] = 8

[Constant Pool (empty)]

[MachCode]
[Entry Point]
  # {method} {0x000000012245a490} 'grab' '()Z' in 'org/bytedeco/opencv/opencv_videoio/VideoCapture'
  #           [sp+0x60]  (sp of caller)
  0x00000001146602c0: 1f20 03d5 | 2808 40b9 | 2a09 40b9 | 1f01 0a6b | 4000 0054 

  0x00000001146602d4: ;   {runtime_call Shared Runtime ic_miss_blob}
  0x00000001146602d4: fb1b e917 
[Verified Entry Point]
  0x00000001146602d8: 1f20 03d5 | e953 40d1 | 3f01 00f9 | fd7b bfa9 | fd03 0091 | ff43 01d1 | 2801 0018 | 8923 40b9 
  0x00000001146602f8: 1f01 09eb | e000 0054 

  0x0000000114660300: ;   {runtime_call StubRoutines (final stubs)}
  0x0000000114660300: 0800 81d2 | 6881 a2f2 | 2800 c0f2 | 0001 3fd6 | 0200 0014 | 0b00 0000 | e103 00f9 | 3f00 1feb 
  0x0000000114660320: e103 00d1 | e103 819a | 0800 0010 | 88db 01f9 | e803 0091 | 88d7 01f9 | 8023 0f91 | e803 7eb2 
  0x0000000114660340: 8953 1191 | 28fd 9f88 

  0x0000000114660348: ;   {runtime_call Java_org_bytedeco_opencv_opencv_1videoio_VideoCapture_grab}
  0x0000000114660348: 08ec 8dd2 | 48a5 a6f2 | 2800 c0f2 | 0001 3fd6 | 1f1c 40f2 | e007 9f9a | a800 80d2 | 8857 04b9 
  0x0000000114660368: bf3b 03d5 | 8817 40f9 | bf03 08eb | 4803 0054 | 8853 44b9 | 0803 0035 | e803 7db2 | 8953 1191 
  0x0000000114660388: 28fd 9f88 | 8843 5339 | 1f09 0071 | 6001 0054 | 9fd7 01f9 | 9fdb 01f9 | 821f 42f9 | 5f80 00f9 
  0x00000001146603a8: bf03 0091 | fd7b c1a8 | 8807 40f9 | 4800 00b5 | c003 5fd6 

  0x00000001146603bc: ;   {runtime_call StubRoutines (initial stubs)}
  0x00000001146603bc: 212f e817 | a083 1ff8 

  0x00000001146603c4: ;   {runtime_call SharedRuntime::reguard_yellow_pages()}
  0x00000001146603c4: 888e 80d2 | 2878 a0f2 | 2800 c0f2 | 0001 3fd6 | a083 5ff8 | f0ff ff17 | a083 1ff8 | e003 1caa 
  0x00000001146603e4: ;   {runtime_call JavaThread::check_special_condition_for_native_trans(JavaThread*)}
  0x00000001146603e4: 88e2 86d2 | c86f a0f2 | 2800 c0f2 | 0001 3fd6 | a083 5ff8 | e2ff ff17 
[Stub Code]
  0x00000001146603fc: 0000 0000 
[/MachCode]


Compiled method (c1) 381886 6763       3       java.util.concurrent.Executors$RunnableAdapter::call (14 bytes)
 total in heap  [0x000000010d858f48,0x000000010d8592c0] = 888
 relocation     [0x000000010d859020,0x000000010d859060] = 64
 main code      [0x000000010d859080,0x000000010d859260] = 480
 stub code      [0x000000010d859260,0x000000010d8592a8] = 72
 metadata       [0x000000010d8592a8,0x000000010d8592c0] = 24
 immutable data [0x0000600001a1d8c0,0x0000600001a1d948] = 136
 dependencies   [0x0000600001a1d8c0,0x0000600001a1d8c8] = 8
 nul chk table  [0x0000600001a1d8c8,0x0000600001a1d8d8] = 16
 scopes pcs     [0x0000600001a1d8d8,0x0000600001a1d928] = 80
 scopes data    [0x0000600001a1d928,0x0000600001a1d948] = 32

[Constant Pool (empty)]

[MachCode]
[Instructions begin]
  0x000000010d859080: 1f20 03d5 | 1f20 03d5 | 1f20 03d5 | 1f20 03d5 | 1f20 03d5 | 1f20 03d5 | 1f20 03d5 | 1f20 03d5 
  0x000000010d8590a0: 1f20 03d5 | 1f20 03d5 | 1f20 03d5 
[Entry Point]
  # {method} {0x0000000120185170} 'call' '()Ljava/lang/Object;' in 'java/util/concurrent/Executors$RunnableAdapter'
  #           [sp+0x30]  (sp of caller)
  0x000000010d8590ac: 2808 40b9 | 2a09 40b9 | 1f01 0a6b | 4000 0054 

  0x000000010d8590bc: ;   {runtime_call Shared Runtime ic_miss_blob}
  0x000000010d8590bc: 8138 a115 
[Verified Entry Point]
  0x000000010d8590c0: 1f20 03d5 | e953 40d1 | 3f01 00f9 | ffc3 00d1 | fd7b 02a9 | 2801 0018 | 8923 40b9 | 1f01 09eb 
  0x000000010d8590e0: e000 0054 

  0x000000010d8590e4: ;   {runtime_call StubRoutines (final stubs)}
  0x000000010d8590e4: 0800 81d2 | 6881 a2f2 | 2800 c0f2 | 0001 3fd6 | 0200 0014 | 0b00 0000 

  0x000000010d8590fc: ;   {metadata(method data for {method} {0x0000000120185170} 'call' '()Ljava/lang/Object;' in 'java/util/concurrent/Executors$RunnableAdapter')}
  0x000000010d8590fc: 0021 9bd2 | e027 a4f2 | 2000 c0f2 | 02ac 40b9 | 4208 0011 | 02ac 00b9 | 4224 1f12 | 5f00 0071 
  0x000000010d85911c: e007 0054 | 200c 40b9 | 00f0 7dd3 

  0x000000010d859128: ; implicit exception: dispatches to 0x000000010d859238
  0x000000010d859128: 1f00 40f9 | e203 00aa 

  0x000000010d859130: ;   {metadata(method data for {method} {0x0000000120185170} 'call' '()Ljava/lang/Object;' in 'java/util/concurrent/Executors$RunnableAdapter')}
  0x000000010d859130: 0321 9bd2 | e327 a4f2 | 2300 c0f2 | 4208 40b9 | 4214 59d2 | 69e0 0391 | 2801 40f9 | 5f00 08eb 
  0x000000010d859150: a100 0054 | 6880 40f9 | 0805 0091 | 6880 00f9 | 1c00 0014 | 6920 0491 | 2801 40f9 | 5f00 08eb 
  0x000000010d859170: a100 0054 | 6888 40f9 | 0805 0091 | 6888 00f9 | 1400 0014 | 69e0 0391 | 2801 40f9 | c800 00b5 
  0x000000010d859190: 2201 00f9 | e803 40b2 | 6900 0491 | 2801 00f9 | 0c00 0014 | 6920 0491 | 2801 40f9 | c800 00b5 
  0x000000010d8591b0: 2201 00f9 | e803 40b2 | 6940 0491 | 2801 00f9 | 0400 0014 | 6878 40f9 | 0805 0091 | 6878 00f9 
  0x000000010d8591d0: e10b 00f9 | e103 00aa | 0976 9dd2 | 094f a0f2 | 0900 ccf2 

  0x000000010d8591e4: ; ImmutableOopMap {[16]=Oop }
                      ;*invokeinterface run {reexecute=0 rethrow=0 return_oop=0}
                      ; - java.util.concurrent.Executors$RunnableAdapter::call@4 (line 545)
                      ;   {virtual_call}
  0x000000010d8591e4: 8db6 a495 

  0x000000010d8591e8: ;   {post_call_nop}
  0x000000010d8591e8: 1f20 03d5 | 1f54 80f2 | 1f00 80f2 | e10b 40f9 | 2010 40b9 | 00f0 7dd3 | fd7b 42a9 | ffc3 0091 
  0x000000010d859208: ;   {poll_return}
  0x000000010d859208: 8817 40f9 | ff63 28eb | 6801 0054 | c003 5fd6 

  0x000000010d859218: ;   {metadata({method} {0x0000000120185170} 'call' '()Ljava/lang/Object;' in 'java/util/concurrent/Executors$RunnableAdapter')}
  0x000000010d859218: 082e 8ad2 | 0803 a4f2 | 2800 c0f2 | e807 00f9 | 0800 8092 | e803 00f9 

  0x000000010d859230: ; ImmutableOopMap {c_rarg1=Oop }
                      ;*synchronization entry
                      ; - java.util.concurrent.Executors$RunnableAdapter::call@-1 (line 545)
                      ;   {runtime_call C1 Runtime counter_overflow_blob}
  0x000000010d859230: 4481 a495 | bbff ff17 

  0x000000010d859238: ; ImmutableOopMap {c_rarg1=Oop c_rarg0=Oop }
                      ;*invokeinterface run {reexecute=0 rethrow=0 return_oop=0}
                      ; - java.util.concurrent.Executors$RunnableAdapter::call@4 (line 545)
                      ;   {runtime_call C1 Runtime throw_null_pointer_exception_blob}
  0x000000010d859238: 6274 a495 

  0x000000010d85923c: ;   {internal_word}
  0x000000010d85923c: 68fe ff10 | 8833 02f9 

  0x000000010d859244: ;   {runtime_call SafepointBlob}
  0x000000010d859244: 0f52 a115 | 8087 42f9 | 9f87 02f9 | 9f8b 02f9 | fd7b 42a9 | ffc3 0091 

  0x000000010d85925c: ;   {runtime_call C1 Runtime unwind_exception_blob}
  0x000000010d85925c: 9971 a415 
[Stub Code]
  0x000000010d859260: ;   {no_reloc}
  0x000000010d859260: df3f 03d5 

  0x000000010d859264: ;   {metadata(nullptr)}
  0x000000010d859264: 0c00 80d2 | 0c00 a0f2 | 0c00 c0f2 | 0800 80d2 | 0800 a0f2 | 0800 c0f2 | 0001 1fd6 

  0x000000010d859280: ;   {trampoline_stub}
  0x000000010d859280: 4800 0058 | 0001 1fd6 | 186c 1814 | 0100 0000 
[Exception Handler]
  0x000000010d859290: ;   {runtime_call C1 Runtime handle_exception_from_callee_blob}
  0x000000010d859290: ac78 a495 | c1d5 bbd4 | c9de e203 | 0100 0000 
[Deopt Handler Code]
  0x000000010d8592a0: 1e00 0010 

  0x000000010d8592a4: ;   {runtime_call DeoptimizationBlob}
  0x000000010d8592a4: 7752 a115 
[/MachCode]


Compiled method (c1) 381889 6762   !   3       java.util.concurrent.FutureTask::runAndReset (125 bytes)
 total in heap  [0x000000010d856a08,0x000000010d858f08] = 9472
 relocation     [0x000000010d856ae0,0x000000010d856e08] = 808
 main code      [0x000000010d856e40,0x000000010d858bb8] = 7544
 stub code      [0x000000010d858bb8,0x000000010d858db0] = 504
 oops           [0x000000010d858db0,0x000000010d858de8] = 56
 metadata       [0x000000010d858de8,0x000000010d858f08] = 288
 immutable data [0x000000013000ec00,0x000000013000f2e8] = 1768
 dependencies   [0x000000013000ec00,0x000000013000ec20] = 32
 nul chk table  [0x000000013000ec20,0x000000013000ec40] = 32
 handler table  [0x000000013000ec40,0x000000013000ed00] = 192
 scopes pcs     [0x000000013000ed00,0x000000013000efb0] = 688
 scopes data    [0x000000013000efb0,0x000000013000f2e8] = 824

[Constant Pool (empty)]

[MachCode]
[Instructions begin]
  0x000000010d856e40: 1f20 03d5 | 1f20 03d5 | 1f20 03d5 | 1f20 03d5 | 1f20 03d5 | 1f20 03d5 | 1f20 03d5 | 1f20 03d5 
  0x000000010d856e60: 1f20 03d5 | 1f20 03d5 | 1f20 03d5 
[Entry Point]
  # {method} {0x0000000120182310} 'runAndReset' '()Z' in 'java/util/concurrent/FutureTask'
  #           [sp+0x120]  (sp of caller)
  0x000000010d856e6c: 2808 40b9 | 2a09 40b9 | 1f01 0a6b | 4000 0054 

  0x000000010d856e7c: ;   {runtime_call Shared Runtime ic_miss_blob}
  0x000000010d856e7c: 1141 a115 
[Verified Entry Point]
  0x000000010d856e80: 1f20 03d5 | e953 40d1 | 3f01 00f9 | ff83 04d1 | fd7b 11a9 | 2801 0018 | 8923 40b9 | 1f01 09eb 
  0x000000010d856ea0: e000 0054 

  0x000000010d856ea4: ;   {runtime_call StubRoutines (final stubs)}
  0x000000010d856ea4: 0800 81d2 | 6881 a2f2 | 2800 c0f2 | 0001 3fd6 | 0200 0014 | 0b00 0000 | e167 00f9 

  0x000000010d856ec0: ;   {metadata(method data for {method} {0x0000000120182310} 'runAndReset' '()Z' in 'java/util/concurrent/FutureTask')}
  0x000000010d856ec0: 006c 99d2 | e027 a4f2 | 2000 c0f2 | 02ac 40b9 | 4208 0011 | 02ac 00b9 | 4224 1f12 | 5f00 0071 
  0x000000010d856ee0: c0ce 0054 | bf3b 03d5 | 200c 40b9 | bf39 03d5 | 1f00 0071 

  0x000000010d856ef4: ;   {metadata(method data for {method} {0x0000000120182310} 'runAndReset' '()Z' in 'java/util/concurrent/FutureTask')}
  0x000000010d856ef4: 006c 99d2 | e027 a4f2 | 2000 c0f2 | e80f 7cb2 | e903 78b2 | 0211 899a | 0368 62f8 | 6304 0091 
  0x000000010d856f14: 0368 22f8 | 21c0 0054 

  0x000000010d856f1c: ;   {metadata(method data for {method} {0x0000000120182310} 'runAndReset' '()Z' in 'java/util/concurrent/FutureTask')}
  0x000000010d856f1c: 006c 99d2 | e027 a4f2 | 2000 c0f2 | 0888 40f9 | 0805 0091 | 0888 00f9 | 80cb 41f9 | 0500 40f9 
  0x000000010d856f3c: ;   {metadata(method data for {method} {0x0000000120182310} 'runAndReset' '()Z' in 'java/util/concurrent/FutureTask')}
  0x000000010d856f3c: 006c 99d2 | e027 a4f2 | 2000 c0f2 | 0040 0591 | e203 01aa | 4208 40b9 | 4214 59d2 | 0904 40f9 
  0x000000010d856f5c: 4200 09ca | 48f4 7e92 | 0802 00b4 | e201 0837 | a901 00b4 | 3f05 00f1 | 6001 0054 | bf39 03d5 
  0x000000010d856f7c: 4200 09ca | 0904 40f9 | 4200 09ca | 48f4 7e92 | c800 00b4 | 0904 40f9 | 2901 7fb2 | 0904 00f9 
  0x000000010d856f9c: 0200 0014 | 0204 00f9 

  0x000000010d856fa4: ;   {metadata(method data for {method} {0x0000000120182310} 'runAndReset' '()Z' in 'java/util/concurrent/FutureTask')}
  0x000000010d856fa4: 006c 99d2 | e027 a4f2 | 2000 c0f2 | 0890 40f9 | 0805 0091 | 0890 00f9 

  0x000000010d856fbc: ;   {metadata(method data for {method} {0x00001f8000277878} 'guard_LLL_Z' '(Ljava/lang/invoke/VarHandle;Ljava/lang/Object;Ljava/lang/Object;Ljava/lang/Object;Ljava/lang/invoke/VarHandle$AccessDescriptor;)Z' in 'java/lang/invoke/VarHandleGuards')}
  0x000000010d856fbc: 0046 88d2 | 4027 a4f2 | 2000 c0f2 | 02ac 40b9 | 4208 0011 | 02ac 00b9 | 424c 1f12 | 5f00 0071 
  0x000000010d856fdc: e0c7 0054 

  0x000000010d856fe0: ;   {oop(a 'java/lang/invoke/VarHandleReferences$FieldInstanceReadWrite'{0x000000078079af98})}
  0x000000010d856fe0: 00f3 95d2 | 200f b0f2 | e000 c0f2 

  0x000000010d856fec: ;   {metadata(method data for {method} {0x00001f8000277878} 'guard_LLL_Z' '(Ljava/lang/invoke/VarHandle;Ljava/lang/Object;Ljava/lang/Object;Ljava/lang/Object;Ljava/lang/invoke/VarHandle$AccessDescriptor;)Z' in 'java/lang/invoke/VarHandleGuards')}
  0x000000010d856fec: 0246 88d2 | 4227 a4f2 | 2200 c0f2 | 0008 40b9 | 0014 59d2 | 49e0 0391 | 2801 40f9 | 1f00 08eb 
  0x000000010d85700c: a100 0054 | 4880 40f9 | 0805 0091 | 4880 00f9 | 1c00 0014 | 4920 0491 | 2801 40f9 | 1f00 08eb 
  0x000000010d85702c: a100 0054 | 4888 40f9 | 0805 0091 | 4888 00f9 | 1400 0014 | 49e0 0391 | 2801 40f9 | c800 00b5 
  0x000000010d85704c: 2001 00f9 | e803 40b2 | 4900 0491 | 2801 00f9 | 0c00 0014 | 4920 0491 | 2801 40f9 | c800 00b5 
  0x000000010d85706c: 2001 00f9 | e803 40b2 | 4940 0491 | 2801 00f9 | 0400 0014 | 4878 40f9 | 0805 0091 | 4878 00f9 
  0x000000010d85708c: ;   {metadata(method data for {method} {0x00001f80001eef80} 'checkAccessModeThenIsDirect' '(Ljava/lang/invoke/VarHandle$AccessDescriptor;)Z' in 'java/lang/invoke/VarHandle')}
  0x000000010d85708c: 007f 9bd2 | a000 a4f2 | 2000 c0f2 | 02ac 40b9 | 4208 0011 | 02ac 00b9 | 424c 1f12 | 5f00 0071 
  0x000000010d8570ac: 60c2 0054 

  0x000000010d8570b0: ;   {metadata(method data for {method} {0x00001f80001eef80} 'checkAccessModeThenIsDirect' '(Ljava/lang/invoke/VarHandle$AccessDescriptor;)Z' in 'java/lang/invoke/VarHandle')}
  0x000000010d8570b0: 007f 9bd2 | a000 a4f2 | 2000 c0f2 | 0278 40f9 | 4204 0091 | 0278 00f9 

  0x000000010d8570c8: ;   {metadata(method data for {method} {0x00001f8000277878} 'guard_LLL_Z' '(Ljava/lang/invoke/VarHandle;Ljava/lang/Object;Ljava/lang/Object;Ljava/lang/Object;Ljava/lang/invoke/VarHandle$AccessDescriptor;)Z' in 'java/lang/invoke/VarHandleGuards')}
  0x000000010d8570c8: 0046 88d2 | 4027 a4f2 | 2000 c0f2 | 02a4 40f9 | 4204 0091 | 02a4 00f9 

  0x000000010d8570e0: ;   {metadata(method data for {method} {0x00001f8000277878} 'guard_LLL_Z' '(Ljava/lang/invoke/VarHandle;Ljava/lang/Object;Ljava/lang/Object;Ljava/lang/Object;Ljava/lang/invoke/VarHandle$AccessDescriptor;)Z' in 'java/lang/invoke/VarHandleGuards')}
  0x000000010d8570e0: 0046 88d2 | 4027 a4f2 | 2000 c0f2 | 02b4 40f9 | 4204 0091 | 02b4 00f9 

  0x000000010d8570f8: ;   {oop(a 'java/lang/invoke/VarForm'{0x0000000780b329f8})}
  0x000000010d8570f8: 003f 85d2 | 6016 b0f2 | e000 c0f2 

  0x000000010d857104: ;   {metadata(method data for {method} {0x00001f8000277878} 'guard_LLL_Z' '(Ljava/lang/invoke/VarHandle;Ljava/lang/Object;Ljava/lang/Object;Ljava/lang/Object;Ljava/lang/invoke/VarHandle$AccessDescriptor;)Z' in 'java/lang/invoke/VarHandleGuards')}
  0x000000010d857104: 0246 88d2 | 4227 a4f2 | 2200 c0f2 | 0008 40b9 | 0014 59d2 | 4900 0691 | 2801 40f9 | 1f00 08eb 
  0x000000010d857124: a100 0054 | 48c4 40f9 | 0805 0091 | 48c4 00f9 | 1c00 0014 | 4940 0691 | 2801 40f9 | 1f00 08eb 
  0x000000010d857144: a100 0054 | 48cc 40f9 | 0805 0091 | 48cc 00f9 | 1400 0014 | 4900 0691 | 2801 40f9 | c800 00b5 
  0x000000010d857164: 2001 00f9 | e803 40b2 | 4920 0691 | 2801 00f9 | 0c00 0014 | 4940 0691 | 2801 40f9 | c800 00b5 
  0x000000010d857184: 2001 00f9 | e803 40b2 | 4960 0691 | 2801 00f9 | 0400 0014 | 48bc 40f9 | 0805 0091 | 48bc 00f9 
  0x000000010d8571a4: ;   {metadata(method data for {method} {0x00001f8000277358} 'getMemberName' '(I)Ljava/lang/invoke/MemberName;' in 'java/lang/invoke/VarForm')}
  0x000000010d8571a4: 0055 9cd2 | a000 a4f2 | 2000 c0f2 | 02ac 40b9 | 4208 0011 | 02ac 00b9 | 424c 1f12 | 5f00 0071 
  0x000000010d8571c4: a0ba 0054 

  0x000000010d8571c8: ;   {metadata(method data for {method} {0x00001f8000277358} 'getMemberName' '(I)Ljava/lang/invoke/MemberName;' in 'java/lang/invoke/VarForm')}
  0x000000010d8571c8: 0055 9cd2 | a000 a4f2 | 2000 c0f2 | 0278 40f9 | 4204 0091 | 0278 00f9 

  0x000000010d8571e0: ;   {metadata(method data for {method} {0x00001f8000277878} 'guard_LLL_Z' '(Ljava/lang/invoke/VarHandle;Ljava/lang/Object;Ljava/lang/Object;Ljava/lang/Object;Ljava/lang/invoke/VarHandle$AccessDescriptor;)Z' in 'java/lang/invoke/VarHandleGuards')}
  0x000000010d8571e0: 0046 88d2 | 4027 a4f2 | 2000 c0f2 | 08dc 40f9 | 0805 0091 | 08dc 00f9 

  0x000000010d8571f8: ;   {metadata(method data for {method} {0x00001f8000367fb0} 'compareAndSet' '(Ljava/lang/invoke/VarHandle;Ljava/lang/Object;Ljava/lang/Object;Ljava/lang/Object;)Z' in 'java/lang/invoke/VarHandleReferences$FieldInstanceReadWrite')}
  0x000000010d8571f8: 00dc 88d2 | 4027 a4f2 | 2000 c0f2 | 02ac 40b9 | 4208 0011 | 02ac 00b9 | 424c 1f12 | 5f00 0071 
  0x000000010d857218: 00b9 0054 

  0x000000010d85721c: ;   {oop(a 'java/lang/Class'{0x00000007807a3c10} = 'java/util/concurrent/FutureTask')}
  0x000000010d85721c: 0082 87d2 | 400f b0f2 | e000 c0f2 

  0x000000010d857228: ;   {metadata(method data for {method} {0x00001f8000367fb0} 'compareAndSet' '(Ljava/lang/invoke/VarHandle;Ljava/lang/Object;Ljava/lang/Object;Ljava/lang/Object;)Z' in 'java/lang/invoke/VarHandleReferences$FieldInstanceReadWrite')}
  0x000000010d857228: 02dc 88d2 | 4227 a4f2 | 2200 c0f2 | 0008 40b9 | 0014 59d2 | 49a0 0491 | 2801 40f9 | 1f00 08eb 
  0x000000010d857248: a100 0054 | 4898 40f9 | 0805 0091 | 4898 00f9 | 1c00 0014 | 49e0 0491 | 2801 40f9 | 1f00 08eb 
  0x000000010d857268: a100 0054 | 48a0 40f9 | 0805 0091 | 48a0 00f9 | 1400 0014 | 49a0 0491 | 2801 40f9 | c800 00b5 
  0x000000010d857288: 2001 00f9 | e803 40b2 | 49c0 0491 | 2801 00f9 | 0c00 0014 | 49e0 0491 | 2801 40f9 | c800 00b5 
  0x000000010d8572a8: 2001 00f9 | e803 40b2 | 4900 0591 | 2801 00f9 | 0400 0014 | 4890 40f9 | 0805 0091 | 4890 00f9 
  0x000000010d8572c8: ;   {metadata(method data for {method} {0x00001f800017a0d8} 'cast' '(Ljava/lang/Object;)Ljava/lang/Object;' in 'java/lang/Class')}
  0x000000010d8572c8: 0094 9dd2 | 2001 a4f2 | 2000 c0f2 | 02ac 40b9 | 4208 0011 | 02ac 00b9 | 424c 1f12 | 5f00 0071 
  0x000000010d8572e8: 80b3 0054 

  0x000000010d8572ec: ;   {metadata(method data for {method} {0x00001f800017a0d8} 'cast' '(Ljava/lang/Object;)Ljava/lang/Object;' in 'java/lang/Class')}
  0x000000010d8572ec: 0094 9dd2 | 2001 a4f2 | 2000 c0f2 | 0280 40f9 | 4204 0091 | 0280 00f9 

  0x000000010d857304: ;   {oop(a 'java/lang/Class'{0x00000007807a3c10} = 'java/util/concurrent/FutureTask')}
  0x000000010d857304: 0082 87d2 | 400f b0f2 | e000 c0f2 

  0x000000010d857310: ;   {metadata(method data for {method} {0x00001f800017a0d8} 'cast' '(Ljava/lang/Object;)Ljava/lang/Object;' in 'java/lang/Class')}
  0x000000010d857310: 0294 9dd2 | 2201 a4f2 | 2200 c0f2 | 0008 40b9 | 0014 59d2 | 4960 0491 | 2801 40f9 | 1f00 08eb 
  0x000000010d857330: a100 0054 | 4890 40f9 | 0805 0091 | 4890 00f9 | 1c00 0014 | 49a0 0491 | 2801 40f9 | 1f00 08eb 
  0x000000010d857350: a100 0054 | 4898 40f9 | 0805 0091 | 4898 00f9 | 1400 0014 | 4960 0491 | 2801 40f9 | c800 00b5 
  0x000000010d857370: 2001 00f9 | e803 40b2 | 4980 0491 | 2801 00f9 | 0c00 0014 | 49a0 0491 | 2801 40f9 | c800 00b5 
  0x000000010d857390: 2001 00f9 | e803 40b2 | 49c0 0491 | 2801 00f9 | 0400 0014 | 4888 40f9 | 0805 0091 | 4888 00f9 
  0x000000010d8573b0: 4101 00b4 

  0x000000010d8573b4: ;   {metadata('java/util/concurrent/FutureTask')}
  0x000000010d8573b4: 030b 9ad2 | a320 a0f2 | 03f0 c3f2 | 2408 40b9 | 8414 59d2 | 881c 40f9 | 7f00 08eb | 4100 0054 
  0x000000010d8573d4: 0300 0014 | e003 1faa | 0200 0014 | e003 40b2 | 1f00 0071 

  0x000000010d8573e8: ;   {metadata(method data for {method} {0x00001f800017a0d8} 'cast' '(Ljava/lang/Object;)Ljava/lang/Object;' in 'java/lang/Class')}
  0x000000010d8573e8: 0094 9dd2 | 2001 a4f2 | 2000 c0f2 | 082a 80d2 | 0928 80d2 | 0201 899a | 0368 62f8 | 6304 0091 
  0x000000010d857408: 0368 22f8 | 609f 0054 

  0x000000010d857410: ;   {metadata(method data for {method} {0x00001f8000367fb0} 'compareAndSet' '(Ljava/lang/invoke/VarHandle;Ljava/lang/Object;Ljava/lang/Object;Ljava/lang/Object;)Z' in 'java/lang/invoke/VarHandleReferences$FieldInstanceReadWrite')}
  0x000000010d857410: 00dc 88d2 | 4027 a4f2 | 2000 c0f2 | 08a8 40f9 | 0805 0091 | 08a8 00f9 

  0x000000010d857428: ;   {metadata(method data for {method} {0x00001f800020bd78} 'requireNonNull' '(Ljava/lang/Object;)Ljava/lang/Object;' in 'java/util/Objects')}
  0x000000010d857428: 00f5 82d2 | 2000 a4f2 | 2000 c0f2 | 02ac 40b9 | 4208 0011 | 02ac 00b9 | 424c 1f12 | 5f00 0071 
  0x000000010d857448: 80a9 0054 

  0x000000010d85744c: ;   {metadata(method data for {method} {0x00001f800020bd78} 'requireNonNull' '(Ljava/lang/Object;)Ljava/lang/Object;' in 'java/util/Objects')}
  0x000000010d85744c: 00f5 82d2 | 2000 a4f2 | 2000 c0f2 | 0278 40f9 | 4204 0091 | 0278 00f9 

  0x000000010d857464: ;   {oop(a 'java/lang/Class'{0x00000007ffe7a030} = 'java/lang/Thread')}
  0x000000010d857464: 0006 94d2 | e0fc bff2 | e000 c0f2 

  0x000000010d857470: ;   {metadata(method data for {method} {0x00001f8000367fb0} 'compareAndSet' '(Ljava/lang/invoke/VarHandle;Ljava/lang/Object;Ljava/lang/Object;Ljava/lang/Object;)Z' in 'java/lang/invoke/VarHandleReferences$FieldInstanceReadWrite')}
  0x000000010d857470: 02dc 88d2 | 4227 a4f2 | 2200 c0f2 | 0008 40b9 | 0014 59d2 | 49a0 0591 | 2801 40f9 | 1f00 08eb 
  0x000000010d857490: a100 0054 | 48b8 40f9 | 0805 0091 | 48b8 00f9 | 1c00 0014 | 49e0 0591 | 2801 40f9 | 1f00 08eb 
  0x000000010d8574b0: a100 0054 | 48c0 40f9 | 0805 0091 | 48c0 00f9 | 1400 0014 | 49a0 0591 | 2801 40f9 | c800 00b5 
  0x000000010d8574d0: 2001 00f9 | e803 40b2 | 49c0 0591 | 2801 00f9 | 0c00 0014 | 49e0 0591 | 2801 40f9 | c800 00b5 
  0x000000010d8574f0: 2001 00f9 | e803 40b2 | 4900 0691 | 2801 00f9 | 0400 0014 | 48b0 40f9 | 0805 0091 | 48b0 00f9 
  0x000000010d857510: ;   {metadata(method data for {method} {0x00001f800017a0d8} 'cast' '(Ljava/lang/Object;)Ljava/lang/Object;' in 'java/lang/Class')}
  0x000000010d857510: 0094 9dd2 | 2001 a4f2 | 2000 c0f2 | 02ac 40b9 | 4208 0011 | 02ac 00b9 | 424c 1f12 | 5f00 0071 
  0x000000010d857530: 40a3 0054 

  0x000000010d857534: ;   {metadata(method data for {method} {0x00001f800017a0d8} 'cast' '(Ljava/lang/Object;)Ljava/lang/Object;' in 'java/lang/Class')}
  0x000000010d857534: 0094 9dd2 | 2001 a4f2 | 2000 c0f2 | 0278 40f9 | 4204 0091 | 0278 00f9 

  0x000000010d85754c: ;   {oop(a 'java/lang/Class'{0x00000007ffe7a030} = 'java/lang/Thread')}
  0x000000010d85754c: 0006 94d2 | e0fc bff2 | e000 c0f2 

  0x000000010d857558: ;   {metadata(method data for {method} {0x00001f8000367fb0} 'compareAndSet' '(Ljava/lang/invoke/VarHandle;Ljava/lang/Object;Ljava/lang/Object;Ljava/lang/Object;)Z' in 'java/lang/invoke/VarHandleReferences$FieldInstanceReadWrite')}
  0x000000010d857558: 02dc 88d2 | 4227 a4f2 | 2200 c0f2 | 0008 40b9 | 0014 59d2 | 4960 0691 | 2801 40f9 | 1f00 08eb 
  0x000000010d857578: a100 0054 | 48d0 40f9 | 0805 0091 | 48d0 00f9 | 1c00 0014 | 49a0 0691 | 2801 40f9 | 1f00 08eb 
  0x000000010d857598: a100 0054 | 48d8 40f9 | 0805 0091 | 48d8 00f9 | 1400 0014 | 4960 0691 | 2801 40f9 | c800 00b5 
  0x000000010d8575b8: 2001 00f9 | e803 40b2 | 4980 0691 | 2801 00f9 | 0c00 0014 | 49a0 0691 | 2801 40f9 | c800 00b5 
  0x000000010d8575d8: 2001 00f9 | e803 40b2 | 49c0 0691 | 2801 00f9 | 0400 0014 | 48c8 40f9 | 0805 0091 | 48c8 00f9 
  0x000000010d8575f8: ;   {metadata(method data for {method} {0x00001f800017a0d8} 'cast' '(Ljava/lang/Object;)Ljava/lang/Object;' in 'java/lang/Class')}
  0x000000010d8575f8: 0094 9dd2 | 2001 a4f2 | 2000 c0f2 | 02ac 40b9 | 4208 0011 | 02ac 00b9 | 424c 1f12 | 5f00 0071 
  0x000000010d857618: 009d 0054 | e003 1faa | bf00 00eb 

  0x000000010d857624: ;   {metadata(method data for {method} {0x00001f800017a0d8} 'cast' '(Ljava/lang/Object;)Ljava/lang/Object;' in 'java/lang/Class')}
  0x000000010d857624: 0094 9dd2 | 2001 a4f2 | 2000 c0f2 | e80f 7cb2 | e903 78b2 | 0201 899a | 0368 62f8 | 6304 0091 
  0x000000010d857644: 0368 22f8 | 8008 0054 

  0x000000010d85764c: ;   {oop(a 'java/lang/Class'{0x00000007ffe7a030} = 'java/lang/Thread')}
  0x000000010d85764c: 0006 94d2 | e0fc bff2 | e000 c0f2 

  0x000000010d857658: ;   {metadata(method data for {method} {0x00001f800017a0d8} 'cast' '(Ljava/lang/Object;)Ljava/lang/Object;' in 'java/lang/Class')}
  0x000000010d857658: 0294 9dd2 | 2201 a4f2 | 2200 c0f2 | 0008 40b9 | 0014 59d2 | 4960 0491 | 2801 40f9 | 1f00 08eb 
  0x000000010d857678: a100 0054 | 4890 40f9 | 0805 0091 | 4890 00f9 | 1c00 0014 | 49a0 0491 | 2801 40f9 | 1f00 08eb 
  0x000000010d857698: a100 0054 | 4898 40f9 | 0805 0091 | 4898 00f9 | 1400 0014 | 4960 0491 | 2801 40f9 | c800 00b5 
  0x000000010d8576b8: 2001 00f9 | e803 40b2 | 4980 0491 | 2801 00f9 | 0c00 0014 | 49a0 0491 | 2801 40f9 | c800 00b5 
  0x000000010d8576d8: 2001 00f9 | e803 40b2 | 49c0 0491 | 2801 00f9 | 0400 0014 | 4888 40f9 | 0805 0091 | 4888 00f9 
  0x000000010d8576f8: 4501 00b4 

  0x000000010d8576fc: ;   {metadata('java/lang/Thread')}
  0x000000010d8576fc: 0310 85d2 | e302 a0f2 | 03f0 c3f2 | a408 40b9 | 8414 59d2 | 881c 40f9 | 7f00 08eb | 4100 0054 
  0x000000010d85771c: 0300 0014 | e003 1faa | 0200 0014 | e003 40b2 | 1f00 0071 

  0x000000010d857730: ;   {metadata(method data for {method} {0x00001f800017a0d8} 'cast' '(Ljava/lang/Object;)Ljava/lang/Object;' in 'java/lang/Class')}
  0x000000010d857730: 0094 9dd2 | 2001 a4f2 | 2000 c0f2 | 082a 80d2 | 0928 80d2 | 0201 899a | 0368 62f8 | 6304 0091 
  0x000000010d857750: 0368 22f8 | 607f 0054 | e007 7db2 | 2060 208b | 8223 4139 | 5f00 0071 | 8193 0054 | e203 1faa 
  0x000000010d857770: 44fc 43d3 | a9fc 43d3 | e803 04aa | 09fc e888 | 1f01 046b | e807 9f9a | bf3b 03d5 | 0301 0052 
  0x000000010d857790: 0200 05ca | 42fc 54d3 | 5f00 00f1 | a192 0054 | 6000 0012 | 0000 0012 | 1f00 0071 

  0x000000010d8577ac: ;   {metadata(method data for {method} {0x0000000120182310} 'runAndReset' '()Z' in 'java/util/concurrent/FutureTask')}
  0x000000010d8577ac: 006c 99d2 | e027 a4f2 | 2000 c0f2 | 0831 80d2 | 092f 80d2 | 0201 899a | 0368 62f8 | 6304 0091 
  0x000000010d8577cc: 0368 22f8 | 607a 0054 | bf3b 03d5 | 200c 40b9 | bf39 03d5 | 2210 40b9 | 42f0 7dd3 | e303 1faa 
  0x000000010d8577ec: 5f00 03eb 

  0x000000010d8577f0: ;   {metadata(method data for {method} {0x0000000120182310} 'runAndReset' '()Z' in 'java/util/concurrent/FutureTask')}
  0x000000010d8577f0: 036c 99d2 | e327 a4f2 | 2300 c0f2 | 0835 80d2 | 0933 80d2 | 0411 899a | 6568 64f8 | a504 0091 
  0x000000010d857810: 6568 24f8 | 6100 0054 | 0000 a052 | 4001 0014 | 1f00 0071 

  0x000000010d857824: ;   {metadata(method data for {method} {0x0000000120182310} 'runAndReset' '()Z' in 'java/util/concurrent/FutureTask')}
  0x000000010d857824: 006c 99d2 | e027 a4f2 | 2000 c0f2 | 0839 80d2 | 0937 80d2 | 0301 899a | 0468 63f8 | 8404 0091 
  0x000000010d857844: 0468 23f8 | 6000 0054 | 0000 a052 | 3301 0014 

  0x000000010d857854: ; implicit exception: dispatches to 0x000000010d858a00
  0x000000010d857854: 5f00 40f9 | e003 02aa 

  0x000000010d85785c: ;   {metadata(method data for {method} {0x0000000120182310} 'runAndReset' '()Z' in 'java/util/concurrent/FutureTask')}
  0x000000010d85785c: 036c 99d2 | e327 a4f2 | 2300 c0f2 | 0008 40b9 | 0014 59d2 | 6980 0791 | 2801 40f9 | 1f00 08eb 
  0x000000010d85787c: a100 0054 | 68f4 40f9 | 0805 0091 | 68f4 00f9 | 1c00 0014 | 69c0 0791 | 2801 40f9 | 1f00 08eb 
  0x000000010d85789c: a100 0054 | 68fc 40f9 | 0805 0091 | 68fc 00f9 | 1400 0014 | 6980 0791 | 2801 40f9 | c800 00b5 
  0x000000010d8578bc: 2001 00f9 | e803 40b2 | 69a0 0791 | 2801 00f9 | 0c00 0014 | 69c0 0791 | 2801 40f9 | c800 00b5 
  0x000000010d8578dc: 2001 00f9 | e803 40b2 | 69e0 0791 | 2801 00f9 | 0400 0014 | 68ec 40f9 | 0805 0091 | 68ec 00f9 
  0x000000010d8578fc: e103 02aa | 09f8 9cd2 | 094f a0f2 | 0900 ccf2 

  0x000000010d85790c: ; ImmutableOopMap {[200]=Oop }
                      ;*invokeinterface call {reexecute=0 rethrow=0 return_oop=0}
                      ; - java.util.concurrent.FutureTask::runAndReset@44 (line 369)
                      ;   {virtual_call}
  0x000000010d85790c: e805 0094 

  0x000000010d857910: ;   {post_call_nop}
  0x000000010d857910: 1f20 03d5 | 1fe1 81f2 | 1f00 80f2 

  0x000000010d85791c: ;   {metadata(method data for {method} {0x0000000120182310} 'runAndReset' '()Z' in 'java/util/concurrent/FutureTask')}
  0x000000010d85791c: 006c 99d2 | e027 a4f2 | 2000 c0f2 | 0204 41f9 | 4204 0091 | 0204 01f9 | e003 0032 | e167 40f9 
  0x000000010d85793c: f800 0014 | e167 40f9 | 8087 42f9 | 9f87 02f9 | 9f8b 02f9 | e203 01aa 

  0x000000010d857954: ;   {metadata(method data for {method} {0x0000000120182310} 'runAndReset' '()Z' in 'java/util/concurrent/FutureTask')}
  0x000000010d857954: 036c 99d2 | e327 a4f2 | 2300 c0f2 | 4208 40b9 | 4214 59d2 | 69a0 0891 | 2801 40f9 | 5f00 08eb 
  0x000000010d857974: a100 0054 | 6818 41f9 | 0805 0091 | 6818 01f9 | 1c00 0014 | 69e0 0891 | 2801 40f9 | 5f00 08eb 
  0x000000010d857994: a100 0054 | 6820 41f9 | 0805 0091 | 6820 01f9 | 1400 0014 | 69a0 0891 | 2801 40f9 | c800 00b5 
  0x000000010d8579b4: 2201 00f9 | e803 40b2 | 69c0 0891 | 2801 00f9 | 0c00 0014 | 69e0 0891 | 2801 40f9 | c800 00b5 
  0x000000010d8579d4: 2201 00f9 | e803 40b2 | 6900 0991 | 2801 00f9 | 0400 0014 | 6810 41f9 | 0805 0091 | 6810 01f9 
  0x000000010d8579f4: ;   {metadata(method data for {method} {0x0000000120181f78} 'setException' '(Ljava/lang/Throwable;)V' in 'java/util/concurrent/FutureTask')}
  0x000000010d8579f4: 0219 9ad2 | e227 a4f2 | 2200 c0f2 | 43ac 40b9 | 6308 0011 | 43ac 00b9 | 634c 1f12 | 7f00 0071 
  0x000000010d857a14: 807f 0054 

  0x000000010d857a18: ; ImmutableOopMap {c_rarg1=Oop c_rarg0=Oop [200]=Oop }
                      ;*invokevirtual compareAndSet {reexecute=0 rethrow=0 return_oop=0}
                      ; - java.util.concurrent.FutureTask::setException@6 (line 311)
                      ; - java.util.concurrent.FutureTask::runAndReset@60 (line 372)
                      ;   {runtime_call C1 Runtime load_appendix_patching_blob}
  0x000000010d857a18: 7a86 a495 

  0x000000010d857a1c: ;   {metadata(method data for {method} {0x0000000120181f78} 'setException' '(Ljava/lang/Throwable;)V' in 'java/util/concurrent/FutureTask')}
  0x000000010d857a1c: 0219 9ad2 | e227 a4f2 | 2200 c0f2 | 4280 0491 | e303 01aa | 6308 40b9 | 6314 59d2 | 4904 40f9 
  0x000000010d857a3c: 6300 09ca | 68f4 7e92 | 0802 00b4 | e301 0837 | a901 00b4 | 3f05 00f1 | 6001 0054 | bf39 03d5 
  0x000000010d857a5c: 6300 09ca | 4904 40f9 | 6300 09ca | 68f4 7e92 | c800 00b4 | 4904 40f9 | 2901 7fb2 | 4904 00f9 
  0x000000010d857a7c: 0200 0014 | 4304 00f9 

  0x000000010d857a84: ;   {oop(a 'java/lang/invoke/VarHandleInts$FieldInstanceReadWrite'{0x000000078079af70})}
  0x000000010d857a84: 06ee 95d2 | 260f b0f2 | e600 c0f2 | e203 06aa 

  0x000000010d857a94: ;   {metadata(method data for {method} {0x0000000120181f78} 'setException' '(Ljava/lang/Throwable;)V' in 'java/util/concurrent/FutureTask')}
  0x000000010d857a94: 0319 9ad2 | e327 a4f2 | 2300 c0f2 | 4208 40b9 | 4214 59d2 | 69e0 0391 | 2801 40f9 | 5f00 08eb 
  0x000000010d857ab4: a100 0054 | 6880 40f9 | 0805 0091 | 6880 00f9 | 1c00 0014 | 6920 0491 | 2801 40f9 | 5f00 08eb 
  0x000000010d857ad4: a100 0054 | 6888 40f9 | 0805 0091 | 6888 00f9 | 1400 0014 | 69e0 0391 | 2801 40f9 | c800 00b5 
  0x000000010d857af4: 2201 00f9 | e803 40b2 | 6900 0491 | 2801 00f9 | 0c00 0014 | 6920 0491 | 2801 40f9 | c800 00b5 
  0x000000010d857b14: 2201 00f9 | e803 40b2 | 6940 0491 | 2801 00f9 | 0400 0014 | 6878 40f9 | 0805 0091 | 6878 00f9 
  0x000000010d857b34: e203 01aa | 0300 a052 | e403 0032 | e103 06aa | e06b 00f9 

  0x000000010d857b48: ; ImmutableOopMap {[200]=Oop [208]=Oop }
                      ;*invokevirtual compareAndSet {reexecute=0 rethrow=0 return_oop=0}
                      ; - java.util.concurrent.FutureTask::setException@6 (line 311)
                      ; - java.util.concurrent.FutureTask::runAndReset@60 (line 372)
                      ;   {optimized virtual_call}
  0x000000010d857b48: 5e3e a195 

  0x000000010d857b4c: ;   {post_call_nop}
  0x000000010d857b4c: 1f20 03d5 | 9f28 82f2 | 1f40 80f2 | 1f00 0071 

  0x000000010d857b5c: ;   {metadata(method data for {method} {0x0000000120181f78} 'setException' '(Ljava/lang/Throwable;)V' in 'java/util/concurrent/FutureTask')}
  0x000000010d857b5c: 0219 9ad2 | e227 a4f2 | 2200 c0f2 | 0827 80d2 | 0929 80d2 | 0301 899a | 4468 63f8 | 8404 0091 
  0x000000010d857b7c: 4468 23f8 | a00c 0054 | e183 4ca9 | 8223 4139 | 5f00 0071 | a174 0054 | 08fc 43d3 | 2814 00b9 
  0x000000010d857b9c: 2200 00ca | 42fc 54d3 | 5f00 00f1 | a174 0054 

  0x000000010d857bac: ; ImmutableOopMap {c_rarg1=Oop [200]=Oop }
                      ;*invokevirtual setRelease {reexecute=0 rethrow=0 return_oop=0}
                      ; - java.util.concurrent.FutureTask::setException@22 (line 313)
                      ; - java.util.concurrent.FutureTask::runAndReset@60 (line 372)
                      ;   {runtime_call C1 Runtime load_appendix_patching_blob}
  0x000000010d857bac: 1586 a495 

  0x000000010d857bb0: ;   {metadata(method data for {method} {0x0000000120181f78} 'setException' '(Ljava/lang/Throwable;)V' in 'java/util/concurrent/FutureTask')}
  0x000000010d857bb0: 0219 9ad2 | e227 a4f2 | 2200 c0f2 | 4220 0691 | e303 01aa | 6308 40b9 | 6314 59d2 | 4904 40f9 
  0x000000010d857bd0: 6300 09ca | 68f4 7e92 | 0802 00b4 | e301 0837 | a901 00b4 | 3f05 00f1 | 6001 0054 | bf39 03d5 
  0x000000010d857bf0: 6300 09ca | 4904 40f9 | 6300 09ca | 68f4 7e92 | c800 00b4 | 4904 40f9 | 2901 7fb2 | 4904 00f9 
  0x000000010d857c10: 0200 0014 | 4304 00f9 

  0x000000010d857c18: ;   {oop(a 'java/lang/invoke/VarHandleInts$FieldInstanceReadWrite'{0x000000078079af70})}
  0x000000010d857c18: 00ee 95d2 | 200f b0f2 | e000 c0f2 | e203 00aa 

  0x000000010d857c28: ;   {metadata(method data for {method} {0x0000000120181f78} 'setException' '(Ljava/lang/Throwable;)V' in 'java/util/concurrent/FutureTask')}
  0x000000010d857c28: 0319 9ad2 | e327 a4f2 | 2300 c0f2 | 4208 40b9 | 4214 59d2 | 6980 0591 | 2801 40f9 | 5f00 08eb 
  0x000000010d857c48: a100 0054 | 68b4 40f9 | 0805 0091 | 68b4 00f9 | 1c00 0014 | 69c0 0591 | 2801 40f9 | 5f00 08eb 
  0x000000010d857c68: a100 0054 | 68bc 40f9 | 0805 0091 | 68bc 00f9 | 1400 0014 | 6980 0591 | 2801 40f9 | c800 00b5 
  0x000000010d857c88: 2201 00f9 | e803 40b2 | 69a0 0591 | 2801 00f9 | 0c00 0014 | 69c0 0591 | 2801 40f9 | c800 00b5 
  0x000000010d857ca8: 2201 00f9 | e803 40b2 | 69e0 0591 | 2801 00f9 | 0400 0014 | 68ac 40f9 | 0805 0091 | 68ac 00f9 
  0x000000010d857cc8: e203 01aa | e307 0032 | e103 00aa 

  0x000000010d857cd4: ; ImmutableOopMap {[200]=Oop }
                      ;*invokevirtual setRelease {reexecute=0 rethrow=0 return_oop=0}
                      ; - java.util.concurrent.FutureTask::setException@22 (line 313)
                      ; - java.util.concurrent.FutureTask::runAndReset@60 (line 372)
                      ;   {optimized virtual_call}
  0x000000010d857cd4: fb3d a195 

  0x000000010d857cd8: ;   {post_call_nop}
  0x000000010d857cd8: 1f20 03d5 | 1f5a 82f2 | 1f80 80f2 | e167 40f9 

  0x000000010d857ce8: ;   {metadata(method data for {method} {0x0000000120181f78} 'setException' '(Ljava/lang/Throwable;)V' in 'java/util/concurrent/FutureTask')}
  0x000000010d857ce8: 0019 9ad2 | e027 a4f2 | 2000 c0f2 | 08d0 40f9 | 0805 0091 | 08d0 00f9 | e167 40f9 

  0x000000010d857d04: ; ImmutableOopMap {[200]=Oop }
                      ;*invokevirtual finishCompletion {reexecute=0 rethrow=0 return_oop=0}
                      ; - java.util.concurrent.FutureTask::setException@26 (line 314)
                      ; - java.util.concurrent.FutureTask::runAndReset@60 (line 372)
                      ;   {optimized virtual_call}
  0x000000010d857d04: ef3d a195 

  0x000000010d857d08: ;   {post_call_nop}
  0x000000010d857d08: 1f20 03d5 | 1f60 82f2 | 1fa0 80f2 | 0000 a052 | e167 40f9 | e203 1faa | 8323 4139 | 7f00 0071 
  0x000000010d857d28: 2169 0054 | bf3b 03d5 | 48fc 43d3 | 2818 00b9 | bf3b 03d5 | 2300 02ca | 63fc 54d3 | 7f00 00f1 
  0x000000010d857d48: e168 0054 | bf3b 03d5 | 220c 40b9 | e2df 00b9 | bf39 03d5 | 5f14 0071 

  0x000000010d857d60: ;   {metadata(method data for {method} {0x0000000120182310} 'runAndReset' '()Z' in 'java/util/concurrent/FutureTask')}
  0x000000010d857d60: 036c 99d2 | e327 a4f2 | 2300 c0f2 | 084a 80d2 | 094c 80d2 | 04b1 899a | 6568 64f8 | a504 0091 
  0x000000010d857d80: 6568 24f8 | 8b22 0054 | e303 01aa 

  0x000000010d857d8c: ;   {metadata(method data for {method} {0x0000000120182310} 'runAndReset' '()Z' in 'java/util/concurrent/FutureTask')}
  0x000000010d857d8c: 046c 99d2 | e427 a4f2 | 2400 c0f2 | 8838 41f9 | 0805 0091 | 8838 01f9 

  0x000000010d857da4: ;   {metadata(method data for {method} {0x0000000120182410} 'handlePossibleCancellationInterrupt' '(I)V' in 'java/util/concurrent/FutureTask')}
  0x000000010d857da4: 03ab 9ad2 | e327 a4f2 | 2300 c0f2 | 64ac 40b9 | 8408 0011 | 64ac 00b9 | 844c 1f12 | 9f00 0071 
  0x000000010d857dc4: 8065 0054 | 5f14 0071 

  0x000000010d857dcc: ;   {metadata(method data for {method} {0x0000000120182410} 'handlePossibleCancellationInterrupt' '(I)V' in 'java/util/concurrent/FutureTask')}
  0x000000010d857dcc: 03ab 9ad2 | e327 a4f2 | 2300 c0f2 | e80f 7cb2 | e903 78b2 | 0411 899a | 6568 64f8 | a504 0091 
  0x000000010d857dec: 6568 24f8 | e0db 00b9 | 211e 0054 | bf3b 03d5 | 230c 40b9 | bf39 03d5 | 7f14 0071 

  0x000000010d857e08: ;   {metadata(method data for {method} {0x0000000120182410} 'handlePossibleCancellationInterrupt' '(I)V' in 'java/util/concurrent/FutureTask')}
  0x000000010d857e08: 03ab 9ad2 | e327 a4f2 | 2300 c0f2 | 0822 80d2 | 0924 80d2 | 0411 899a | 6568 64f8 | a504 0091 
  0x000000010d857e28: 6568 24f8 | 611c 0054 

  0x000000010d857e30: ;   {metadata(method data for {method} {0x0000000120182410} 'handlePossibleCancellationInterrupt' '(I)V' in 'java/util/concurrent/FutureTask')}
  0x000000010d857e30: 03ab 9ad2 | e327 a4f2 | 2300 c0f2 | 6898 40f9 | 0805 0091 | 6898 00f9 

  0x000000010d857e48: ;   {metadata(method data for {method} {0x00001f800046db20} 'yield' '()V' in 'java/lang/Thread')}
  0x000000010d857e48: 03df 9ad2 | e327 a4f2 | 2300 c0f2 | 64ac 40b9 | 8408 0011 | 64ac 00b9 | 844c 1f12 | 9f00 0071 
  0x000000010d857e68: 6061 0054 

  0x000000010d857e6c: ;   {metadata(method data for {method} {0x00001f800046db20} 'yield' '()V' in 'java/lang/Thread')}
  0x000000010d857e6c: 03df 9ad2 | e327 a4f2 | 2300 c0f2 | 6878 40f9 | 0805 0091 | 6878 00f9 | 83cb 41f9 | 6300 40f9 
  0x000000010d857e8c: ;   {metadata(method data for {method} {0x00001f800046db20} 'yield' '()V' in 'java/lang/Thread')}
  0x000000010d857e8c: 07df 9ad2 | e727 a4f2 | 2700 c0f2 | a300 00b5 | e8e4 4339 | 0801 40b2 | e8e4 0339 | 2e00 0014 
  0x000000010d857eac: 6608 40b9 | c614 59d2 | e920 0491 | 2801 40f9 | df00 08eb | a100 0054 | e888 40f9 | 0805 0091 
  0x000000010d857ecc: e888 00f9 | 1c00 0014 | e960 0491 | 2801 40f9 | df00 08eb | a100 0054 | e890 40f9 | 0805 0091 
  0x000000010d857eec: e890 00f9 | 1400 0014 | e920 0491 | 2801 40f9 | c800 00b5 | 2601 00f9 | e803 40b2 | e940 0491 
  0x000000010d857f0c: 2801 00f9 | 0c00 0014 | e960 0491 | 2801 40f9 | c800 00b5 | 2601 00f9 | e803 40b2 | e980 0491 
  0x000000010d857f2c: 2801 00f9 | 0400 0014 | e880 40f9 | 0805 0091 | e880 00f9 

  0x000000010d857f40: ;   {metadata('java/lang/VirtualThread')}
  0x000000010d857f40: 0633 8dd2 | 0603 a0f2 | 06f0 c3f2 | 6808 40b9 | 0815 59d2 | 1f01 06eb | 4100 0054 | 0300 0014 
  0x000000010d857f60: e403 1faa | 0200 0014 | e403 40b2 | 9f00 0071 

  0x000000010d857f70: ;   {metadata(method data for {method} {0x00001f800046db20} 'yield' '()V' in 'java/lang/Thread')}
  0x000000010d857f70: 04df 9ad2 | e427 a4f2 | 2400 c0f2 | 0826 80d2 | 0928 80d2 | 0501 899a | 8668 65f8 | c604 0091 
  0x000000010d857f90: 8668 25f8 | 800d 0054 

  0x000000010d857f98: ;   {metadata(method data for {method} {0x00001f800046db20} 'yield' '()V' in 'java/lang/Thread')}
  0x000000010d857f98: 06df 9ad2 | e627 a4f2 | 2600 c0f2 | a300 00b5 | c824 4539 | 0801 40b2 | c824 0539 | 2e00 0014 
  0x000000010d857fb8: 6508 40b9 | a514 59d2 | c960 0591 | 2801 40f9 | bf00 08eb | a100 0054 | c8b0 40f9 | 0805 0091 
  0x000000010d857fd8: c8b0 00f9 | 1c00 0014 | c9a0 0591 | 2801 40f9 | bf00 08eb | a100 0054 | c8b8 40f9 | 0805 0091 
  0x000000010d857ff8: c8b8 00f9 | 1400 0014 | c960 0591 | 2801 40f9 | c800 00b5 | 2501 00f9 | e803 40b2 | c980 0591 
  0x000000010d858018: 2801 00f9 | 0c00 0014 | c9a0 0591 | 2801 40f9 | c800 00b5 | 2501 00f9 | e803 40b2 | c9c0 0591 
  0x000000010d858038: 2801 00f9 | 0400 0014 | c8a8 40f9 | 0805 0091 | c8a8 00f9 

  0x000000010d85804c: ;   {metadata('java/lang/VirtualThread')}
  0x000000010d85804c: 0533 8dd2 | 0503 a0f2 | 05f0 c3f2 | 6808 40b9 | 0815 59d2 | 1f01 05eb | 8152 0054 | 0100 0014 
  0x000000010d85806c: ; implicit exception: dispatches to 0x000000010d858abc
  0x000000010d85806c: 7f00 40f9 | e403 03aa 

  0x000000010d858074: ;   {metadata(method data for {method} {0x00001f800046db20} 'yield' '()V' in 'java/lang/Thread')}
  0x000000010d858074: 05df 9ad2 | e527 a4f2 | 2500 c0f2 | 8408 40b9 | 8414 59d2 | a920 0691 | 2801 40f9 | 9f00 08eb 
  0x000000010d858094: a100 0054 | a8c8 40f9 | 0805 0091 | a8c8 00f9 | 1c00 0014 | a960 0691 | 2801 40f9 | 9f00 08eb 
  0x000000010d8580b4: a100 0054 | a8d0 40f9 | 0805 0091 | a8d0 00f9 | 1400 0014 | a920 0691 | 2801 40f9 | c800 00b5 
  0x000000010d8580d4: 2401 00f9 | e803 40b2 | a940 0691 | 2801 00f9 | 0c00 0014 | a960 0691 | 2801 40f9 | c800 00b5 
  0x000000010d8580f4: 2401 00f9 | e803 40b2 | a980 0691 | 2801 00f9 | 0400 0014 | a8c0 40f9 | 0805 0091 | a8c0 00f9 
  0x000000010d858114: e103 03aa 

  0x000000010d858118: ; ImmutableOopMap {[200]=Oop }
                      ;*invokevirtual tryYield {reexecute=0 rethrow=0 return_oop=0}
                      ; - java.lang.Thread::yield@17 (line 433)
                      ; - java.util.concurrent.FutureTask::handlePossibleCancellationInterrupt@13 (line 397)
                      ; - java.util.concurrent.FutureTask::runAndReset@80 (line 383)
                      ;   {optimized virtual_call}
  0x000000010d858118: ea3c a195 

  0x000000010d85811c: ;   {post_call_nop}
  0x000000010d85811c: 1f20 03d5 | 9fe2 82f2 | 1fc0 80f2 

  0x000000010d858128: ;   {metadata(method data for {method} {0x00001f800046db20} 'yield' '()V' in 'java/lang/Thread')}
  0x000000010d858128: 00df 9ad2 | e027 a4f2 | 2000 c0f2 | 01d8 40f9 | 2104 0091 | 01d8 00f9 | 0b00 0014 

  0x000000010d858144: ;   {metadata(method data for {method} {0x00001f800046db20} 'yield' '()V' in 'java/lang/Thread')}
  0x000000010d858144: 00df 9ad2 | e027 a4f2 | 2000 c0f2 | 08e4 40f9 | 0805 0091 | 08e4 00f9 

  0x000000010d85815c: ; ImmutableOopMap {[200]=Oop }
                      ;*invokestatic yield0 {reexecute=0 rethrow=0 return_oop=0}
                      ; - java.lang.Thread::yield@23 (line 435)
                      ; - java.util.concurrent.FutureTask::handlePossibleCancellationInterrupt@13 (line 397)
                      ; - java.util.concurrent.FutureTask::runAndReset@80 (line 383)
                      ;   {static_call}
  0x000000010d85815c: d93d a195 

  0x000000010d858160: ;   {post_call_nop}
  0x000000010d858160: 1f20 03d5 | 1feb 82f2 | 1fe0 80f2 

  0x000000010d85816c: ;   {metadata(method data for {method} {0x0000000120182410} 'handlePossibleCancellationInterrupt' '(I)V' in 'java/util/concurrent/FutureTask')}
  0x000000010d85816c: 00ab 9ad2 | e027 a4f2 | 2000 c0f2 | 01b0 40b9 | 2108 0011 | 01b0 00b9 | 2130 1f12 | 3f00 0071 
  0x000000010d85818c: a049 0054 

  0x000000010d858190: ; ImmutableOopMap {[200]=Oop }
                      ;*goto {reexecute=1 rethrow=0 return_oop=0}
                      ; - (reexecute) java.util.concurrent.FutureTask::handlePossibleCancellationInterrupt@16 (line 397)
                      ; - java.util.concurrent.FutureTask::runAndReset@80 (line 383)
  0x000000010d858190: 881b 40f9 

  0x000000010d858194: ;   {poll}
  0x000000010d858194: 1f01 40b9 

  0x000000010d858198: ;   {metadata(method data for {method} {0x0000000120182410} 'handlePossibleCancellationInterrupt' '(I)V' in 'java/util/concurrent/FutureTask')}
  0x000000010d858198: 00ab 9ad2 | e027 a4f2 | 2000 c0f2 | 01a0 40f9 | 2104 0091 | 01a0 00f9 | e167 40f9 | 11ff ff17 
  0x000000010d8581b8: ;   {metadata(method data for {method} {0x0000000120182310} 'runAndReset' '()Z' in 'java/util/concurrent/FutureTask')}
  0x000000010d8581b8: 006c 99d2 | e027 a4f2 | 2000 c0f2 | 0150 41f9 | 2104 0091 | 0150 01f9 | e0db 40b9 | 1f00 0071 
  0x000000010d8581d8: ;   {metadata(method data for {method} {0x0000000120182310} 'runAndReset' '()Z' in 'java/util/concurrent/FutureTask')}
  0x000000010d8581d8: 006c 99d2 | e027 a4f2 | 2000 c0f2 | 0861 80d2 | 0963 80d2 | 0101 899a | 0268 61f8 | 4204 0091 
  0x000000010d8581f8: 0268 21f8 | 0027 0054 | e2df 40b9 | 5f00 0071 

  0x000000010d858208: ;   {metadata(method data for {method} {0x0000000120182310} 'runAndReset' '()Z' in 'java/util/concurrent/FutureTask')}
  0x000000010d858208: 006c 99d2 | e027 a4f2 | 2000 c0f2 | 0865 80d2 | 0967 80d2 | 0111 899a | 0268 61f8 | 4204 0091 
  0x000000010d858228: 0268 21f8 | 8125 0054 | 2d01 0014 | 8087 42f9 | 9f87 02f9 | 9f8b 02f9 | e073 00f9 | e167 40f9 
  0x000000010d858248: e203 1faa | 8323 4139 | 7f00 0071 | 6144 0054 | bf3b 03d5 | 48fc 43d3 | 2818 00b9 | bf3b 03d5 
  0x000000010d858268: 2300 02ca | 63fc 54d3 | 7f00 00f1 | 2144 0054 | bf3b 03d5 | 220c 40b9 | bf39 03d5 | 5f14 0071 
  0x000000010d858288: ;   {metadata(method data for {method} {0x0000000120182310} 'runAndReset' '()Z' in 'java/util/concurrent/FutureTask')}
  0x000000010d858288: 036c 99d2 | e327 a4f2 | 2300 c0f2 | 0857 80d2 | 0959 80d2 | 04b1 899a | 6568 64f8 | a504 0091 
  0x000000010d8582a8: 6568 24f8 | 8b24 0054 | e303 01aa 

  0x000000010d8582b4: ;   {metadata(method data for {method} {0x0000000120182310} 'runAndReset' '()Z' in 'java/util/concurrent/FutureTask')}
  0x000000010d8582b4: 046c 99d2 | e427 a4f2 | 2400 c0f2 | 886c 41f9 | 0805 0091 | 886c 01f9 

  0x000000010d8582cc: ;   {metadata(method data for {method} {0x0000000120182410} 'handlePossibleCancellationInterrupt' '(I)V' in 'java/util/concurrent/FutureTask')}
  0x000000010d8582cc: 03ab 9ad2 | e327 a4f2 | 2300 c0f2 | 64ac 40b9 | 8408 0011 | 64ac 00b9 | 844c 1f12 | 9f00 0071 
  0x000000010d8582ec: e040 0054 | 5f14 0071 

  0x000000010d8582f4: ;   {metadata(method data for {method} {0x0000000120182410} 'handlePossibleCancellationInterrupt' '(I)V' in 'java/util/concurrent/FutureTask')}
  0x000000010d8582f4: 02ab 9ad2 | e227 a4f2 | 2200 c0f2 | e80f 7cb2 | e903 78b2 | 0311 899a | 4468 63f8 | 8404 0091 
  0x000000010d858314: 4468 23f8 | 0121 0054 | bf3b 03d5 | 220c 40b9 | bf39 03d5 | 5f14 0071 

  0x000000010d85832c: ;   {metadata(method data for {method} {0x0000000120182410} 'handlePossibleCancellationInterrupt' '(I)V' in 'java/util/concurrent/FutureTask')}
  0x000000010d85832c: 02ab 9ad2 | e227 a4f2 | 2200 c0f2 | 0822 80d2 | 0924 80d2 | 0311 899a | 4468 63f8 | 8404 0091 
  0x000000010d85834c: 4468 23f8 | 411f 0054 

  0x000000010d858354: ;   {metadata(method data for {method} {0x0000000120182410} 'handlePossibleCancellationInterrupt' '(I)V' in 'java/util/concurrent/FutureTask')}
  0x000000010d858354: 02ab 9ad2 | e227 a4f2 | 2200 c0f2 | 4898 40f9 | 0805 0091 | 4898 00f9 

  0x000000010d85836c: ;   {metadata(method data for {method} {0x00001f800046db20} 'yield' '()V' in 'java/lang/Thread')}
  0x000000010d85836c: 02df 9ad2 | e227 a4f2 | 2200 c0f2 | 43ac 40b9 | 6308 0011 | 43ac 00b9 | 634c 1f12 | 7f00 0071 
  0x000000010d85838c: e03c 0054 

  0x000000010d858390: ;   {metadata(method data for {method} {0x00001f800046db20} 'yield' '()V' in 'java/lang/Thread')}
  0x000000010d858390: 02df 9ad2 | e227 a4f2 | 2200 c0f2 | 4878 40f9 | 0805 0091 | 4878 00f9 | 82cb 41f9 | 4200 40f9 
  0x000000010d8583b0: ;   {metadata(method data for {method} {0x00001f800046db20} 'yield' '()V' in 'java/lang/Thread')}
  0x000000010d8583b0: 06df 9ad2 | e627 a4f2 | 2600 c0f2 | a200 00b5 | c8e4 4339 | 0801 40b2 | c8e4 0339 | 2e00 0014 
  0x000000010d8583d0: 4508 40b9 | a514 59d2 | c920 0491 | 2801 40f9 | bf00 08eb | a100 0054 | c888 40f9 | 0805 0091 
  0x000000010d8583f0: c888 00f9 | 1c00 0014 | c960 0491 | 2801 40f9 | bf00 08eb | a100 0054 | c890 40f9 | 0805 0091 
  0x000000010d858410: c890 00f9 | 1400 0014 | c920 0491 | 2801 40f9 | c800 00b5 | 2501 00f9 | e803 40b2 | c940 0491 
  0x000000010d858430: 2801 00f9 | 0c00 0014 | c960 0491 | 2801 40f9 | c800 00b5 | 2501 00f9 | e803 40b2 | c980 0491 
  0x000000010d858450: 2801 00f9 | 0400 0014 | c880 40f9 | 0805 0091 | c880 00f9 

  0x000000010d858464: ;   {metadata('java/lang/VirtualThread')}
  0x000000010d858464: 0533 8dd2 | 0503 a0f2 | 05f0 c3f2 | 4808 40b9 | 0815 59d2 | 1f01 05eb | 4100 0054 | 0300 0014 
  0x000000010d858484: e303 1faa | 0200 0014 | e303 40b2 | 7f00 0071 

  0x000000010d858494: ;   {metadata(method data for {method} {0x00001f800046db20} 'yield' '()V' in 'java/lang/Thread')}
  0x000000010d858494: 03df 9ad2 | e327 a4f2 | 2300 c0f2 | 0826 80d2 | 0928 80d2 | 0401 899a | 6568 64f8 | a504 0091 
  0x000000010d8584b4: 6568 24f8 | 800d 0054 

  0x000000010d8584bc: ;   {metadata(method data for {method} {0x00001f800046db20} 'yield' '()V' in 'java/lang/Thread')}
  0x000000010d8584bc: 05df 9ad2 | e527 a4f2 | 2500 c0f2 | a200 00b5 | a824 4539 | 0801 40b2 | a824 0539 | 2e00 0014 
  0x000000010d8584dc: 4408 40b9 | 8414 59d2 | a960 0591 | 2801 40f9 | 9f00 08eb | a100 0054 | a8b0 40f9 | 0805 0091 
  0x000000010d8584fc: a8b0 00f9 | 1c00 0014 | a9a0 0591 | 2801 40f9 | 9f00 08eb | a100 0054 | a8b8 40f9 | 0805 0091 
  0x000000010d85851c: a8b8 00f9 | 1400 0014 | a960 0591 | 2801 40f9 | c800 00b5 | 2401 00f9 | e803 40b2 | a980 0591 
  0x000000010d85853c: 2801 00f9 | 0c00 0014 | a9a0 0591 | 2801 40f9 | c800 00b5 | 2401 00f9 | e803 40b2 | a9c0 0591 
  0x000000010d85855c: 2801 00f9 | 0400 0014 | a8a8 40f9 | 0805 0091 | a8a8 00f9 

  0x000000010d858570: ;   {metadata('java/lang/VirtualThread')}
  0x000000010d858570: 0433 8dd2 | 0403 a0f2 | 04f0 c3f2 | 4808 40b9 | 0815 59d2 | 1f01 04eb | 012e 0054 | 0100 0014 
  0x000000010d858590: ; implicit exception: dispatches to 0x000000010d858b50
  0x000000010d858590: 5f00 40f9 | e303 02aa 

  0x000000010d858598: ;   {metadata(method data for {method} {0x00001f800046db20} 'yield' '()V' in 'java/lang/Thread')}
  0x000000010d858598: 04df 9ad2 | e427 a4f2 | 2400 c0f2 | 6308 40b9 | 6314 59d2 | 8920 0691 | 2801 40f9 | 7f00 08eb 
  0x000000010d8585b8: a100 0054 | 88c8 40f9 | 0805 0091 | 88c8 00f9 | 1c00 0014 | 8960 0691 | 2801 40f9 | 7f00 08eb 
  0x000000010d8585d8: a100 0054 | 88d0 40f9 | 0805 0091 | 88d0 00f9 | 1400 0014 | 8920 0691 | 2801 40f9 | c800 00b5 
  0x000000010d8585f8: 2301 00f9 | e803 40b2 | 8940 0691 | 2801 00f9 | 0c00 0014 | 8960 0691 | 2801 40f9 | c800 00b5 
  0x000000010d858618: 2301 00f9 | e803 40b2 | 8980 0691 | 2801 00f9 | 0400 0014 | 88c0 40f9 | 0805 0091 | 88c0 00f9 
  0x000000010d858638: e103 02aa 

  0x000000010d85863c: ; ImmutableOopMap {[200]=Oop [224]=Oop }
                      ;*invokevirtual tryYield {reexecute=0 rethrow=0 return_oop=0}
                      ; - java.lang.Thread::yield@17 (line 433)
                      ; - java.util.concurrent.FutureTask::handlePossibleCancellationInterrupt@13 (line 397)
                      ; - java.util.concurrent.FutureTask::runAndReset@105 (line 383)
                      ;   {optimized virtual_call}
  0x000000010d85863c: a13b a195 

  0x000000010d858640: ;   {post_call_nop}
  0x000000010d858640: 1f20 03d5 | 1f87 83f2 | 1f20 81f2 

  0x000000010d85864c: ;   {metadata(method data for {method} {0x00001f800046db20} 'yield' '()V' in 'java/lang/Thread')}
  0x000000010d85864c: 00df 9ad2 | e027 a4f2 | 2000 c0f2 | 01d8 40f9 | 2104 0091 | 01d8 00f9 | 0b00 0014 

  0x000000010d858668: ;   {metadata(method data for {method} {0x00001f800046db20} 'yield' '()V' in 'java/lang/Thread')}
  0x000000010d858668: 00df 9ad2 | e027 a4f2 | 2000 c0f2 | 08e4 40f9 | 0805 0091 | 08e4 00f9 

  0x000000010d858680: ; ImmutableOopMap {[200]=Oop [224]=Oop }
                      ;*invokestatic yield0 {reexecute=0 rethrow=0 return_oop=0}
                      ; - java.lang.Thread::yield@23 (line 435)
                      ; - java.util.concurrent.FutureTask::handlePossibleCancellationInterrupt@13 (line 397)
                      ; - java.util.concurrent.FutureTask::runAndReset@105 (line 383)
                      ;   {static_call}
  0x000000010d858680: 903c a195 

  0x000000010d858684: ;   {post_call_nop}
  0x000000010d858684: 1f20 03d5 | 9f8f 83f2 | 1f40 81f2 

  0x000000010d858690: ;   {metadata(method data for {method} {0x0000000120182410} 'handlePossibleCancellationInterrupt' '(I)V' in 'java/util/concurrent/FutureTask')}
  0x000000010d858690: 00ab 9ad2 | e027 a4f2 | 2000 c0f2 | 03b0 40b9 | 6308 0011 | 03b0 00b9 | 6330 1f12 | 7f00 0071 
  0x000000010d8586b0: 2025 0054 

  0x000000010d8586b4: ; ImmutableOopMap {[200]=Oop [224]=Oop }
                      ;*goto {reexecute=1 rethrow=0 return_oop=0}
                      ; - (reexecute) java.util.concurrent.FutureTask::handlePossibleCancellationInterrupt@16 (line 397)
                      ; - java.util.concurrent.FutureTask::runAndReset@105 (line 383)
  0x000000010d8586b4: 881b 40f9 

  0x000000010d8586b8: ;   {poll}
  0x000000010d8586b8: 1f01 40b9 

  0x000000010d8586bc: ;   {metadata(method data for {method} {0x0000000120182410} 'handlePossibleCancellationInterrupt' '(I)V' in 'java/util/concurrent/FutureTask')}
  0x000000010d8586bc: 00ab 9ad2 | e027 a4f2 | 2000 c0f2 | 03a0 40f9 | 6304 0091 | 03a0 00f9 | e167 40f9 | 11ff ff17 
  0x000000010d8586dc: 0000 a052 | 0800 0014 

  0x000000010d8586e4: ;   {metadata(method data for {method} {0x0000000120182310} 'runAndReset' '()Z' in 'java/util/concurrent/FutureTask')}
  0x000000010d8586e4: 006c 99d2 | e027 a4f2 | 2000 c0f2 | 03a4 41f9 | 6304 0091 | 03a4 01f9 | e003 0032 | 0000 0012 
  0x000000010d858704: fd7b 51a9 | ff83 0491 

  0x000000010d85870c: ;   {poll_return}
  0x000000010d85870c: 8817 40f9 | ff63 28eb | 0823 0054 | c003 5fd6 | 0000 a052 | fd7b 51a9 | ff83 0491 

  0x000000010d858728: ;   {poll_return}
  0x000000010d858728: 8817 40f9 | ff63 28eb | 8822 0054 | c003 5fd6 | e073 40f9 | 1b01 0014 

  0x000000010d858740: ; ImmutableOopMap {c_rarg5=Oop [200]=Oop }
                      ;*new {reexecute=0 rethrow=0 return_oop=0}
                      ; - java.lang.Class::cast@12 (line 3523)
                      ; - java.lang.invoke.VarHandleReferences$FieldInstanceReadWrite::compareAndSet@41 (line 183)
                      ; - java.lang.invoke.VarHandleGuards::guard_LLL_Z@50 (line 68)
                      ; - java.util.concurrent.FutureTask::runAndReset@15 (line 361)
                      ;   {runtime_call C1 Runtime load_mirror_patching_blob}
  0x000000010d858740: c082 a495 | 80e7 40f9 | 0ba0 0091 | 88ef 40f9 | 7f01 08eb | c821 0054 | 8be7 00f9 | ea03 40b2 
  0x000000010d858760: 0a00 00f9 | 6a14 59d2 | 0a7c 0129 | 0a40 0091 | 5f01 00f9 | 5ffd 00a9 | bf3a 03d5 

  0x000000010d85877c: ;   {oop(a 'java/lang/Class'{0x00000007ffe7a030} = 'java/lang/Thread')}
  0x000000010d85877c: 0106 94d2 | e1fc bff2 | e100 c0f2 | e203 01aa 

  0x000000010d85878c: ;   {metadata(method data for {method} {0x00001f800017a0d8} 'cast' '(Ljava/lang/Object;)Ljava/lang/Object;' in 'java/lang/Class')}
  0x000000010d85878c: 0394 9dd2 | 2301 a4f2 | 2300 c0f2 | 68b0 40f9 | 0805 0091 | 68b0 00f9 | e203 05aa | e077 00f9 
  0x000000010d8587ac: ; ImmutableOopMap {[200]=Oop [232]=Oop }
                      ;*invokevirtual cannotCastMsg {reexecute=0 rethrow=0 return_oop=0}
                      ; - java.lang.Class::cast@18 (line 3523)
                      ; - java.lang.invoke.VarHandleReferences$FieldInstanceReadWrite::compareAndSet@41 (line 183)
                      ; - java.lang.invoke.VarHandleGuards::guard_LLL_Z@50 (line 68)
                      ; - java.util.concurrent.FutureTask::runAndReset@15 (line 361)
                      ;   {optimized virtual_call}
  0x000000010d8587ac: 453b a195 

  0x000000010d8587b0: ;   {post_call_nop}
  0x000000010d8587b0: 1f20 03d5 | 1fb5 83f2 | 1fa0 81f2 | e277 40f9 

  0x000000010d8587c0: ;   {metadata(method data for {method} {0x00001f800017a0d8} 'cast' '(Ljava/lang/Object;)Ljava/lang/Object;' in 'java/lang/Class')}
  0x000000010d8587c0: 0194 9dd2 | 2101 a4f2 | 2100 c0f2 | 28c8 40f9 | 0805 0091 | 28c8 00f9 | e203 00aa | e177 40f9 
  0x000000010d8587e0: ; ImmutableOopMap {[200]=Oop [232]=Oop }
                      ;*invokespecial <init> {reexecute=0 rethrow=0 return_oop=0}
                      ; - java.lang.Class::cast@21 (line 3523)
                      ; - java.lang.invoke.VarHandleReferences$FieldInstanceReadWrite::compareAndSet@41 (line 183)
                      ; - java.lang.invoke.VarHandleGuards::guard_LLL_Z@50 (line 68)
                      ; - java.util.concurrent.FutureTask::runAndReset@15 (line 361)
                      ;   {optimized virtual_call}
  0x000000010d8587e0: 383b a195 

  0x000000010d8587e4: ;   {post_call_nop}
  0x000000010d8587e4: 1f20 03d5 | 9fbb 83f2 | 1fc0 81f2 | e077 40f9 | ed00 0014 | e57f 00f9 

  0x000000010d8587fc: ; ImmutableOopMap {c_rarg1=Oop [200]=Oop [248]=Oop }
                      ;*new {reexecute=0 rethrow=0 return_oop=0}
                      ; - java.lang.Class::cast@12 (line 3523)
                      ; - java.lang.invoke.VarHandleReferences$FieldInstanceReadWrite::compareAndSet@15 (line 180)
                      ; - java.lang.invoke.VarHandleGuards::guard_LLL_Z@50 (line 68)
                      ; - java.util.concurrent.FutureTask::runAndReset@15 (line 361)
                      ;   {runtime_call C1 Runtime load_mirror_patching_blob}
  0x000000010d8587fc: 9182 a495 | 80e7 40f9 | 0ba0 0091 | 88ef 40f9 | 7f01 08eb | 281c 0054 | 8be7 00f9 | ea03 40b2 
  0x000000010d85881c: 0a00 00f9 | 6a14 59d2 | 0a7c 0129 | 0a40 0091 | 5f01 00f9 | 5ffd 00a9 | bf3a 03d5 

  0x000000010d858838: ;   {oop(a 'java/lang/Class'{0x00000007807a3c10} = 'java/util/concurrent/FutureTask')}
  0x000000010d858838: 0382 87d2 | 430f b0f2 | e300 c0f2 | e203 03aa 

  0x000000010d858848: ;   {metadata(method data for {method} {0x00001f800017a0d8} 'cast' '(Ljava/lang/Object;)Ljava/lang/Object;' in 'java/lang/Class')}
  0x000000010d858848: 0494 9dd2 | 2401 a4f2 | 2400 c0f2 | 88b0 40f9 | 0805 0091 | 88b0 00f9 | e203 01aa | e103 03aa 
  0x000000010d858868: e07b 00f9 

  0x000000010d85886c: ; ImmutableOopMap {[200]=Oop [240]=Oop [248]=Oop }
                      ;*invokevirtual cannotCastMsg {reexecute=0 rethrow=0 return_oop=0}
                      ; - java.lang.Class::cast@18 (line 3523)
                      ; - java.lang.invoke.VarHandleReferences$FieldInstanceReadWrite::compareAndSet@15 (line 180)
                      ; - java.lang.invoke.VarHandleGuards::guard_LLL_Z@50 (line 68)
                      ; - java.util.concurrent.FutureTask::runAndReset@15 (line 361)
                      ;   {optimized virtual_call}
  0x000000010d85886c: 153b a195 

  0x000000010d858870: ;   {post_call_nop}
  0x000000010d858870: 1f20 03d5 | 1fcd 83f2 | 1f00 82f2 | e27b 40f9 

  0x000000010d858880: ;   {metadata(method data for {method} {0x00001f800017a0d8} 'cast' '(Ljava/lang/Object;)Ljava/lang/Object;' in 'java/lang/Class')}
  0x000000010d858880: 0194 9dd2 | 2101 a4f2 | 2100 c0f2 | 28c8 40f9 | 0805 0091 | 28c8 00f9 | e203 00aa | e17b 40f9 
  0x000000010d8588a0: ; ImmutableOopMap {[200]=Oop [240]=Oop [248]=Oop }
                      ;*invokespecial <init> {reexecute=0 rethrow=0 return_oop=0}
                      ; - java.lang.Class::cast@21 (line 3523)
                      ; - java.lang.invoke.VarHandleReferences$FieldInstanceReadWrite::compareAndSet@15 (line 180)
                      ; - java.lang.invoke.VarHandleGuards::guard_LLL_Z@50 (line 68)
                      ; - java.util.concurrent.FutureTask::runAndReset@15 (line 361)
                      ;   {optimized virtual_call}
  0x000000010d8588a0: 083b a195 

  0x000000010d8588a4: ;   {post_call_nop}
  0x000000010d8588a4: 1f20 03d5 | 9fd3 83f2 | 1f20 82f2 | e07b 40f9 | bd00 0014 

  0x000000010d8588b8: ;   {metadata({method} {0x0000000120182310} 'runAndReset' '()Z' in 'java/util/concurrent/FutureTask')}
  0x000000010d8588b8: 0862 84d2 | 0803 a4f2 | 2800 c0f2 | e807 00f9 | 0800 8092 | e803 00f9 

  0x000000010d8588d0: ; ImmutableOopMap {c_rarg1=Oop [200]=Oop }
                      ;*synchronization entry
                      ; - java.util.concurrent.FutureTask::runAndReset@-1 (line 360)
                      ;   {runtime_call C1 Runtime counter_overflow_blob}
  0x000000010d8588d0: 9c83 a495 | 84f9 ff17 

  0x000000010d8588d8: ;   {metadata({method} {0x00001f8000277878} 'guard_LLL_Z' '(Ljava/lang/invoke/VarHandle;Ljava/lang/Object;Ljava/lang/Object;Ljava/lang/Object;Ljava/lang/invoke/VarHandle$AccessDescriptor;)Z' in 'java/lang/invoke/VarHandleGuards')}
  0x000000010d8588d8: 080f 8fd2 | e804 a0f2 | 08f0 c3f2 | e807 00f9 | 0800 8092 | e803 00f9 

  0x000000010d8588f0: ; ImmutableOopMap {c_rarg1=Oop c_rarg5=Oop [200]=Oop }
                      ;*synchronization entry
                      ; - java.lang.invoke.VarHandleGuards::guard_LLL_Z@-1 (line 66)
                      ; - java.util.concurrent.FutureTask::runAndReset@15 (line 361)
                      ;   {runtime_call C1 Runtime counter_overflow_blob}
  0x000000010d8588f0: 9483 a495 | bbf9 ff17 

  0x000000010d8588f8: ;   {metadata({method} {0x00001f80001eef80} 'checkAccessModeThenIsDirect' '(Ljava/lang/invoke/VarHandle$AccessDescriptor;)Z' in 'java/lang/invoke/VarHandle')}
  0x000000010d8588f8: 08f0 9dd2 | c803 a0f2 | 08f0 c3f2 | e807 00f9 | 0800 8092 | e803 00f9 

  0x000000010d858910: ; ImmutableOopMap {c_rarg1=Oop c_rarg5=Oop [200]=Oop }
                      ;*synchronization entry
                      ; - java.lang.invoke.VarHandle::checkAccessModeThenIsDirect@-1 (line 2100)
                      ; - java.lang.invoke.VarHandleGuards::guard_LLL_Z@3 (line 66)
                      ; - java.util.concurrent.FutureTask::runAndReset@15 (line 361)
                      ;   {runtime_call C1 Runtime counter_overflow_blob}
  0x000000010d858910: 8c83 a495 | e7f9 ff17 

  0x000000010d858918: ;   {metadata({method} {0x00001f8000277358} 'getMemberName' '(I)Ljava/lang/invoke/MemberName;' in 'java/lang/invoke/VarForm')}
  0x000000010d858918: 086b 8ed2 | e804 a0f2 | 08f0 c3f2 | e807 00f9 | 0800 8092 | e803 00f9 

  0x000000010d858930: ; ImmutableOopMap {c_rarg1=Oop c_rarg5=Oop [200]=Oop }
                      ;*synchronization entry
                      ; - java.lang.invoke.VarForm::getMemberName@-1 (line 116)
                      ; - java.lang.invoke.VarHandleGuards::guard_LLL_Z@47 (line 68)
                      ; - java.util.concurrent.FutureTask::runAndReset@15 (line 361)
                      ;   {runtime_call C1 Runtime counter_overflow_blob}
  0x000000010d858930: 8483 a495 | 25fa ff17 

  0x000000010d858938: ;   {metadata({method} {0x00001f8000367fb0} 'compareAndSet' '(Ljava/lang/invoke/VarHandle;Ljava/lang/Object;Ljava/lang/Object;Ljava/lang/Object;)Z' in 'java/lang/invoke/VarHandleReferences$FieldInstanceReadWrite')}
  0x000000010d858938: 08f6 8fd2 | c806 a0f2 | 08f0 c3f2 | e807 00f9 | 0800 8092 | e803 00f9 

  0x000000010d858950: ; ImmutableOopMap {c_rarg1=Oop c_rarg5=Oop [200]=Oop }
                      ;*synchronization entry
                      ; - java.lang.invoke.VarHandleReferences$FieldInstanceReadWrite::compareAndSet@-1 (line 179)
                      ; - java.lang.invoke.VarHandleGuards::guard_LLL_Z@50 (line 68)
                      ; - java.util.concurrent.FutureTask::runAndReset@15 (line 361)
                      ;   {runtime_call C1 Runtime counter_overflow_blob}
  0x000000010d858950: 7c83 a495 | 32fa ff17 

  0x000000010d858958: ;   {metadata({method} {0x00001f800017a0d8} 'cast' '(Ljava/lang/Object;)Ljava/lang/Object;' in 'java/lang/Class')}
  0x000000010d858958: 081b 94d2 | e802 a0f2 | 08f0 c3f2 | e807 00f9 | 0800 8092 | e803 00f9 

  0x000000010d858970: ; ImmutableOopMap {c_rarg1=Oop c_rarg5=Oop [200]=Oop }
                      ;*synchronization entry
                      ; - java.lang.Class::cast@-1 (line 3522)
                      ; - java.lang.invoke.VarHandleReferences$FieldInstanceReadWrite::compareAndSet@15 (line 180)
                      ; - java.lang.invoke.VarHandleGuards::guard_LLL_Z@50 (line 68)
                      ; - java.util.concurrent.FutureTask::runAndReset@15 (line 361)
                      ;   {runtime_call C1 Runtime counter_overflow_blob}
  0x000000010d858970: 7483 a495 | 5efa ff17 

  0x000000010d858978: ;   {metadata({method} {0x00001f800020bd78} 'requireNonNull' '(Ljava/lang/Object;)Ljava/lang/Object;' in 'java/util/Objects')}
  0x000000010d858978: 08af 97d2 | 0804 a0f2 | 08f0 c3f2 | e807 00f9 | 0800 8092 | e803 00f9 

  0x000000010d858990: ; ImmutableOopMap {c_rarg1=Oop c_rarg5=Oop [200]=Oop }
                      ;*synchronization entry
                      ; - java.util.Objects::requireNonNull@-1 (line 219)
                      ; - java.lang.invoke.VarHandleReferences$FieldInstanceReadWrite::compareAndSet@18 (line 180)
                      ; - java.lang.invoke.VarHandleGuards::guard_LLL_Z@50 (line 68)
                      ; - java.util.concurrent.FutureTask::runAndReset@15 (line 361)
                      ;   {runtime_call C1 Runtime counter_overflow_blob}
  0x000000010d858990: 6c83 a495 | aefa ff17 

  0x000000010d858998: ;   {metadata({method} {0x00001f800017a0d8} 'cast' '(Ljava/lang/Object;)Ljava/lang/Object;' in 'java/lang/Class')}
  0x000000010d858998: 081b 94d2 | e802 a0f2 | 08f0 c3f2 | e807 00f9 | 0800 8092 | e803 00f9 

  0x000000010d8589b0: ; ImmutableOopMap {c_rarg1=Oop c_rarg5=Oop [200]=Oop }
                      ;*synchronization entry
                      ; - java.lang.Class::cast@-1 (line 3522)
                      ; - java.lang.invoke.VarHandleReferences$FieldInstanceReadWrite::compareAndSet@32 (line 182)
                      ; - java.lang.invoke.VarHandleGuards::guard_LLL_Z@50 (line 68)
                      ; - java.util.concurrent.FutureTask::runAndReset@15 (line 361)
                      ;   {runtime_call C1 Runtime counter_overflow_blob}
  0x000000010d8589b0: 6483 a495 | e0fa ff17 

  0x000000010d8589b8: ;   {metadata({method} {0x00001f800017a0d8} 'cast' '(Ljava/lang/Object;)Ljava/lang/Object;' in 'java/lang/Class')}
  0x000000010d8589b8: 081b 94d2 | e802 a0f2 | 08f0 c3f2 | e807 00f9 | 0800 8092 | e803 00f9 

  0x000000010d8589d0: ; ImmutableOopMap {c_rarg1=Oop c_rarg5=Oop [200]=Oop }
                      ;*synchronization entry
                      ; - java.lang.Class::cast@-1 (line 3522)
                      ; - java.lang.invoke.VarHandleReferences$FieldInstanceReadWrite::compareAndSet@41 (line 183)
                      ; - java.lang.invoke.VarHandleGuards::guard_LLL_Z@50 (line 68)
                      ; - java.util.concurrent.FutureTask::runAndReset@15 (line 361)
                      ;   {runtime_call C1 Runtime counter_overflow_blob}
  0x000000010d8589d0: 5c83 a495 | 12fb ff17 | 0200 40b9 | 42f0 7dd3 | 626c ffb4 | e203 00f9 

  0x000000010d8589e8: ;   {runtime_call g1_pre_barrier_slow}
  0x000000010d8589e8: 2684 a495 | 60fb ff17 | 856d ffb4 | e003 00f9 

  0x000000010d8589f8: ;   {runtime_call g1_post_barrier_slow}
  0x000000010d8589f8: 5285 a495 | 69fb ff17 

  0x000000010d858a00: ; ImmutableOopMap {c_rarg2=Oop [200]=Oop }
                      ;*invokeinterface call {reexecute=0 rethrow=0 return_oop=0}
                      ; - java.util.concurrent.FutureTask::runAndReset@44 (line 369)
                      ;   {runtime_call C1 Runtime throw_null_pointer_exception_blob}
  0x000000010d858a00: 7076 a495 

  0x000000010d858a04: ;   {metadata({method} {0x0000000120181f78} 'setException' '(Ljava/lang/Throwable;)V' in 'java/util/concurrent/FutureTask')}
  0x000000010d858a04: 08ef 83d2 | 0803 a4f2 | 2800 c0f2 | e807 00f9 | 0800 8092 | e803 00f9 

  0x000000010d858a1c: ; ImmutableOopMap {c_rarg1=Oop c_rarg0=Oop [200]=Oop }
                      ;*synchronization entry
                      ; - java.util.concurrent.FutureTask::setException@-1 (line 311)
                      ; - java.util.concurrent.FutureTask::runAndReset@60 (line 372)
                      ;   {runtime_call C1 Runtime counter_overflow_blob}
  0x000000010d858a1c: 4983 a495 | fefb ff17 | 2214 40b9 | 42f0 7dd3 | 428b ffb4 | e203 00f9 

  0x000000010d858a34: ;   {runtime_call g1_pre_barrier_slow}
  0x000000010d858a34: 1384 a495 | 57fc ff17 | 808b ffb4 | e103 00f9 

  0x000000010d858a44: ;   {runtime_call g1_post_barrier_slow}
  0x000000010d858a44: 3f85 a495 | 59fc ff17 | 2318 40b9 | 63f0 7dd3 | c396 ffb4 | e303 00f9 

  0x000000010d858a5c: ;   {runtime_call g1_pre_barrier_slow}
  0x000000010d858a5c: 0984 a495 | b3fc ff17 | 4297 ffb4 | e103 00f9 

  0x000000010d858a6c: ;   {runtime_call g1_post_barrier_slow}
  0x000000010d858a6c: 3585 a495 | b7fc ff17 

  0x000000010d858a74: ;   {metadata({method} {0x0000000120182410} 'handlePossibleCancellationInterrupt' '(I)V' in 'java/util/concurrent/FutureTask')}
  0x000000010d858a74: 0882 84d2 | 0803 a4f2 | 2800 c0f2 | e807 00f9 | 0800 8092 | e803 00f9 

  0x000000010d858a8c: ; ImmutableOopMap {c_rarg1=Oop [200]=Oop }
                      ;*synchronization entry
                      ; - java.util.concurrent.FutureTask::handlePossibleCancellationInterrupt@-1 (line 395)
                      ; - java.util.concurrent.FutureTask::runAndReset@80 (line 383)
                      ;   {runtime_call C1 Runtime counter_overflow_blob}
  0x000000010d858a8c: 2d83 a495 | cefc ff17 

  0x000000010d858a94: ;   {metadata({method} {0x00001f800046db20} 'yield' '()V' in 'java/lang/Thread')}
  0x000000010d858a94: 0864 9bd2 | c808 a0f2 | 08f0 c3f2 | e807 00f9 | 0800 8092 | e803 00f9 

  0x000000010d858aac: ; ImmutableOopMap {c_rarg1=Oop [200]=Oop }
                      ;*synchronization entry
                      ; - java.lang.Thread::yield@-1 (line 432)
                      ; - java.util.concurrent.FutureTask::handlePossibleCancellationInterrupt@13 (line 397)
                      ; - java.util.concurrent.FutureTask::runAndReset@80 (line 383)
                      ;   {runtime_call C1 Runtime counter_overflow_blob}
  0x000000010d858aac: 2583 a495 | effc ff17 | e803 03aa 

  0x000000010d858ab8: ; ImmutableOopMap {[200]=Oop }
                      ;*checkcast {reexecute=0 rethrow=0 return_oop=0}
                      ; - java.lang.Thread::yield@12 (line 432)
                      ; - java.util.concurrent.FutureTask::handlePossibleCancellationInterrupt@13 (line 397)
                      ; - java.util.concurrent.FutureTask::runAndReset@80 (line 383)
                      ;   {runtime_call C1 Runtime throw_class_cast_exception_blob}
  0x000000010d858ab8: 627b a495 

  0x000000010d858abc: ; ImmutableOopMap {c_rarg3=Oop [200]=Oop }
                      ;*invokevirtual tryYield {reexecute=0 rethrow=0 return_oop=0}
                      ; - java.lang.Thread::yield@17 (line 433)
                      ; - java.util.concurrent.FutureTask::handlePossibleCancellationInterrupt@13 (line 397)
                      ; - java.util.concurrent.FutureTask::runAndReset@80 (line 383)
                      ;   {runtime_call C1 Runtime throw_null_pointer_exception_blob}
  0x000000010d858abc: 4176 a495 

  0x000000010d858ac0: ;   {metadata({method} {0x0000000120182410} 'handlePossibleCancellationInterrupt' '(I)V' in 'java/util/concurrent/FutureTask')}
  0x000000010d858ac0: 0882 84d2 | 0803 a4f2 | 2800 c0f2 | e807 00f9 | e803 7cb2 | e803 00f9 

  0x000000010d858ad8: ; ImmutableOopMap {[200]=Oop }
                      ;*goto {reexecute=1 rethrow=0 return_oop=0}
                      ; - (reexecute) java.util.concurrent.FutureTask::handlePossibleCancellationInterrupt@16 (line 397)
                      ; - java.util.concurrent.FutureTask::runAndReset@80 (line 383)
                      ;   {runtime_call C1 Runtime counter_overflow_blob}
  0x000000010d858ad8: 1a83 a495 | adfd ff17 | 2318 40b9 | 63f0 7dd3 | 83bb ffb4 | e303 00f9 

  0x000000010d858af0: ;   {runtime_call g1_pre_barrier_slow}
  0x000000010d858af0: e483 a495 | d9fd ff17 | 02bc ffb4 | e103 00f9 

  0x000000010d858b00: ;   {runtime_call g1_post_barrier_slow}
  0x000000010d858b00: 1085 a495 | ddfd ff17 

  0x000000010d858b08: ;   {metadata({method} {0x0000000120182410} 'handlePossibleCancellationInterrupt' '(I)V' in 'java/util/concurrent/FutureTask')}
  0x000000010d858b08: 0882 84d2 | 0803 a4f2 | 2800 c0f2 | e807 00f9 | 0800 8092 | e803 00f9 

  0x000000010d858b20: ; ImmutableOopMap {c_rarg0=Oop c_rarg1=Oop [200]=Oop [224]=Oop }
                      ;*synchronization entry
                      ; - java.util.concurrent.FutureTask::handlePossibleCancellationInterrupt@-1 (line 395)
                      ; - java.util.concurrent.FutureTask::runAndReset@105 (line 383)
                      ;   {runtime_call C1 Runtime counter_overflow_blob}
  0x000000010d858b20: 0883 a495 | f3fd ff17 

  0x000000010d858b28: ;   {metadata({method} {0x00001f800046db20} 'yield' '()V' in 'java/lang/Thread')}
  0x000000010d858b28: 0864 9bd2 | c808 a0f2 | 08f0 c3f2 | e807 00f9 | 0800 8092 | e803 00f9 

  0x000000010d858b40: ; ImmutableOopMap {c_rarg1=Oop [200]=Oop [224]=Oop }
                      ;*synchronization entry
                      ; - java.lang.Thread::yield@-1 (line 432)
                      ; - java.util.concurrent.FutureTask::handlePossibleCancellationInterrupt@13 (line 397)
                      ; - java.util.concurrent.FutureTask::runAndReset@105 (line 383)
                      ;   {runtime_call C1 Runtime counter_overflow_blob}
  0x000000010d858b40: 0083 a495 | 13fe ff17 | e803 02aa 

  0x000000010d858b4c: ; ImmutableOopMap {[200]=Oop [224]=Oop }
                      ;*checkcast {reexecute=0 rethrow=0 return_oop=0}
                      ; - java.lang.Thread::yield@12 (line 432)
                      ; - java.util.concurrent.FutureTask::handlePossibleCancellationInterrupt@13 (line 397)
                      ; - java.util.concurrent.FutureTask::runAndReset@105 (line 383)
                      ;   {runtime_call C1 Runtime throw_class_cast_exception_blob}
  0x000000010d858b4c: 3d7b a495 

  0x000000010d858b50: ; ImmutableOopMap {c_rarg2=Oop [200]=Oop [224]=Oop }
                      ;*invokevirtual tryYield {reexecute=0 rethrow=0 return_oop=0}
                      ; - java.lang.Thread::yield@17 (line 433)
                      ; - java.util.concurrent.FutureTask::handlePossibleCancellationInterrupt@13 (line 397)
                      ; - java.util.concurrent.FutureTask::runAndReset@105 (line 383)
                      ;   {runtime_call C1 Runtime throw_null_pointer_exception_blob}
  0x000000010d858b50: 1c76 a495 

  0x000000010d858b54: ;   {metadata({method} {0x0000000120182410} 'handlePossibleCancellationInterrupt' '(I)V' in 'java/util/concurrent/FutureTask')}
  0x000000010d858b54: 0882 84d2 | 0803 a4f2 | 2800 c0f2 | e807 00f9 | e803 7cb2 | e803 00f9 

  0x000000010d858b6c: ; ImmutableOopMap {[200]=Oop [224]=Oop }
                      ;*goto {reexecute=1 rethrow=0 return_oop=0}
                      ; - (reexecute) java.util.concurrent.FutureTask::handlePossibleCancellationInterrupt@16 (line 397)
                      ; - java.util.concurrent.FutureTask::runAndReset@105 (line 383)
                      ;   {runtime_call C1 Runtime counter_overflow_blob}
  0x000000010d858b6c: f582 a495 | d1fe ff17 

  0x000000010d858b74: ;   {internal_word}
  0x000000010d858b74: c8dc ff10 | 8833 02f9 

  0x000000010d858b7c: ;   {runtime_call SafepointBlob}
  0x000000010d858b7c: c153 a115 

  0x000000010d858b80: ;   {internal_word}
  0x000000010d858b80: 48dd ff10 | 8833 02f9 

  0x000000010d858b88: ;   {runtime_call SafepointBlob}
  0x000000010d858b88: be53 a115 

  0x000000010d858b8c: ; ImmutableOopMap {c_rarg5=Oop [200]=Oop }
                      ;*new {reexecute=0 rethrow=0 return_oop=0}
                      ; - java.lang.Class::cast@12 (line 3523)
                      ; - java.lang.invoke.VarHandleReferences$FieldInstanceReadWrite::compareAndSet@41 (line 183)
                      ; - java.lang.invoke.VarHandleGuards::guard_LLL_Z@50 (line 68)
                      ; - java.util.concurrent.FutureTask::runAndReset@15 (line 361)
                      ;   {runtime_call C1 Runtime fast_new_instance_blob}
  0x000000010d858b8c: 5d77 a495 | fbfe ff17 

  0x000000010d858b94: ; ImmutableOopMap {c_rarg1=Oop [200]=Oop [248]=Oop }
                      ;*new {reexecute=0 rethrow=0 return_oop=0}
                      ; - java.lang.Class::cast@12 (line 3523)
                      ; - java.lang.invoke.VarHandleReferences$FieldInstanceReadWrite::compareAndSet@15 (line 180)
                      ; - java.lang.invoke.VarHandleGuards::guard_LLL_Z@50 (line 68)
                      ; - java.util.concurrent.FutureTask::runAndReset@15 (line 361)
                      ;   {runtime_call C1 Runtime fast_new_instance_blob}
  0x000000010d858b94: 5b77 a495 | 28ff ff17 | 8087 42f9 | 9f87 02f9 | 9f8b 02f9 | fd7b 51a9 | ff83 0491 

  0x000000010d858bb0: ;   {runtime_call C1 Runtime unwind_exception_blob}
  0x000000010d858bb0: 4473 a415 | 0000 0000 
[Stub Code]
  0x000000010d858bb8: ;   {no_reloc}
  0x000000010d858bb8: df3f 03d5 

  0x000000010d858bbc: ;   {metadata(nullptr)}
  0x000000010d858bbc: 0c00 80d2 | 0c00 a0f2 | 0c00 c0f2 | 0800 80d2 | 0800 a0f2 | 0800 c0f2 | 0001 1fd6 

  0x000000010d858bd8: ;   {trampoline_stub}
  0x000000010d858bd8: 4800 0058 | 0001 1fd6 | ac90 850d | 0100 0000 

  0x000000010d858be8: ;   {static_stub}
  0x000000010d858be8: df3f 03d5 

  0x000000010d858bec: ;   {metadata(nullptr)}
  0x000000010d858bec: 0c00 80d2 | 0c00 a0f2 | 0c00 c0f2 | 0800 80d2 | 0800 a0f2 | 0800 c0f2 | 0001 1fd6 

  0x000000010d858c08: ;   {trampoline_stub}
  0x000000010d858c08: 4800 0058 | 0001 1fd6 | c074 0a14 | 0100 0000 

  0x000000010d858c18: ;   {static_stub}
  0x000000010d858c18: df3f 03d5 

  0x000000010d858c1c: ;   {metadata(nullptr)}
  0x000000010d858c1c: 0c00 80d2 | 0c00 a0f2 | 0c00 c0f2 | 0800 80d2 | 0800 a0f2 | 0800 c0f2 | 0001 1fd6 

  0x000000010d858c38: ;   {trampoline_stub}
  0x000000010d858c38: 4800 0058 | 0001 1fd6 | c074 0a14 | 0100 0000 

  0x000000010d858c48: ;   {trampoline_stub}
  0x000000010d858c48: 4800 0058 | 0001 1fd6 | c074 0a14 | 0100 0000 

  0x000000010d858c58: ;   {static_stub}
  0x000000010d858c58: df3f 03d5 

  0x000000010d858c5c: ;   {metadata(nullptr)}
  0x000000010d858c5c: 0c00 80d2 | 0c00 a0f2 | 0c00 c0f2 | 0800 80d2 | 0800 a0f2 | 0800 c0f2 | 0001 1fd6 

  0x000000010d858c78: ;   {trampoline_stub}
  0x000000010d858c78: 4800 0058 | 0001 1fd6 | c074 0a14 | 0100 0000 

  0x000000010d858c88: ;   {trampoline_stub}
  0x000000010d858c88: 4800 0058 | 0001 1fd6 | c078 0a14 | 0100 0000 

  0x000000010d858c98: ;   {static_stub}
  0x000000010d858c98: df3f 03d5 

  0x000000010d858c9c: ;   {metadata(nullptr)}
  0x000000010d858c9c: 0c00 80d2 | 0c00 a0f2 | 0c00 c0f2 | 0800 80d2 | 0800 a0f2 | 0800 c0f2 | 0001 1fd6 

  0x000000010d858cb8: ;   {trampoline_stub}
  0x000000010d858cb8: 4800 0058 | 0001 1fd6 | c074 0a14 | 0100 0000 

  0x000000010d858cc8: ;   {trampoline_stub}
  0x000000010d858cc8: 4800 0058 | 0001 1fd6 | c078 0a14 | 0100 0000 

  0x000000010d858cd8: ;   {trampoline_stub}
  0x000000010d858cd8: 4800 0058 | 0001 1fd6 | c074 0a14 | 0100 0000 

  0x000000010d858ce8: ;   {trampoline_stub}
  0x000000010d858ce8: 4800 0058 | 0001 1fd6 | c074 0a14 | 0100 0000 

  0x000000010d858cf8: ;   {trampoline_stub}
  0x000000010d858cf8: 4800 0058 | 0001 1fd6 | c074 0a14 | 0100 0000 

  0x000000010d858d08: ;   {trampoline_stub}
  0x000000010d858d08: 4800 0058 | 0001 1fd6 | c074 0a14 | 0100 0000 

  0x000000010d858d18: ;   {static_stub}
  0x000000010d858d18: df3f 03d5 

  0x000000010d858d1c: ;   {metadata(nullptr)}
  0x000000010d858d1c: 0c00 80d2 | 0c00 a0f2 | 0c00 c0f2 | 0800 80d2 | 0800 a0f2 | 0800 c0f2 | 0001 1fd6 

  0x000000010d858d38: ;   {static_stub}
  0x000000010d858d38: df3f 03d5 

  0x000000010d858d3c: ;   {metadata(nullptr)}
  0x000000010d858d3c: 0c00 80d2 | 0c00 a0f2 | 0c00 c0f2 | 0800 80d2 | 0800 a0f2 | 0800 c0f2 | 0001 1fd6 

  0x000000010d858d58: ;   {static_stub}
  0x000000010d858d58: df3f 03d5 

  0x000000010d858d5c: ;   {metadata(nullptr)}
  0x000000010d858d5c: 0c00 80d2 | 0c00 a0f2 | 0c00 c0f2 | 0800 80d2 | 0800 a0f2 | 0800 c0f2 | 0001 1fd6 

  0x000000010d858d78: ;   {static_stub}
  0x000000010d858d78: df3f 03d5 

  0x000000010d858d7c: ;   {metadata(nullptr)}
  0x000000010d858d7c: 0c00 80d2 | 0c00 a0f2 | 0c00 c0f2 | 0800 80d2 | 0800 a0f2 | 0800 c0f2 | 0001 1fd6 
[Exception Handler]
  0x000000010d858d98: ;   {runtime_call C1 Runtime handle_exception_from_callee_blob}
  0x000000010d858d98: ea79 a495 | c1d5 bbd4 | c9de e203 | 0100 0000 
[Deopt Handler Code]
  0x000000010d858da8: 1e00 0010 

  0x000000010d858dac: ;   {runtime_call DeoptimizationBlob}
  0x000000010d858dac: b553 a115 
[/MachCode]


---------------  P R O C E S S  ---------------

Threads class SMR info:
_java_thread_list=0x0000600002ecd480, length=20, elements={
0x000000014381f400, 0x0000000154889400, 0x000000015381d600, 0x000000015480ec00,
0x000000015488a200, 0x000000015488aa00, 0x000000015488b200, 0x000000015488ba00,
0x000000015580d400, 0x0000000155876600, 0x0000000155877600, 0x00000001438c4400,
0x00000001438c4c00, 0x0000000154dc7a00, 0x0000000155951800, 0x0000000154dee000,
0x0000000155dfce00, 0x0000000133e6da00, 0x000000013402e000, 0x0000000130012800
}

Java Threads: ( => current thread )
  0x000000014381f400 JavaThread "main"                              [_thread_blocked, id=6403, stack(0x000000016dc94000,0x000000016de97000) (2060K)]
  0x0000000154889400 JavaThread "Reference Handler"          daemon [_thread_blocked, id=25603, stack(0x000000016ee98000,0x000000016f09b000) (2060K)]
  0x000000015381d600 JavaThread "Finalizer"                  daemon [_thread_blocked, id=29955, stack(0x000000016f0a4000,0x000000016f2a7000) (2060K)]
  0x000000015480ec00 JavaThread "Signal Dispatcher"          daemon [_thread_blocked, id=29699, stack(0x000000016f2b0000,0x000000016f4b3000) (2060K)]
  0x000000015488a200 JavaThread "Service Thread"             daemon [_thread_blocked, id=29443, stack(0x000000016f4bc000,0x000000016f6bf000) (2060K)]
  0x000000015488aa00 JavaThread "Monitor Deflation Thread"   daemon [_thread_blocked, id=29187, stack(0x000000016f6c8000,0x000000016f8cb000) (2060K)]
  0x000000015488b200 JavaThread "C2 CompilerThread0"         daemon [_thread_in_native, id=28931, stack(0x000000016f8d4000,0x000000016fad7000) (2060K)]
  0x000000015488ba00 JavaThread "C1 CompilerThread0"         daemon [_thread_blocked, id=28419, stack(0x000000016fae0000,0x000000016fce3000) (2060K)]
  0x000000015580d400 JavaThread "Common-Cleaner"             daemon [_thread_blocked, id=28163, stack(0x000000016fcec000,0x000000016feef000) (2060K)]
  0x0000000155876600 JavaThread "Notification Thread"        daemon [_thread_blocked, id=27907, stack(0x000000016fef8000,0x00000001700fb000) (2060K)]
  0x0000000155877600 JavaThread "QuantumRenderer-0"          daemon [_thread_blocked, id=27651, stack(0x0000000170104000,0x0000000170307000) (2060K)]
  0x00000001438c4400 JavaThread "InvokeLaterDispatcher"      daemon [_thread_blocked, id=39179, stack(0x0000000170310000,0x0000000170513000) (2060K)]
  0x00000001438c4c00 JavaThread "JavaFX Application Thread"         [_thread_in_Java, id=259, stack(0x000000016d40c000,0x000000016dc08000) (8176K)]
  0x0000000154dc7a00 JavaThread "JavaFX-Launcher"                   [_thread_blocked, id=54279, stack(0x0000000170634000,0x0000000170837000) (2060K)]
  0x0000000155951800 JavaThread "Prism Font Disposer"        daemon [_thread_blocked, id=67851, stack(0x0000000170840000,0x0000000170a43000) (2060K)]
  0x0000000154dee000 JavaThread "mysql-cj-abandoned-connection-cleanup" daemon [_thread_blocked, id=58375, stack(0x0000000170a4c000,0x0000000170c4f000) (2060K)]
  0x0000000155dfce00 JavaThread "Cleaner-0"                  daemon [_thread_blocked, id=80651, stack(0x0000000171bc4000,0x0000000171dc7000) (2060K)]
  0x0000000133e6da00 JavaThread "JavaCPP Deallocator"        daemon [_thread_blocked, id=90995, stack(0x0000000172068000,0x000000017226b000) (2060K)]
=>0x000000013402e000 JavaThread "FaceCapture-Thread"         daemon [_thread_in_native, id=138763, stack(0x0000000177a50000,0x0000000177c53000) (2060K)]
  0x0000000130012800 JavaThread "PulseTimer-CVDisplayLink thread" daemon [_thread_in_native, id=117139, stack(0x000000016ecf4000,0x000000016ed77000) (524K)]
Total: 20

Other Threads:
  0x0000000153607bb0 VMThread "VM Thread"                           [id=19459, stack(0x000000016eae8000,0x000000016eceb000) (2060K)]
  0x0000000153709e40 WatcherThread "VM Periodic Task Thread"        [id=20999, stack(0x000000016e8dc000,0x000000016eadf000) (2060K)]
  0x0000000154106f30 WorkerThread "GC Thread#0"                     [id=12547, stack(0x000000016dea0000,0x000000016e0a3000) (2060K)]
  0x0000000153737940 WorkerThread "GC Thread#1"                     [id=83715, stack(0x0000000170c58000,0x0000000170e5b000) (2060K)]
  0x0000000154265d20 WorkerThread "GC Thread#2"                     [id=83459, stack(0x0000000170e64000,0x0000000171067000) (2060K)]
  0x00000001542662a0 WorkerThread "GC Thread#3"                     [id=69379, stack(0x0000000171070000,0x0000000171273000) (2060K)]
  0x0000000154266820 WorkerThread "GC Thread#4"                     [id=69891, stack(0x000000017127c000,0x000000017147f000) (2060K)]
  0x0000000154266da0 WorkerThread "GC Thread#5"                     [id=82947, stack(0x0000000171488000,0x000000017168b000) (2060K)]
  0x0000000153738540 WorkerThread "GC Thread#6"                     [id=70403, stack(0x0000000171694000,0x0000000171897000) (2060K)]
  0x0000000154298150 WorkerThread "GC Thread#7"                     [id=73739, stack(0x00000001718a0000,0x0000000171aa3000) (2060K)]
  0x0000000153704ea0 ConcurrentGCThread "G1 Main Marker"            [id=13059, stack(0x000000016e0ac000,0x000000016e2af000) (2060K)]
  0x0000000153705820 WorkerThread "G1 Conc#0"                       [id=13827, stack(0x000000016e2b8000,0x000000016e4bb000) (2060K)]
  0x000000015368f080 WorkerThread "G1 Conc#1"                       [id=122691, stack(0x0000000171dd0000,0x0000000171fd3000) (2060K)]
  0x0000000154879c00 ConcurrentGCThread "G1 Refine#0"               [id=21507, stack(0x000000016e4c4000,0x000000016e6c7000) (2060K)]
  0x0000000153707d50 ConcurrentGCThread "G1 Service"                [id=16899, stack(0x000000016e6d0000,0x000000016e8d3000) (2060K)]
Total: 15

Threads with active compile tasks:
C2 CompilerThread0  381935 11336       4       com.sun.javafx.iio.common.SmoothMinifier::putSourceScanline (781 bytes)
Total: 1

VM state: not at safepoint (normal execution)

VM Mutex/Monitor currently owned by a thread: None

Heap address: 0x0000000780000000, size: 2048 MB, Compressed Oops mode: Zero based, Oop shift amount: 3

CDS archive(s) mapped at: [0x00001f8000000000-0x00001f8000d20000-0x00001f8000d20000), size 13762560, SharedBaseAddress: 0x00001f8000000000, ArchiveRelocationMode: 1.
Compressed class space mapped at: 0x00001f8001000000-0x00001f8041000000, reserved size: 1073741824
UseCompressedClassPointers 1, UseCompactObjectHeaders 0
Narrow klass pointer bits 32, Max shift 3
Narrow klass base: 0x00001f8000000000, Narrow klass shift: 0
Encoding Range: [0x00001f8000000000 - 0x00001f8100000000), (4294967296 bytes)
Klass Range:    [0x00001f8000000000 - 0x00001f8041000000), (1090519040 bytes)
Klass ID Range:  [8 - 1090519033) (1090519025)

GC Precious Log:
 CardTable entry size: 512
 Card Set container configuration: InlinePtr #cards 5 size 8 Array Of Cards #cards 10 size 36 Howl #buckets 4 coarsen threshold 1843 Howl Bitmap #cards 512 size 80 coarsen threshold 460 Card regions per heap region 1 cards per card region 2048
 CPUs: 8 total, 8 available
 Memory: 8192M
 Large Page Support: Disabled
 NUMA Support: Disabled
 Compressed Oops: Enabled (Zero based)
 Heap Region Size: 1M
 Heap Min Capacity: 8M
 Heap Initial Capacity: 128M
 Heap Max Capacity: 2G
 Pre-touch: Disabled
 Parallel Workers: 8
 Concurrent Workers: 2
 Concurrent Refinement Workers: 8
 Periodic GC: Disabled

Heap:
 garbage-first heap   total reserved 2097152K, committed 196608K, used 191169K [0x0000000780000000, 0x0000000800000000)
  region size 1024K, 18 young (18432K), 2 survivors (2048K)
 Metaspace       used 43638K, committed 44032K, reserved 1114112K
  class space    used 4652K, committed 4800K, reserved 1048576K

Heap Regions: E=young(eden), S=young(survivor), O=old, HS=humongous(starts), HC=humongous(continues), CS=collection set, F=free, TAMS=top-at-mark-start, PB=parsable bottom
|   0|0x0000000780000000, 0x0000000780100000, 0x0000000780100000|100%|HS|  |TAMS 0x0000000780000000| PB 0x0000000780000000| Complete |  0
|   1|0x0000000780100000, 0x0000000780200000, 0x0000000780200000|100%|HC|  |TAMS 0x0000000780100000| PB 0x0000000780100000| Complete |  0
|   2|0x0000000780200000, 0x0000000780300000, 0x0000000780300000|100%|HC|  |TAMS 0x0000000780200000| PB 0x0000000780200000| Complete |  0
|   3|0x0000000780300000, 0x0000000780400000, 0x0000000780400000|100%|HC|  |TAMS 0x0000000780300000| PB 0x0000000780300000| Complete |  0
|   4|0x0000000780400000, 0x0000000780500000, 0x0000000780500000|100%|HC|  |TAMS 0x0000000780400000| PB 0x0000000780400000| Complete |  0
|   5|0x0000000780500000, 0x0000000780600000, 0x0000000780600000|100%| O|  |TAMS 0x0000000780500000| PB 0x0000000780500000| Untracked |  0
|   6|0x0000000780600000, 0x0000000780700000, 0x0000000780700000|100%| O|  |TAMS 0x0000000780600000| PB 0x0000000780600000| Untracked |  0
|   7|0x0000000780700000, 0x0000000780800000, 0x0000000780800000|100%| O|  |TAMS 0x0000000780700000| PB 0x0000000780700000| Untracked |  0
|   8|0x0000000780800000, 0x0000000780900000, 0x0000000780900000|100%| O|  |TAMS 0x0000000780800000| PB 0x0000000780800000| Untracked |  0
|   9|0x0000000780900000, 0x0000000780a00000, 0x0000000780a00000|100%| O|  |TAMS 0x0000000780900000| PB 0x0000000780900000| Untracked |  0
|  10|0x0000000780a00000, 0x0000000780b00000, 0x0000000780b00000|100%| O|  |TAMS 0x0000000780a00000| PB 0x0000000780a00000| Untracked |  0
|  11|0x0000000780b00000, 0x0000000780c00000, 0x0000000780c00000|100%| O|  |TAMS 0x0000000780b00000| PB 0x0000000780b00000| Untracked |  0
|  12|0x0000000780c00000, 0x0000000780d00000, 0x0000000780d00000|100%| O|  |TAMS 0x0000000780c00000| PB 0x0000000780c00000| Untracked |  0
|  13|0x0000000780d00000, 0x0000000780e00000, 0x0000000780e00000|100%| O|  |TAMS 0x0000000780d00000| PB 0x0000000780d00000| Untracked |  0
|  14|0x0000000780e00000, 0x0000000780f00000, 0x0000000780f00000|100%| O|  |TAMS 0x0000000780e00000| PB 0x0000000780e00000| Untracked |  0
|  15|0x0000000780f00000, 0x0000000781000000, 0x0000000781000000|100%| O|  |TAMS 0x0000000780f00000| PB 0x0000000780f00000| Untracked |  0
|  16|0x0000000781000000, 0x0000000781100000, 0x0000000781100000|100%| O|  |TAMS 0x0000000781000000| PB 0x0000000781000000| Untracked |  0
|  17|0x0000000781100000, 0x0000000781200000, 0x0000000781200000|100%| O|  |TAMS 0x0000000781100000| PB 0x0000000781100000| Untracked |  0
|  18|0x0000000781200000, 0x0000000781300000, 0x0000000781300000|100%| O|  |TAMS 0x0000000781200000| PB 0x0000000781200000| Untracked |  0
|  19|0x0000000781300000, 0x0000000781400000, 0x0000000781400000|100%| O|  |TAMS 0x0000000781300000| PB 0x0000000781300000| Untracked |  0
|  20|0x0000000781400000, 0x0000000781500000, 0x0000000781500000|100%| O|  |TAMS 0x0000000781400000| PB 0x0000000781400000| Untracked |  0
|  21|0x0000000781500000, 0x0000000781600000, 0x0000000781600000|100%|HS|  |TAMS 0x0000000781500000| PB 0x0000000781500000| Complete |  0
|  22|0x0000000781600000, 0x0000000781700000, 0x0000000781700000|100%| O|  |TAMS 0x0000000781600000| PB 0x0000000781600000| Untracked |  0
|  23|0x0000000781700000, 0x0000000781800000, 0x0000000781800000|100%| O|  |TAMS 0x0000000781700000| PB 0x0000000781700000| Untracked |  0
|  24|0x0000000781800000, 0x0000000781900000, 0x0000000781900000|100%| O|Cm|TAMS 0x0000000781800000| PB 0x0000000781800000| Complete |  0
|  25|0x0000000781900000, 0x0000000781a00000, 0x0000000781a00000|100%| O|  |TAMS 0x0000000781900000| PB 0x0000000781900000| Untracked |  0
|  26|0x0000000781a00000, 0x0000000781b00000, 0x0000000781b00000|100%|HS|  |TAMS 0x0000000781a00000| PB 0x0000000781a00000| Complete |  0
|  27|0x0000000781b00000, 0x0000000781c00000, 0x0000000781c00000|100%|HC|  |TAMS 0x0000000781b00000| PB 0x0000000781b00000| Complete |  0
|  28|0x0000000781c00000, 0x0000000781d00000, 0x0000000781d00000|100%| O|  |TAMS 0x0000000781c00000| PB 0x0000000781c00000| Untracked |  0
|  29|0x0000000781d00000, 0x0000000781e00000, 0x0000000781e00000|100%| O|Cm|TAMS 0x0000000781d00000| PB 0x0000000781d00000| Complete |  0
|  30|0x0000000781e00000, 0x0000000781f00000, 0x0000000781f00000|100%|HS|  |TAMS 0x0000000781e00000| PB 0x0000000781e00000| Complete |  0
|  31|0x0000000781f00000, 0x0000000782000000, 0x0000000782000000|100%| O|  |TAMS 0x0000000781f00000| PB 0x0000000781f00000| Untracked |  0
|  32|0x0000000782000000, 0x0000000782100000, 0x0000000782100000|100%| O|  |TAMS 0x0000000782000000| PB 0x0000000782000000| Untracked |  0
|  33|0x0000000782100000, 0x0000000782200000, 0x0000000782200000|100%| O|  |TAMS 0x0000000782100000| PB 0x0000000782100000| Untracked |  0
|  34|0x0000000782200000, 0x0000000782300000, 0x0000000782300000|100%| O|  |TAMS 0x0000000782200000| PB 0x0000000782200000| Untracked |  0
|  35|0x0000000782300000, 0x0000000782400000, 0x0000000782400000|100%| O|  |TAMS 0x0000000782300000| PB 0x0000000782300000| Untracked |  0
|  36|0x0000000782400000, 0x0000000782500000, 0x0000000782500000|100%|HS|  |TAMS 0x0000000782400000| PB 0x0000000782400000| Complete |  0
|  37|0x0000000782500000, 0x0000000782600000, 0x0000000782600000|100%|HC|  |TAMS 0x0000000782500000| PB 0x0000000782500000| Complete |  0
|  38|0x0000000782600000, 0x0000000782700000, 0x0000000782700000|100%|HS|  |TAMS 0x0000000782600000| PB 0x0000000782600000| Complete |  0
|  39|0x0000000782700000, 0x0000000782800000, 0x0000000782800000|100%|HS|  |TAMS 0x0000000782700000| PB 0x0000000782700000| Complete |  0
|  40|0x0000000782800000, 0x0000000782900000, 0x0000000782900000|100%|HC|  |TAMS 0x0000000782800000| PB 0x0000000782800000| Complete |  0
|  41|0x0000000782900000, 0x0000000782a00000, 0x0000000782a00000|100%|HS|  |TAMS 0x0000000782900000| PB 0x0000000782900000| Complete |  0
|  42|0x0000000782a00000, 0x0000000782b00000, 0x0000000782b00000|100%|HC|  |TAMS 0x0000000782a00000| PB 0x0000000782a00000| Complete |  0
|  43|0x0000000782b00000, 0x0000000782c00000, 0x0000000782c00000|100%|HS|  |TAMS 0x0000000782b00000| PB 0x0000000782b00000| Complete |  0
|  44|0x0000000782c00000, 0x0000000782d00000, 0x0000000782d00000|100%|HC|  |TAMS 0x0000000782c00000| PB 0x0000000782c00000| Complete |  0
|  45|0x0000000782d00000, 0x0000000782e00000, 0x0000000782e00000|100%|HC|  |TAMS 0x0000000782d00000| PB 0x0000000782d00000| Complete |  0
|  46|0x0000000782e00000, 0x0000000782f00000, 0x0000000782f00000|100%|HC|  |TAMS 0x0000000782e00000| PB 0x0000000782e00000| Complete |  0
|  47|0x0000000782f00000, 0x0000000783000000, 0x0000000783000000|100%|HS|  |TAMS 0x0000000782f00000| PB 0x0000000782f00000| Complete |  0
|  48|0x0000000783000000, 0x0000000783100000, 0x0000000783100000|100%|HS|  |TAMS 0x0000000783000000| PB 0x0000000783000000| Complete |  0
|  49|0x0000000783100000, 0x0000000783200000, 0x0000000783200000|100%|HC|  |TAMS 0x0000000783100000| PB 0x0000000783100000| Complete |  0
|  50|0x0000000783200000, 0x0000000783300000, 0x0000000783300000|100%|HS|  |TAMS 0x0000000783200000| PB 0x0000000783200000| Complete |  0
|  51|0x0000000783300000, 0x0000000783400000, 0x0000000783400000|100%|HS|  |TAMS 0x0000000783300000| PB 0x0000000783300000| Complete |  0
|  52|0x0000000783400000, 0x0000000783500000, 0x0000000783500000|100%|HC|  |TAMS 0x0000000783400000| PB 0x0000000783400000| Complete |  0
|  53|0x0000000783500000, 0x0000000783600000, 0x0000000783600000|100%|HS|  |TAMS 0x0000000783500000| PB 0x0000000783500000| Complete |  0
|  54|0x0000000783600000, 0x0000000783700000, 0x0000000783700000|100%|HS|  |TAMS 0x0000000783600000| PB 0x0000000783600000| Complete |  0
|  55|0x0000000783700000, 0x0000000783800000, 0x0000000783800000|100%|HC|  |TAMS 0x0000000783700000| PB 0x0000000783700000| Complete |  0
|  56|0x0000000783800000, 0x0000000783900000, 0x0000000783900000|100%|HS|  |TAMS 0x0000000783800000| PB 0x0000000783800000| Complete |  0
|  57|0x0000000783900000, 0x0000000783a00000, 0x0000000783a00000|100%|HS|  |TAMS 0x0000000783900000| PB 0x0000000783900000| Complete |  0
|  58|0x0000000783a00000, 0x0000000783b00000, 0x0000000783b00000|100%|HC|  |TAMS 0x0000000783a00000| PB 0x0000000783a00000| Complete |  0
|  59|0x0000000783b00000, 0x0000000783c00000, 0x0000000783c00000|100%|HS|  |TAMS 0x0000000783b00000| PB 0x0000000783b00000| Complete |  0
|  60|0x0000000783c00000, 0x0000000783d00000, 0x0000000783d00000|100%|HS|  |TAMS 0x0000000783c00000| PB 0x0000000783c00000| Complete |  0
|  61|0x0000000783d00000, 0x0000000783e00000, 0x0000000783e00000|100%|HC|  |TAMS 0x0000000783d00000| PB 0x0000000783d00000| Complete |  0
|  62|0x0000000783e00000, 0x0000000783f00000, 0x0000000783f00000|100%|HS|  |TAMS 0x0000000783e00000| PB 0x0000000783e00000| Complete |  0
|  63|0x0000000783f00000, 0x0000000784000000, 0x0000000784000000|100%|HS|  |TAMS 0x0000000783f00000| PB 0x0000000783f00000| Complete |  0
|  64|0x0000000784000000, 0x0000000784100000, 0x0000000784100000|100%|HC|  |TAMS 0x0000000784000000| PB 0x0000000784000000| Complete |  0
|  65|0x0000000784100000, 0x0000000784200000, 0x0000000784200000|100%|HS|  |TAMS 0x0000000784100000| PB 0x0000000784100000| Complete |  0
|  66|0x0000000784200000, 0x0000000784300000, 0x0000000784300000|100%|HS|  |TAMS 0x0000000784200000| PB 0x0000000784200000| Complete |  0
|  67|0x0000000784300000, 0x0000000784400000, 0x0000000784400000|100%|HC|  |TAMS 0x0000000784300000| PB 0x0000000784300000| Complete |  0
|  68|0x0000000784400000, 0x0000000784500000, 0x0000000784500000|100%|HS|  |TAMS 0x0000000784400000| PB 0x0000000784400000| Complete |  0
|  69|0x0000000784500000, 0x0000000784600000, 0x0000000784600000|100%|HS|  |TAMS 0x0000000784500000| PB 0x0000000784500000| Complete |  0
|  70|0x0000000784600000, 0x0000000784700000, 0x0000000784700000|100%|HC|  |TAMS 0x0000000784600000| PB 0x0000000784600000| Complete |  0
|  71|0x0000000784700000, 0x0000000784800000, 0x0000000784800000|100%|HS|  |TAMS 0x0000000784700000| PB 0x0000000784700000| Complete |  0
|  72|0x0000000784800000, 0x0000000784900000, 0x0000000784900000|100%|HS|  |TAMS 0x0000000784800000| PB 0x0000000784800000| Complete |  0
|  73|0x0000000784900000, 0x0000000784a00000, 0x0000000784a00000|100%|HC|  |TAMS 0x0000000784900000| PB 0x0000000784900000| Complete |  0
|  74|0x0000000784a00000, 0x0000000784b00000, 0x0000000784b00000|100%|HS|  |TAMS 0x0000000784a00000| PB 0x0000000784a00000| Complete |  0
|  75|0x0000000784b00000, 0x0000000784c00000, 0x0000000784c00000|100%|HS|  |TAMS 0x0000000784b00000| PB 0x0000000784b00000| Complete |  0
|  76|0x0000000784c00000, 0x0000000784d00000, 0x0000000784d00000|100%|HC|  |TAMS 0x0000000784c00000| PB 0x0000000784c00000| Complete |  0
|  77|0x0000000784d00000, 0x0000000784e00000, 0x0000000784e00000|100%|HS|  |TAMS 0x0000000784d00000| PB 0x0000000784d00000| Complete |  0
|  78|0x0000000784e00000, 0x0000000784f00000, 0x0000000784f00000|100%|HS|  |TAMS 0x0000000784e00000| PB 0x0000000784e00000| Complete |  0
|  79|0x0000000784f00000, 0x0000000785000000, 0x0000000785000000|100%|HC|  |TAMS 0x0000000784f00000| PB 0x0000000784f00000| Complete |  0
|  80|0x0000000785000000, 0x0000000785100000, 0x0000000785100000|100%|HS|  |TAMS 0x0000000785000000| PB 0x0000000785000000| Complete |  0
|  81|0x0000000785100000, 0x0000000785200000, 0x0000000785200000|100%|HS|  |TAMS 0x0000000785100000| PB 0x0000000785100000| Complete |  0
|  82|0x0000000785200000, 0x0000000785300000, 0x0000000785300000|100%|HC|  |TAMS 0x0000000785200000| PB 0x0000000785200000| Complete |  0
|  83|0x0000000785300000, 0x0000000785400000, 0x0000000785400000|100%|HS|  |TAMS 0x0000000785300000| PB 0x0000000785300000| Complete |  0
|  84|0x0000000785400000, 0x0000000785500000, 0x0000000785500000|100%|HS|  |TAMS 0x0000000785400000| PB 0x0000000785400000| Complete |  0
|  85|0x0000000785500000, 0x0000000785600000, 0x0000000785600000|100%|HC|  |TAMS 0x0000000785500000| PB 0x0000000785500000| Complete |  0
|  86|0x0000000785600000, 0x0000000785700000, 0x0000000785700000|100%|HS|  |TAMS 0x0000000785600000| PB 0x0000000785600000| Complete |  0
|  87|0x0000000785700000, 0x0000000785800000, 0x0000000785800000|100%|HS|  |TAMS 0x0000000785700000| PB 0x0000000785700000| Complete |  0
|  88|0x0000000785800000, 0x0000000785900000, 0x0000000785900000|100%|HC|  |TAMS 0x0000000785800000| PB 0x0000000785800000| Complete |  0
|  89|0x0000000785900000, 0x0000000785a00000, 0x0000000785a00000|100%|HS|  |TAMS 0x0000000785900000| PB 0x0000000785900000| Complete |  0
|  90|0x0000000785a00000, 0x0000000785b00000, 0x0000000785b00000|100%|HC|  |TAMS 0x0000000785a00000| PB 0x0000000785a00000| Complete |  0
|  91|0x0000000785b00000, 0x0000000785c00000, 0x0000000785c00000|100%|HS|  |TAMS 0x0000000785b00000| PB 0x0000000785b00000| Complete |  0
|  92|0x0000000785c00000, 0x0000000785d00000, 0x0000000785d00000|100%|HS|  |TAMS 0x0000000785c00000| PB 0x0000000785c00000| Complete |  0
|  93|0x0000000785d00000, 0x0000000785e00000, 0x0000000785e00000|100%|HC|  |TAMS 0x0000000785d00000| PB 0x0000000785d00000| Complete |  0
|  94|0x0000000785e00000, 0x0000000785f00000, 0x0000000785f00000|100%|HS|  |TAMS 0x0000000785e00000| PB 0x0000000785e00000| Complete |  0
|  95|0x0000000785f00000, 0x0000000786000000, 0x0000000786000000|100%|HS|  |TAMS 0x0000000785f00000| PB 0x0000000785f00000| Complete |  0
|  96|0x0000000786000000, 0x0000000786100000, 0x0000000786100000|100%|HC|  |TAMS 0x0000000786000000| PB 0x0000000786000000| Complete |  0
|  97|0x0000000786100000, 0x0000000786200000, 0x0000000786200000|100%|HS|  |TAMS 0x0000000786100000| PB 0x0000000786100000| Complete |  0
|  98|0x0000000786200000, 0x0000000786300000, 0x0000000786300000|100%|HS|  |TAMS 0x0000000786200000| PB 0x0000000786200000| Complete |  0
|  99|0x0000000786300000, 0x0000000786400000, 0x0000000786400000|100%|HC|  |TAMS 0x0000000786300000| PB 0x0000000786300000| Complete |  0
| 100|0x0000000786400000, 0x0000000786500000, 0x0000000786500000|100%|HS|  |TAMS 0x0000000786400000| PB 0x0000000786400000| Complete |  0
| 101|0x0000000786500000, 0x0000000786600000, 0x0000000786600000|100%|HS|  |TAMS 0x0000000786500000| PB 0x0000000786500000| Complete |  0
| 102|0x0000000786600000, 0x0000000786700000, 0x0000000786700000|100%|HC|  |TAMS 0x0000000786600000| PB 0x0000000786600000| Complete |  0
| 103|0x0000000786700000, 0x0000000786800000, 0x0000000786800000|100%|HS|  |TAMS 0x0000000786700000| PB 0x0000000786700000| Complete |  0
| 104|0x0000000786800000, 0x0000000786900000, 0x0000000786900000|100%|HS|  |TAMS 0x0000000786800000| PB 0x0000000786800000| Complete |  0
| 105|0x0000000786900000, 0x0000000786a00000, 0x0000000786a00000|100%|HC|  |TAMS 0x0000000786900000| PB 0x0000000786900000| Complete |  0
| 106|0x0000000786a00000, 0x0000000786b00000, 0x0000000786b00000|100%|HS|  |TAMS 0x0000000786a00000| PB 0x0000000786a00000| Complete |  0
| 107|0x0000000786b00000, 0x0000000786c00000, 0x0000000786c00000|100%|HS|  |TAMS 0x0000000786b00000| PB 0x0000000786b00000| Complete |  0
| 108|0x0000000786c00000, 0x0000000786d00000, 0x0000000786d00000|100%|HC|  |TAMS 0x0000000786c00000| PB 0x0000000786c00000| Complete |  0
| 109|0x0000000786d00000, 0x0000000786e00000, 0x0000000786e00000|100%|HS|  |TAMS 0x0000000786d00000| PB 0x0000000786d00000| Complete |  0
| 110|0x0000000786e00000, 0x0000000786f00000, 0x0000000786f00000|100%|HS|  |TAMS 0x0000000786e00000| PB 0x0000000786e00000| Complete |  0
| 111|0x0000000786f00000, 0x0000000787000000, 0x0000000787000000|100%|HC|  |TAMS 0x0000000786f00000| PB 0x0000000786f00000| Complete |  0
| 112|0x0000000787000000, 0x0000000787100000, 0x0000000787100000|100%|HS|  |TAMS 0x0000000787000000| PB 0x0000000787000000| Complete |  0
| 113|0x0000000787100000, 0x0000000787200000, 0x0000000787200000|100%|HS|  |TAMS 0x0000000787100000| PB 0x0000000787100000| Complete |  0
| 114|0x0000000787200000, 0x0000000787300000, 0x0000000787300000|100%|HC|  |TAMS 0x0000000787200000| PB 0x0000000787200000| Complete |  0
| 115|0x0000000787300000, 0x0000000787400000, 0x0000000787400000|100%|HS|  |TAMS 0x0000000787300000| PB 0x0000000787300000| Complete |  0
| 116|0x0000000787400000, 0x0000000787500000, 0x0000000787500000|100%|HS|  |TAMS 0x0000000787400000| PB 0x0000000787400000| Complete |  0
| 117|0x0000000787500000, 0x0000000787600000, 0x0000000787600000|100%|HC|  |TAMS 0x0000000787500000| PB 0x0000000787500000| Complete |  0
| 118|0x0000000787600000, 0x0000000787700000, 0x0000000787700000|100%|HS|  |TAMS 0x0000000787600000| PB 0x0000000787600000| Complete |  0
| 119|0x0000000787700000, 0x0000000787800000, 0x0000000787800000|100%|HS|  |TAMS 0x0000000787700000| PB 0x0000000787700000| Complete |  0
| 120|0x0000000787800000, 0x0000000787900000, 0x0000000787900000|100%|HC|  |TAMS 0x0000000787800000| PB 0x0000000787800000| Complete |  0
| 121|0x0000000787900000, 0x0000000787a00000, 0x0000000787a00000|100%|HS|  |TAMS 0x0000000787900000| PB 0x0000000787900000| Complete |  0
| 122|0x0000000787a00000, 0x0000000787b00000, 0x0000000787b00000|100%|HS|  |TAMS 0x0000000787a00000| PB 0x0000000787a00000| Complete |  0
| 123|0x0000000787b00000, 0x0000000787c00000, 0x0000000787c00000|100%|HC|  |TAMS 0x0000000787b00000| PB 0x0000000787b00000| Complete |  0
| 124|0x0000000787c00000, 0x0000000787d00000, 0x0000000787d00000|100%|HS|  |TAMS 0x0000000787c00000| PB 0x0000000787c00000| Complete |  0
| 125|0x0000000787d00000, 0x0000000787e00000, 0x0000000787e00000|100%|HS|  |TAMS 0x0000000787d00000| PB 0x0000000787d00000| Complete |  0
| 126|0x0000000787e00000, 0x0000000787f00000, 0x0000000787f00000|100%|HC|  |TAMS 0x0000000787e00000| PB 0x0000000787e00000| Complete |  0
| 127|0x0000000787f00000, 0x0000000788000000, 0x0000000788000000|100%|HS|  |TAMS 0x0000000787f00000| PB 0x0000000787f00000| Complete |  0
| 128|0x0000000788000000, 0x0000000788100000, 0x0000000788100000|100%|HS|  |TAMS 0x0000000788000000| PB 0x0000000788000000| Complete |  0
| 129|0x0000000788100000, 0x0000000788200000, 0x0000000788200000|100%|HC|  |TAMS 0x0000000788100000| PB 0x0000000788100000| Complete |  0
| 130|0x0000000788200000, 0x0000000788300000, 0x0000000788300000|100%|HS|  |TAMS 0x0000000788200000| PB 0x0000000788200000| Complete |  0
| 131|0x0000000788300000, 0x0000000788400000, 0x0000000788400000|100%|HS|  |TAMS 0x0000000788300000| PB 0x0000000788300000| Complete |  0
| 132|0x0000000788400000, 0x0000000788500000, 0x0000000788500000|100%|HC|  |TAMS 0x0000000788400000| PB 0x0000000788400000| Complete |  0
| 133|0x0000000788500000, 0x0000000788600000, 0x0000000788600000|100%|HS|  |TAMS 0x0000000788500000| PB 0x0000000788500000| Complete |  0
| 134|0x0000000788600000, 0x0000000788700000, 0x0000000788700000|100%|HS|  |TAMS 0x0000000788600000| PB 0x0000000788600000| Complete |  0
| 135|0x0000000788700000, 0x0000000788800000, 0x0000000788800000|100%|HC|  |TAMS 0x0000000788700000| PB 0x0000000788700000| Complete |  0
| 136|0x0000000788800000, 0x0000000788900000, 0x0000000788900000|100%|HS|  |TAMS 0x0000000788800000| PB 0x0000000788800000| Complete |  0
| 137|0x0000000788900000, 0x0000000788a00000, 0x0000000788a00000|100%|HC|  |TAMS 0x0000000788900000| PB 0x0000000788900000| Complete |  0
| 138|0x0000000788a00000, 0x0000000788b00000, 0x0000000788b00000|100%|HS|  |TAMS 0x0000000788a00000| PB 0x0000000788a00000| Complete |  0
| 139|0x0000000788b00000, 0x0000000788c00000, 0x0000000788c00000|100%|HC|  |TAMS 0x0000000788b00000| PB 0x0000000788b00000| Complete |  0
| 140|0x0000000788c00000, 0x0000000788d00000, 0x0000000788d00000|100%|HS|  |TAMS 0x0000000788c00000| PB 0x0000000788c00000| Complete |  0
| 141|0x0000000788d00000, 0x0000000788e00000, 0x0000000788e00000|100%|HC|  |TAMS 0x0000000788d00000| PB 0x0000000788d00000| Complete |  0
| 142|0x0000000788e00000, 0x0000000788e00000, 0x0000000788f00000|  0%| F|  |TAMS 0x0000000788e00000| PB 0x0000000788e00000| Untracked |  0
| 143|0x0000000788f00000, 0x0000000788f00000, 0x0000000789000000|  0%| F|  |TAMS 0x0000000788f00000| PB 0x0000000788f00000| Untracked |  0
| 144|0x0000000789000000, 0x0000000789000000, 0x0000000789100000|  0%| F|  |TAMS 0x0000000789000000| PB 0x0000000789000000| Untracked |  0
| 145|0x0000000789100000, 0x00000007891fcc48, 0x0000000789200000| 98%| E|  |TAMS 0x0000000789100000| PB 0x0000000789100000| Complete |  0
| 146|0x0000000789200000, 0x0000000789300000, 0x0000000789300000|100%| E|CS|TAMS 0x0000000789200000| PB 0x0000000789200000| Complete |  0
| 147|0x0000000789300000, 0x0000000789400000, 0x0000000789400000|100%| E|CS|TAMS 0x0000000789300000| PB 0x0000000789300000| Complete |  0
| 148|0x0000000789400000, 0x0000000789500000, 0x0000000789500000|100%| E|CS|TAMS 0x0000000789400000| PB 0x0000000789400000| Complete |  0
| 149|0x0000000789500000, 0x0000000789600000, 0x0000000789600000|100%| E|CS|TAMS 0x0000000789500000| PB 0x0000000789500000| Complete |  0
| 150|0x0000000789600000, 0x0000000789700000, 0x0000000789700000|100%| E|CS|TAMS 0x0000000789600000| PB 0x0000000789600000| Complete |  0
| 151|0x0000000789700000, 0x0000000789800000, 0x0000000789800000|100%| E|CS|TAMS 0x0000000789700000| PB 0x0000000789700000| Complete |  0
| 152|0x0000000789800000, 0x0000000789900000, 0x0000000789900000|100%| E|CS|TAMS 0x0000000789800000| PB 0x0000000789800000| Complete |  0
| 153|0x0000000789900000, 0x0000000789a00000, 0x0000000789a00000|100%|HS|  |TAMS 0x0000000789900000| PB 0x0000000789900000| Complete |  0
| 154|0x0000000789a00000, 0x0000000789b00000, 0x0000000789b00000|100%|HC|  |TAMS 0x0000000789a00000| PB 0x0000000789a00000| Complete |  0
| 155|0x0000000789b00000, 0x0000000789c00000, 0x0000000789c00000|100%| S|CS|TAMS 0x0000000789b00000| PB 0x0000000789b00000| Complete |  0
| 156|0x0000000789c00000, 0x0000000789c8c458, 0x0000000789d00000| 54%| S|CS|TAMS 0x0000000789c00000| PB 0x0000000789c00000| Complete |  0
| 157|0x0000000789d00000, 0x0000000789e00000, 0x0000000789e00000|100%|HS|  |TAMS 0x0000000789d00000| PB 0x0000000789d00000| Complete |  0
| 158|0x0000000789e00000, 0x0000000789f00000, 0x0000000789f00000|100%|HC|  |TAMS 0x0000000789e00000| PB 0x0000000789e00000| Complete |  0
| 159|0x0000000789f00000, 0x000000078a000000, 0x000000078a000000|100%|HC|  |TAMS 0x0000000789f00000| PB 0x0000000789f00000| Complete |  0
| 160|0x000000078a000000, 0x000000078a100000, 0x000000078a100000|100%|HC|  |TAMS 0x000000078a000000| PB 0x000000078a000000| Complete |  0
| 161|0x000000078a100000, 0x000000078a200000, 0x000000078a200000|100%|HC|  |TAMS 0x000000078a100000| PB 0x000000078a100000| Complete |  0
| 162|0x000000078a200000, 0x000000078a300000, 0x000000078a300000|100%|HC|  |TAMS 0x000000078a200000| PB 0x000000078a200000| Complete |  0
| 163|0x000000078a300000, 0x000000078a400000, 0x000000078a400000|100%|HC|  |TAMS 0x000000078a300000| PB 0x000000078a300000| Complete |  0
| 164|0x000000078a400000, 0x000000078a500000, 0x000000078a500000|100%|HC|  |TAMS 0x000000078a400000| PB 0x000000078a400000| Complete |  0
| 165|0x000000078a500000, 0x000000078a600000, 0x000000078a600000|100%|HC|  |TAMS 0x000000078a500000| PB 0x000000078a500000| Complete |  0
| 166|0x000000078a600000, 0x000000078a700000, 0x000000078a700000|100%|HC|  |TAMS 0x000000078a600000| PB 0x000000078a600000| Complete |  0
| 167|0x000000078a700000, 0x000000078a800000, 0x000000078a800000|100%|HC|  |TAMS 0x000000078a700000| PB 0x000000078a700000| Complete |  0
| 168|0x000000078a800000, 0x000000078a900000, 0x000000078a900000|100%|HC|  |TAMS 0x000000078a800000| PB 0x000000078a800000| Complete |  0
| 169|0x000000078a900000, 0x000000078aa00000, 0x000000078aa00000|100%|HC|  |TAMS 0x000000078a900000| PB 0x000000078a900000| Complete |  0
| 170|0x000000078aa00000, 0x000000078ab00000, 0x000000078ab00000|100%|HC|  |TAMS 0x000000078aa00000| PB 0x000000078aa00000| Complete |  0
| 171|0x000000078ab00000, 0x000000078ac00000, 0x000000078ac00000|100%|HC|  |TAMS 0x000000078ab00000| PB 0x000000078ab00000| Complete |  0
| 172|0x000000078ac00000, 0x000000078ad00000, 0x000000078ad00000|100%|HC|  |TAMS 0x000000078ac00000| PB 0x000000078ac00000| Complete |  0
| 173|0x000000078ad00000, 0x000000078ae00000, 0x000000078ae00000|100%|HC|  |TAMS 0x000000078ad00000| PB 0x000000078ad00000| Complete |  0
| 174|0x000000078ae00000, 0x000000078af00000, 0x000000078af00000|100%|HC|  |TAMS 0x000000078ae00000| PB 0x000000078ae00000| Complete |  0
| 175|0x000000078af00000, 0x000000078b000000, 0x000000078b000000|100%|HC|  |TAMS 0x000000078af00000| PB 0x000000078af00000| Complete |  0
| 176|0x000000078b000000, 0x000000078b100000, 0x000000078b100000|100%|HC|  |TAMS 0x000000078b000000| PB 0x000000078b000000| Complete |  0
| 237|0x000000078ed00000, 0x000000078ee00000, 0x000000078ee00000|100%| E|CS|TAMS 0x000000078ed00000| PB 0x000000078ed00000| Complete |  0
| 238|0x000000078ee00000, 0x000000078ef00000, 0x000000078ef00000|100%| E|CS|TAMS 0x000000078ee00000| PB 0x000000078ee00000| Complete |  0
| 239|0x000000078ef00000, 0x000000078f000000, 0x000000078f000000|100%| E|CS|TAMS 0x000000078ef00000| PB 0x000000078ef00000| Complete |  0
| 259|0x0000000790300000, 0x0000000790400000, 0x0000000790400000|100%| E|CS|TAMS 0x0000000790300000| PB 0x0000000790300000| Complete |  0
| 260|0x0000000790400000, 0x0000000790500000, 0x0000000790500000|100%| E|CS|TAMS 0x0000000790400000| PB 0x0000000790400000| Complete |  0
|2038|0x00000007ff600000, 0x00000007ff6241d0, 0x00000007ff700000| 14%| O|  |TAMS 0x00000007ff600000| PB 0x00000007ff600000| Untracked |  0
|2039|0x00000007ff700000, 0x00000007ff800000, 0x00000007ff800000|100%| O|  |TAMS 0x00000007ff700000| PB 0x00000007ff700000| Untracked |  0
|2040|0x00000007ff800000, 0x00000007ff900000, 0x00000007ff900000|100%| E|CS|TAMS 0x00000007ff800000| PB 0x00000007ff800000| Complete |  0
|2041|0x00000007ff900000, 0x00000007ffa00000, 0x00000007ffa00000|100%| E|CS|TAMS 0x00000007ff900000| PB 0x00000007ff900000| Complete |  0
|2042|0x00000007ffa00000, 0x00000007ffb00000, 0x00000007ffb00000|100%| O|Cm|TAMS 0x00000007ffa00000| PB 0x00000007ffa00000| Complete |  0
|2043|0x00000007ffb00000, 0x00000007ffc00000, 0x00000007ffc00000|100%| O|  |TAMS 0x00000007ffb00000| PB 0x00000007ffb00000| Untracked |  0
|2044|0x00000007ffc00000, 0x00000007ffd00000, 0x00000007ffd00000|100%| O|  |TAMS 0x00000007ffc00000| PB 0x00000007ffc00000| Untracked |  0
|2045|0x00000007ffd00000, 0x00000007ffe00000, 0x00000007ffe00000|100%| O|  |TAMS 0x00000007ffd00000| PB 0x00000007ffd00000| Untracked |  0
|2046|0x00000007ffe00000, 0x00000007fff00000, 0x00000007fff00000|100%| O|  |TAMS 0x00000007ffe00000| PB 0x00000007ffe00000| Untracked |  0
|2047|0x00000007fff00000, 0x0000000800000000, 0x0000000800000000|100%| E|CS|TAMS 0x00000007fff00000| PB 0x00000007fff00000| Complete |  0

Card table byte_map: [0x0000000102b14000,0x0000000102f14000] _byte_map_base: 0x00000000fef14000

Marking Bits: (CMBitMap*) 0x0000000154815610
 Bits: [0x000000011bb38000, 0x000000011db38000)

Polling page: 0x000000010228c000

Metaspace:

Usage:
  Non-class:     38.07 MB used.
      Class:      4.54 MB used.
       Both:     42.62 MB used.

Virtual space:
  Non-class space:       64.00 MB reserved,      38.31 MB ( 60%) committed,  1 nodes.
      Class space:        1.00 GB reserved,       4.69 MB ( <1%) committed,  1 nodes.
             Both:        1.06 GB reserved,      43.00 MB (  4%) committed. 

Chunk freelists:
   Non-Class:  8.84 MB
       Class:  11.16 MB
        Both:  20.00 MB

MaxMetaspaceSize: unlimited
CompressedClassSpaceSize: 1.00 GB
Initial GC threshold: 21.00 MB
Current GC threshold: 71.25 MB
CDS: on
 - commit_granule_bytes: 65536.
 - commit_granule_words: 8192.
 - virtual_space_node_default_size: 8388608.
 - enlarge_chunks_in_place: 1.
UseCompressedClassPointers 1, UseCompactObjectHeaders 0
Narrow klass pointer bits 32, Max shift 3
Narrow klass base: 0x00001f8000000000, Narrow klass shift: 0
Encoding Range: [0x00001f8000000000 - 0x00001f8100000000), (4294967296 bytes)
Klass Range:    [0x00001f8000000000 - 0x00001f8041000000), (1090519040 bytes)
Klass ID Range:  [8 - 1090519033) (1090519025)


Internal statistics:

num_allocs_failed_limit: 33.
num_arena_births: 410.
num_arena_deaths: 2.
num_vsnodes_births: 2.
num_vsnodes_deaths: 0.
num_space_committed: 686.
num_space_uncommitted: 0.
num_chunks_returned_to_freelist: 36.
num_chunks_taken_from_freelist: 1668.
num_chunk_merges: 33.
num_chunk_splits: 1238.
num_chunks_enlarged: 982.
num_inconsistent_stats: 0.

CodeHeap 'non-profiled nmethods': size=120048Kb used=4027Kb max_used=4870Kb free=116020Kb
 bounds [0x00000001145fc000, 0x0000000114acc000, 0x000000011bb38000]
CodeHeap 'profiled nmethods': size=120016Kb used=15003Kb max_used=19920Kb free=105012Kb
 bounds [0x000000010cb38000, 0x000000010deb8000, 0x000000011406c000]
CodeHeap 'non-nmethods': size=5696Kb used=2306Kb max_used=2454Kb free=3389Kb
 bounds [0x000000011406c000, 0x00000001142ec000, 0x00000001145fc000]
CodeCache: size=245760Kb, used=21336Kb, max_used=27244Kb, free=224421Kb
 total_blobs=9891, nmethods=8271, adapters=1529, full_count=0
Compilation: enabled, stopped_count=0, restarted_count=0

Compilation events (20 events):
Event: 381.825 Thread 0x000000015488ba00 nmethod 11267 0x000000010cbdd1c8 code [0x000000010cbdd3c0, 0x000000010cbddc18]
Event: 381.825 Thread 0x000000015488ba00 11268       3       java.lang.reflect.Executable::getAnnotation (23 bytes)
Event: 381.825 Thread 0x000000015488ba00 nmethod 11268 0x000000010d401208 code [0x000000010d4013c0, 0x000000010d401bb8]
Event: 381.826 Thread 0x000000015488ba00 11270       3       java.lang.invoke.DirectMethodHandle$Holder::invokeSpecial (18 bytes)
Event: 381.826 Thread 0x000000015488ba00 nmethod 11270 0x000000010d69fac8 code [0x000000010d69fc40, 0x000000010d6a0218]
Event: 381.827 Thread 0x000000015488ba00 11271   !   3       com.sun.javafx.fxml.BeanAdapter::getStaticSetterMethod (180 bytes)
Event: 381.828 Thread 0x000000015488b200 nmethod 11266 0x0000000114619c48 code [0x0000000114619d80, 0x000000011461a330]
Event: 381.828 Thread 0x000000015488b200 11269       4       jdk.internal.reflect.DirectMethodHandleAccessor::checkReceiver (63 bytes)
Event: 381.829 Thread 0x000000015488b200 nmethod 11269 0x00000001148bdcc8 code [0x00000001148bde00, 0x00000001148bdfd0]
Event: 381.829 Thread 0x000000015488b200 11274       4       java.lang.ClassLoader::definePackage (85 bytes)
Event: 381.831 Thread 0x000000015488ba00 nmethod 11271 0x000000010d070a48 code [0x000000010d071380, 0x000000010d0760e0]
Event: 381.831 Thread 0x000000015488ba00 11275       3       javafx.fxml.FXMLLoader$Element::processInstancePropertyAttributes (46 bytes)
Event: 381.831 Thread 0x000000015488ba00 nmethod 11275 0x000000010d18fc08 code [0x000000010d18fe40, 0x000000010d190888]
Event: 381.831 Thread 0x000000015488ba00 11276       3       javafx.fxml.FXMLLoader$Element::processEventHandlerAttributes (328 bytes)
Event: 381.833 Thread 0x000000015488ba00 nmethod 11276 0x000000010ce83ac8 code [0x000000010ce84080, 0x000000010ce86d48]
Event: 381.833 Thread 0x000000015488ba00 11272       3       javax.xml.stream.util.StreamReaderDelegate::getAttributeCount (10 bytes)
Event: 381.833 Thread 0x000000015488ba00 nmethod 11272 0x000000010cc41c08 code [0x000000010cc41d40, 0x000000010cc41f58]
Event: 381.833 Thread 0x000000015488ba00 11273       3       com.sun.org.apache.xerces.internal.impl.XMLStreamReaderImpl::getAttributeCount (50 bytes)
Event: 381.833 Thread 0x000000015488ba00 nmethod 11273 0x000000010d112ac8 code [0x000000010d112c80, 0x000000010d113168]
Event: 381.835 Thread 0x000000015488b200 nmethod 11274 0x000000011464c5c8 code [0x000000011464c780, 0x000000011464cdd0]

GC Heap History (20 events):
Event: 180.561 GC heap before
{Heap before GC invocations=9 (full 0):
 garbage-first heap   total reserved 2097152K, committed 109568K, used 89937K [0x0000000780000000, 0x0000000800000000)
  region size 1024K, 47 young (48128K), 2 survivors (2048K)
 Metaspace       used 34109K, committed 34560K, reserved 1114112K
  class space    used 4072K, committed 4288K, reserved 1048576K
}
Event: 180.564 GC heap after
{Heap after GC invocations=10 (full 0):
 garbage-first heap   total reserved 2097152K, committed 109568K, used 43360K [0x0000000780000000, 0x0000000800000000)
  region size 1024K, 2 young (2048K), 2 survivors (2048K)
 Metaspace       used 34109K, committed 34560K, reserved 1114112K
  class space    used 4072K, committed 4288K, reserved 1048576K
}
Event: 186.186 GC heap before
{Heap before GC invocations=10 (full 0):
 garbage-first heap   total reserved 2097152K, committed 109568K, used 67936K [0x0000000780000000, 0x0000000800000000)
  region size 1024K, 21 young (21504K), 2 survivors (2048K)
 Metaspace       used 35620K, committed 35968K, reserved 1114112K
  class space    used 4117K, committed 4288K, reserved 1048576K
}
Event: 186.192 GC heap after
{Heap after GC invocations=11 (full 0):
 garbage-first heap   total reserved 2097152K, committed 109568K, used 46505K [0x0000000780000000, 0x0000000800000000)
  region size 1024K, 2 young (2048K), 2 survivors (2048K)
 Metaspace       used 35620K, committed 35968K, reserved 1114112K
  class space    used 4117K, committed 4288K, reserved 1048576K
}
Event: 302.192 GC heap before
{Heap before GC invocations=12 (full 0):
 garbage-first heap   total reserved 2097152K, committed 109568K, used 98729K [0x0000000780000000, 0x0000000800000000)
  region size 1024K, 46 young (47104K), 2 survivors (2048K)
 Metaspace       used 43069K, committed 43456K, reserved 1114112K
  class space    used 4625K, committed 4800K, reserved 1048576K
}
Event: 302.211 GC heap after
{Heap after GC invocations=13 (full 0):
 garbage-first heap   total reserved 2097152K, committed 109568K, used 49294K [0x0000000780000000, 0x0000000800000000)
  region size 1024K, 3 young (3072K), 3 survivors (3072K)
 Metaspace       used 43069K, committed 43456K, reserved 1114112K
  class space    used 4625K, committed 4800K, reserved 1048576K
}
Event: 326.266 GC heap before
{Heap before GC invocations=13 (full 0):
 garbage-first heap   total reserved 2097152K, committed 116736K, used 114830K [0x0000000780000000, 0x0000000800000000)
  region size 1024K, 29 young (29696K), 3 survivors (3072K)
 Metaspace       used 43332K, committed 43712K, reserved 1114112K
  class space    used 4637K, committed 4800K, reserved 1048576K
}
Event: 326.269 GC heap after
{Heap after GC invocations=14 (full 0):
 garbage-first heap   total reserved 2097152K, committed 123904K, used 56245K [0x0000000780000000, 0x0000000800000000)
  region size 1024K, 6 young (6144K), 6 survivors (6144K)
 Metaspace       used 43332K, committed 43712K, reserved 1114112K
  class space    used 4637K, committed 4800K, reserved 1048576K
}
Event: 330.656 GC heap before
{Heap before GC invocations=14 (full 0):
 garbage-first heap   total reserved 2097152K, committed 123904K, used 103349K [0x0000000780000000, 0x0000000800000000)
  region size 1024K, 53 young (54272K), 6 survivors (6144K)
 Metaspace       used 43398K, committed 43712K, reserved 1114112K
  class space    used 4637K, committed 4800K, reserved 1048576K
}
Event: 330.658 GC heap after
{Heap after GC invocations=15 (full 0):
 garbage-first heap   total reserved 2097152K, committed 123904K, used 57574K [0x0000000780000000, 0x0000000800000000)
  region size 1024K, 2 young (2048K), 2 survivors (2048K)
 Metaspace       used 43398K, committed 43712K, reserved 1114112K
  class space    used 4637K, committed 4800K, reserved 1048576K
}
Event: 337.274 GC heap before
{Heap before GC invocations=15 (full 0):
 garbage-first heap   total reserved 2097152K, committed 123904K, used 106726K [0x0000000780000000, 0x0000000800000000)
  region size 1024K, 50 young (51200K), 2 survivors (2048K)
 Metaspace       used 43413K, committed 43776K, reserved 1114112K
  class space    used 4637K, committed 4800K, reserved 1048576K
}
Event: 337.279 GC heap after
{Heap after GC invocations=16 (full 0):
 garbage-first heap   total reserved 2097152K, committed 123904K, used 57344K [0x0000000780000000, 0x0000000800000000)
  region size 1024K, 2 young (2048K), 2 survivors (2048K)
 Metaspace       used 43413K, committed 43776K, reserved 1114112K
  class space    used 4637K, committed 4800K, reserved 1048576K
}
Event: 354.123 GC heap before
{Heap before GC invocations=17 (full 0):
 garbage-first heap   total reserved 2097152K, committed 150528K, used 149504K [0x0000000780000000, 0x0000000800000000)
  region size 1024K, 26 young (26624K), 2 survivors (2048K)
 Metaspace       used 43588K, committed 43904K, reserved 1114112K
  class space    used 4652K, committed 4800K, reserved 1048576K
}
Event: 354.127 GC heap after
{Heap after GC invocations=18 (full 0):
 garbage-first heap   total reserved 2097152K, committed 152576K, used 54070K [0x0000000780000000, 0x0000000800000000)
  region size 1024K, 2 young (2048K), 2 survivors (2048K)
 Metaspace       used 43588K, committed 43904K, reserved 1114112K
  class space    used 4652K, committed 4800K, reserved 1048576K
}
Event: 356.121 GC heap before
{Heap before GC invocations=18 (full 0):
 garbage-first heap   total reserved 2097152K, committed 154624K, used 154422K [0x0000000780000000, 0x0000000800000000)
  region size 1024K, 6 young (6144K), 2 survivors (2048K)
 Metaspace       used 43602K, committed 43904K, reserved 1114112K
  class space    used 4652K, committed 4800K, reserved 1048576K
}
Event: 356.124 GC heap after
{Heap after GC invocations=19 (full 0):
 garbage-first heap   total reserved 2097152K, committed 157696K, used 53190K [0x0000000780000000, 0x0000000800000000)
  region size 1024K, 2 young (2048K), 2 survivors (2048K)
 Metaspace       used 43602K, committed 43904K, reserved 1114112K
  class space    used 4652K, committed 4800K, reserved 1048576K
}
Event: 356.195 GC heap before
{Heap before GC invocations=19 (full 0):
 garbage-first heap   total reserved 2097152K, committed 157696K, used 54214K [0x0000000780000000, 0x0000000800000000)
  region size 1024K, 4 young (4096K), 2 survivors (2048K)
 Metaspace       used 43602K, committed 43904K, reserved 1114112K
  class space    used 4652K, committed 4800K, reserved 1048576K
}
Event: 356.197 GC heap after
{Heap after GC invocations=20 (full 0):
 garbage-first heap   total reserved 2097152K, committed 157696K, used 53193K [0x0000000780000000, 0x0000000800000000)
  region size 1024K, 2 young (2048K), 2 survivors (2048K)
 Metaspace       used 43602K, committed 43904K, reserved 1114112K
  class space    used 4652K, committed 4800K, reserved 1048576K
}
Event: 358.621 GC heap before
{Heap before GC invocations=21 (full 0):
 garbage-first heap   total reserved 2097152K, committed 174080K, used 173001K [0x0000000780000000, 0x0000000800000000)
  region size 1024K, 7 young (7168K), 2 survivors (2048K)
 Metaspace       used 43609K, committed 43968K, reserved 1114112K
  class space    used 4652K, committed 4800K, reserved 1048576K
}
Event: 358.623 GC heap after
{Heap after GC invocations=22 (full 0):
 garbage-first heap   total reserved 2097152K, committed 176128K, used 50881K [0x0000000780000000, 0x0000000800000000)
  region size 1024K, 2 young (2048K), 2 survivors (2048K)
 Metaspace       used 43609K, committed 43968K, reserved 1114112K
  class space    used 4652K, committed 4800K, reserved 1048576K
}

Dll operation events (20 events):
Event: 187.400 Loaded shared library /Users/rayen/.javacpp/cache/opencv-4.7.0-1.5.9-macosx-arm64.jar/org/bytedeco/opencv/macosx-arm64/libopencv_core.407.dylib
Event: 187.664 Loaded shared library /Users/rayen/.javacpp/cache/opencv-4.7.0-1.5.9-macosx-arm64.jar/org/bytedeco/opencv/macosx-arm64/libopencv_imgproc.407.dylib
Event: 187.927 Loaded shared library /Users/rayen/.javacpp/cache/opencv-4.7.0-1.5.9-macosx-arm64.jar/org/bytedeco/opencv/macosx-arm64/libjniopencv_core.dylib
Event: 188.220 Loaded shared library /Users/rayen/.javacpp/cache/opencv-4.7.0-1.5.9-macosx-arm64.jar/org/bytedeco/opencv/macosx-arm64/libjniopencv_imgproc.dylib
Event: 188.493 Loaded shared library /Users/rayen/.javacpp/cache/opencv-4.7.0-1.5.9-macosx-arm64.jar/org/bytedeco/opencv/macosx-arm64/libopencv_imgcodecs.407.dylib
Event: 188.691 Loaded shared library /Users/rayen/.javacpp/cache/opencv-4.7.0-1.5.9-macosx-arm64.jar/org/bytedeco/opencv/macosx-arm64/libjniopencv_imgcodecs.dylib
Event: 188.905 Loaded shared library /Users/rayen/.javacpp/cache/opencv-4.7.0-1.5.9-macosx-arm64.jar/org/bytedeco/opencv/macosx-arm64/libopencv_videoio.407.dylib
Event: 189.095 Loaded shared library /Users/rayen/.javacpp/cache/opencv-4.7.0-1.5.9-macosx-arm64.jar/org/bytedeco/opencv/macosx-arm64/libjniopencv_videoio.dylib
Event: 189.331 Loaded shared library /Users/rayen/.javacpp/cache/opencv-4.7.0-1.5.9-macosx-arm64.jar/org/bytedeco/opencv/macosx-arm64/libopencv_highgui.407.dylib
Event: 189.541 Loaded shared library /Users/rayen/.javacpp/cache/opencv-4.7.0-1.5.9-macosx-arm64.jar/org/bytedeco/opencv/macosx-arm64/libjniopencv_highgui.dylib
Event: 189.751 Loaded shared library /Users/rayen/.javacpp/cache/opencv-4.7.0-1.5.9-macosx-arm64.jar/org/bytedeco/opencv/macosx-arm64/libopencv_flann.407.dylib
Event: 189.958 Loaded shared library /Users/rayen/.javacpp/cache/opencv-4.7.0-1.5.9-macosx-arm64.jar/org/bytedeco/opencv/macosx-arm64/libjniopencv_flann.dylib
Event: 190.196 Loaded shared library /Users/rayen/.javacpp/cache/opencv-4.7.0-1.5.9-macosx-arm64.jar/org/bytedeco/opencv/macosx-arm64/libopencv_features2d.407.dylib
Event: 190.406 Loaded shared library /Users/rayen/.javacpp/cache/opencv-4.7.0-1.5.9-macosx-arm64.jar/org/bytedeco/opencv/macosx-arm64/libjniopencv_features2d.dylib
Event: 190.675 Loaded shared library /Users/rayen/.javacpp/cache/opencv-4.7.0-1.5.9-macosx-arm64.jar/org/bytedeco/opencv/macosx-arm64/libopencv_calib3d.407.dylib
Event: 190.966 Loaded shared library /Users/rayen/.javacpp/cache/opencv-4.7.0-1.5.9-macosx-arm64.jar/org/bytedeco/opencv/macosx-arm64/libjniopencv_calib3d.dylib
Event: 191.258 Loaded shared library /Users/rayen/.javacpp/cache/opencv-4.7.0-1.5.9-macosx-arm64.jar/org/bytedeco/opencv/macosx-arm64/libopencv_dnn.407.dylib
Event: 191.484 Loaded shared library /Users/rayen/.javacpp/cache/opencv-4.7.0-1.5.9-macosx-arm64.jar/org/bytedeco/opencv/macosx-arm64/libjniopencv_dnn.dylib
Event: 191.727 Loaded shared library /Users/rayen/.javacpp/cache/opencv-4.7.0-1.5.9-macosx-arm64.jar/org/bytedeco/opencv/macosx-arm64/libopencv_objdetect.407.dylib
Event: 191.946 Loaded shared library /Users/rayen/.javacpp/cache/opencv-4.7.0-1.5.9-macosx-arm64.jar/org/bytedeco/opencv/macosx-arm64/libjniopencv_objdetect.dylib

Deoptimization events (20 events):
Event: 353.037 Thread 0x0000000155877600 Uncommon trap: trap_request=0xffffffde fr.pc=0x0000000114a8fca4 relative=0x00000000000022a4
Event: 353.037 Thread 0x0000000155877600 Uncommon trap: reason=class_check action=maybe_recompile pc=0x0000000114a8fca4 method=com.sun.javafx.sg.prism.NGNode.accumulateGroupDirtyRegion(Lcom/sun/javafx/geom/RectBounds;Lcom/sun/javafx/geom/RectBounds;Lcom/sun/javafx/geom/DirtyRegionPool;Lcom/sun/j
Event: 353.037 Thread 0x0000000155877600 DEOPT PACKING pc=0x0000000114a8fca4 sp=0x0000000170305a00
Event: 353.037 Thread 0x0000000155877600 DEOPT UNPACKING pc=0x000000011417ae5c sp=0x0000000170305890 mode 2
Event: 353.087 Thread 0x0000000155877600 Uncommon trap: trap_request=0xffffffde fr.pc=0x0000000114a8fca4 relative=0x00000000000022a4
Event: 353.087 Thread 0x0000000155877600 Uncommon trap: reason=class_check action=maybe_recompile pc=0x0000000114a8fca4 method=com.sun.javafx.sg.prism.NGNode.accumulateGroupDirtyRegion(Lcom/sun/javafx/geom/RectBounds;Lcom/sun/javafx/geom/RectBounds;Lcom/sun/javafx/geom/DirtyRegionPool;Lcom/sun/j
Event: 353.087 Thread 0x0000000155877600 DEOPT PACKING pc=0x0000000114a8fca4 sp=0x0000000170305a00
Event: 353.087 Thread 0x0000000155877600 DEOPT UNPACKING pc=0x000000011417ae5c sp=0x0000000170305890 mode 2
Event: 353.241 Thread 0x000000013402e000 Uncommon trap: trap_request=0xffffff4d fr.pc=0x0000000114a50734 relative=0x0000000000000974
Event: 353.241 Thread 0x000000013402e000 Uncommon trap: reason=unstable_if action=reinterpret pc=0x0000000114a50734 method=java.util.concurrent.locks.AbstractQueuedSynchronizer.acquire(Ljava/util/concurrent/locks/AbstractQueuedSynchronizer$Node;IZZZJ)I @ 155 c2
Event: 353.241 Thread 0x000000013402e000 DEOPT PACKING pc=0x0000000114a50734 sp=0x0000000177c524c0
Event: 353.241 Thread 0x000000013402e000 DEOPT UNPACKING pc=0x000000011417ae5c sp=0x0000000177c52420 mode 2
Event: 355.137 Thread 0x0000000155877600 Uncommon trap: trap_request=0xffffff4d fr.pc=0x0000000114941d04 relative=0x0000000000000844
Event: 355.137 Thread 0x0000000155877600 Uncommon trap: reason=unstable_if action=reinterpret pc=0x0000000114941d04 method=com.sun.prism.impl.BaseContext.validateMaskTexture(Lcom/sun/prism/impl/shape/MaskData;Z)Lcom/sun/prism/Texture; @ 70 c2
Event: 355.138 Thread 0x0000000155877600 DEOPT PACKING pc=0x0000000114941d04 sp=0x00000001703058b0
Event: 355.138 Thread 0x0000000155877600 DEOPT UNPACKING pc=0x000000011417ae5c sp=0x00000001703055d0 mode 2
Event: 361.504 Thread 0x000000015597d600 Uncommon trap: trap_request=0xffffff4d fr.pc=0x0000000114a524ac relative=0x00000000000002ec
Event: 361.504 Thread 0x000000015597d600 Uncommon trap: reason=unstable_if action=reinterpret pc=0x0000000114a524ac method=com.sun.javafx.tk.quantum.QuantumToolkit.postPulse()V @ 98 c2
Event: 361.504 Thread 0x000000015597d600 DEOPT PACKING pc=0x0000000114a524ac sp=0x000000016ee02910
Event: 361.504 Thread 0x000000015597d600 DEOPT UNPACKING pc=0x000000011417ae5c sp=0x000000016ee027c0 mode 2

Classes loaded (20 events):
Event: 326.260 Loading class sun/security/provider/certpath/CertId
Event: 326.260 Loading class sun/security/provider/certpath/CertId done
Event: 326.260 Loading class sun/security/provider/certpath/OCSP$RevocationStatus$CertStatus
Event: 326.261 Loading class sun/security/provider/certpath/OCSP$RevocationStatus$CertStatus done
Event: 352.576 Loading class java/util/concurrent/Executors$DelegatedScheduledExecutorService
Event: 352.577 Loading class java/util/concurrent/ScheduledExecutorService
Event: 352.578 Loading class java/util/concurrent/ScheduledExecutorService done
Event: 352.578 Loading class java/util/concurrent/Executors$DelegatedScheduledExecutorService done
Event: 352.578 Loading class java/util/concurrent/ScheduledThreadPoolExecutor
Event: 352.579 Loading class java/util/concurrent/ScheduledThreadPoolExecutor done
Event: 352.579 Loading class java/util/concurrent/ScheduledThreadPoolExecutor$DelayedWorkQueue
Event: 352.579 Loading class java/util/concurrent/ScheduledThreadPoolExecutor$DelayedWorkQueue done
Event: 352.579 Loading class java/util/concurrent/RunnableScheduledFuture
Event: 352.579 Loading class java/util/concurrent/ScheduledFuture
Event: 352.579 Loading class java/util/concurrent/Delayed
Event: 352.580 Loading class java/util/concurrent/Delayed done
Event: 352.580 Loading class java/util/concurrent/ScheduledFuture done
Event: 352.580 Loading class java/util/concurrent/RunnableScheduledFuture done
Event: 352.580 Loading class java/util/concurrent/ScheduledThreadPoolExecutor$ScheduledFutureTask
Event: 352.581 Loading class java/util/concurrent/ScheduledThreadPoolExecutor$ScheduledFutureTask done

Classes unloaded (1 events):
Event: 186.234 Thread 0x0000000153607bb0 Unloading class 0x00001f80013a0c00 'java/lang/invoke/LambdaForm$DMH+0x00001f80013a0c00'

Classes redefined (0 events):
No events

Internal exceptions (20 events):
Event: 165.895 Thread 0x0000000155410a00 Exception <a 'java/lang/NoSuchMethodError'{0x00000007852e9818}: 'java.lang.Object java.lang.invoke.DirectMethodHandle$Holder.invokeSpecial(java.lang.Object, java.lang.Object, java.lang.Object, java.lang.Object, java.lang.Object, int)'> (0x00000007852e9818) 
thrown [open/src/hotspot/share/interpreter/linkResolver.cpp, line 805]
Event: 165.895 Thread 0x0000000155410a00 Exception <a 'java/lang/NoSuchMethodError'{0x00000007852f9c08}: 'java.lang.Object java.lang.invoke.Invokers$Holder.linkToTargetMethod(java.lang.Object, java.lang.Object, int, java.lang.Object)'> (0x00000007852f9c08) 
thrown [open/src/hotspot/share/interpreter/linkResolver.cpp, line 805]
Event: 165.985 Thread 0x0000000143ee4200 Exception <a 'java/lang/NoSuchMethodError'{0x00000007853af5b8}: 'int java.lang.invoke.DirectMethodHandle$Holder.invokeStatic(java.lang.Object, int, java.lang.Object)'> (0x00000007853af5b8) 
thrown [open/src/hotspot/share/interpreter/linkResolver.cpp, line 805]
Event: 165.987 Thread 0x0000000143ee4200 Exception <a 'java/lang/NoSuchMethodError'{0x00000007853c6218}: 'void java.lang.invoke.DirectMethodHandle$Holder.invokeStatic(java.lang.Object, java.lang.Object, int)'> (0x00000007853c6218) 
thrown [open/src/hotspot/share/interpreter/linkResolver.cpp, line 805]
Event: 165.994 Thread 0x0000000153dd1200 Exception <a 'java/lang/NoSuchMethodError'{0x00000007850e51c0}: 'void java.lang.invoke.DirectMethodHandle$Holder.invokeInterface(java.lang.Object, java.lang.Object, java.lang.Object)'> (0x00000007850e51c0) 
thrown [open/src/hotspot/share/interpreter/linkResolver.cpp, line 805]
Event: 166.007 Thread 0x0000000143ee4200 Exception <a 'java/lang/NoSuchMethodError'{0x0000000784f02878}: 'long java.lang.invoke.DirectMethodHandle$Holder.invokeStatic(java.lang.Object, long, long)'> (0x0000000784f02878) 
thrown [open/src/hotspot/share/interpreter/linkResolver.cpp, line 805]
Event: 166.007 Thread 0x0000000153dd1200 Exception <a 'java/lang/NoSuchMethodError'{0x0000000784f7cec8}: 'long java.lang.invoke.DirectMethodHandle$Holder.invokeStatic(java.lang.Object, long, long)'> (0x0000000784f7cec8) 
thrown [open/src/hotspot/share/interpreter/linkResolver.cpp, line 805]
Event: 166.319 Thread 0x0000000153dd1200 Exception <a 'java/lang/NoSuchMethodError'{0x0000000784d69658}: 'void java.lang.invoke.DirectMethodHandle$Holder.invokeInterface(java.lang.Object, java.lang.Object)'> (0x0000000784d69658) 
thrown [open/src/hotspot/share/interpreter/linkResolver.cpp, line 805]
Event: 166.358 Thread 0x0000000153dd1200 Exception <a 'java/lang/NoSuchMethodError'{0x0000000784b611b0}: 'void java.lang.invoke.DirectMethodHandle$Holder.invokeStaticInit(java.lang.Object, java.lang.Object, java.lang.Object)'> (0x0000000784b611b0) 
thrown [open/src/hotspot/share/interpreter/linkResolver.cpp, line 805]
Event: 166.558 Thread 0x0000000153dd1200 Exception <a 'java/lang/NoSuchMethodError'{0x0000000784146e50}: 'java.lang.Object java.lang.invoke.Invokers$Holder.invoke_MT(java.lang.Object, java.lang.Object, java.lang.Object, java.lang.Object, java.lang.Object, java.lang.Object)'> (0x0000000784146e50) 
thrown [open/src/hotspot/share/interpreter/linkResolver.cpp, line 805]
Event: 192.024 Thread 0x0000000155877600 Implicit null exception at 0x0000000114973788 to 0x0000000114973f90
Event: 192.035 Thread 0x0000000155877600 Implicit null exception at 0x0000000114996f80 to 0x0000000114997d80
Event: 211.975 Thread 0x00000001438c4c00 Exception <a 'sun/nio/fs/UnixException'{0x000000078429a448}> (0x000000078429a448) 
thrown [open/src/hotspot/share/prims/jni.cpp, line 518]
Event: 216.701 Thread 0x00000001438c4c00 Exception <a 'java/io/FileNotFoundException'{0x0000000783fe6ce0}> (0x0000000783fe6ce0) 
thrown [open/src/hotspot/share/prims/jni.cpp, line 518]
Event: 325.920 Thread 0x00000001438c4c00 Exception <a 'java/io/FileNotFoundException'{0x0000000784dabb28}> (0x0000000784dabb28) 
thrown [open/src/hotspot/share/prims/jni.cpp, line 518]
Event: 326.256 Thread 0x0000000134027a00 Implicit null exception at 0x000000011492b574 to 0x000000011492b7e0
Event: 352.639 Thread 0x000000013402e000 Implicit null exception at 0x000000011474b514 to 0x000000011474b7d4
Event: 352.896 Thread 0x000000013402e000 Exception <a 'java/lang/NoSuchMethodError'{0x0000000785c42f40}: 'void java.lang.invoke.DirectMethodHandle$Holder.invokeStatic(java.lang.Object, java.lang.Object, java.lang.Object, int)'> (0x0000000785c42f40) 
thrown [open/src/hotspot/share/interpreter/linkResolver.cpp, line 805]
Event: 352.897 Thread 0x000000013402e000 Exception <a 'java/lang/NoSuchMethodError'{0x0000000785c52748}: 'java.lang.Object java.lang.invoke.DirectMethodHandle$Holder.newInvokeSpecial(java.lang.Object, java.lang.Object, java.lang.Object, int)'> (0x0000000785c52748) 
thrown [open/src/hotspot/share/interpreter/linkResolver.cpp, line 805]
Event: 381.830 Thread 0x00000001438c4c00 Exception <a 'java/io/FileNotFoundException'{0x000000078916e4f0}> (0x000000078916e4f0) 
thrown [open/src/hotspot/share/prims/jni.cpp, line 518]

VM Operations (20 events):
Event: 337.314 Executing VM operation: G1PauseCleanup
Event: 337.314 Executing VM operation: G1PauseCleanup done
Event: 352.889 Executing VM operation: HandshakeAllThreads (Deoptimize)
Event: 352.889 Executing VM operation: HandshakeAllThreads (Deoptimize) done
Event: 354.123 Executing VM operation: G1CollectForAllocation (G1 Evacuation Pause)
Event: 354.128 Executing VM operation: G1CollectForAllocation (G1 Evacuation Pause) done
Event: 356.121 Executing VM operation: G1CollectForAllocation (G1 Evacuation Pause)
Event: 356.124 Executing VM operation: G1CollectForAllocation (G1 Evacuation Pause) done
Event: 356.195 Executing VM operation: G1TryInitiateConcMark (G1 Humongous Allocation)
Event: 356.197 Executing VM operation: G1TryInitiateConcMark (G1 Humongous Allocation) done
Event: 356.220 Executing VM operation: G1PauseRemark
Event: 356.225 Executing VM operation: G1PauseRemark done
Event: 356.231 Executing VM operation: G1PauseCleanup
Event: 356.231 Executing VM operation: G1PauseCleanup done
Event: 358.621 Executing VM operation: G1CollectForAllocation (G1 Evacuation Pause)
Event: 358.623 Executing VM operation: G1CollectForAllocation (G1 Evacuation Pause) done
Event: 360.528 Executing VM operation: HandshakeAllThreads (HandshakeForDeflation)
Event: 360.528 Executing VM operation: HandshakeAllThreads (HandshakeForDeflation) done
Event: 360.528 Executing VM operation: RendezvousGCThreads
Event: 360.528 Executing VM operation: RendezvousGCThreads done

Memory protections (20 events):
Event: 365.570 Protecting memory [0x000000016ed80000,0x000000016ed8c000] with protection modes 3
Event: 365.771 Protecting memory [0x000000016ed80000,0x000000016ed8c000] with protection modes 0
Event: 366.187 Protecting memory [0x000000016ed80000,0x000000016ed8c000] with protection modes 3
Event: 368.054 Protecting memory [0x000000016ed80000,0x000000016ed8c000] with protection modes 0
Event: 368.453 Protecting memory [0x000000016ed80000,0x000000016ed8c000] with protection modes 3
Event: 368.621 Protecting memory [0x000000016ed80000,0x000000016ed8c000] with protection modes 0
Event: 369.420 Protecting memory [0x000000016ed80000,0x000000016ed8c000] with protection modes 3
Event: 370.520 Protecting memory [0x000000016ed80000,0x000000016ed8c000] with protection modes 0
Event: 371.170 Protecting memory [0x000000016ed80000,0x000000016ed8c000] with protection modes 3
Event: 371.620 Protecting memory [0x000000016ed80000,0x000000016ed8c000] with protection modes 0
Event: 373.603 Protecting memory [0x000000016ed80000,0x000000016ed8c000] with protection modes 3
Event: 377.971 Protecting memory [0x000000016ecf4000,0x000000016ed00000] with protection modes 0
Event: 378.254 Protecting memory [0x000000016ecf4000,0x000000016ed00000] with protection modes 3
Event: 379.753 Protecting memory [0x000000016ecf4000,0x000000016ed00000] with protection modes 0
Event: 380.121 Protecting memory [0x000000016ecf4000,0x000000016ed00000] with protection modes 3
Event: 380.437 Protecting memory [0x000000016ecf4000,0x000000016ed00000] with protection modes 0
Event: 381.154 Protecting memory [0x000000016ecf4000,0x000000016ed00000] with protection modes 3
Event: 381.404 Protecting memory [0x000000016ecf4000,0x000000016ed00000] with protection modes 0
Event: 381.687 Protecting memory [0x000000016ecf4000,0x000000016ed00000] with protection modes 3
Event: 381.753 Protecting memory [0x000000016ecf4000,0x000000016ed00000] with protection modes 0

Nmethod flushes (20 events):
Event: 356.224 Thread 0x0000000153607bb0 flushing  nmethod 0x000000010d564508
Event: 356.224 Thread 0x0000000153607bb0 flushing  nmethod 0x000000010d564808
Event: 356.224 Thread 0x0000000153607bb0 flushing  nmethod 0x000000010d64a688
Event: 356.224 Thread 0x0000000153607bb0 flushing  nmethod 0x000000010d676dc8
Event: 356.224 Thread 0x0000000153607bb0 flushing  nmethod 0x000000010d6d39c8
Event: 356.224 Thread 0x0000000153607bb0 flushing  nmethod 0x000000010d7b0108
Event: 356.224 Thread 0x0000000153607bb0 flushing  nmethod 0x000000010d946008
Event: 356.224 Thread 0x0000000153607bb0 flushing  nmethod 0x000000010d996948
Event: 356.224 Thread 0x0000000153607bb0 flushing  nmethod 0x000000010d99aa08
Event: 356.224 Thread 0x0000000153607bb0 flushing  nmethod 0x000000010da42508
Event: 356.224 Thread 0x0000000153607bb0 flushing  nmethod 0x000000010da45888
Event: 356.224 Thread 0x0000000153607bb0 flushing  nmethod 0x000000010da8f4c8
Event: 356.224 Thread 0x0000000153607bb0 flushing  nmethod 0x000000010da8f888
Event: 356.224 Thread 0x0000000153607bb0 flushing  nmethod 0x000000010dab4608
Event: 356.224 Thread 0x0000000153607bb0 flushing  nmethod 0x000000010dad5048
Event: 356.224 Thread 0x0000000153607bb0 flushing  nmethod 0x000000010db8e448
Event: 356.224 Thread 0x0000000153607bb0 flushing  nmethod 0x000000010db8fa08
Event: 356.224 Thread 0x0000000153607bb0 flushing  nmethod 0x000000010db92948
Event: 356.224 Thread 0x0000000153607bb0 flushing  nmethod 0x000000010db936c8
Event: 356.224 Thread 0x0000000153607bb0 flushing  nmethod 0x000000010dc92308

Events (20 events):
Event: 365.570 Thread 0x000000015597d600 Thread exited: 0x000000015597d600
Event: 365.771 Thread 0x0000000152814800 Thread added: 0x0000000152814800
Event: 366.187 Thread 0x0000000152814800 Thread exited: 0x0000000152814800
Event: 368.054 Thread 0x0000000152814800 Thread added: 0x0000000152814800
Event: 368.453 Thread 0x0000000152814800 Thread exited: 0x0000000152814800
Event: 368.621 Thread 0x0000000130012800 Thread added: 0x0000000130012800
Event: 369.420 Thread 0x0000000130012800 Thread exited: 0x0000000130012800
Event: 370.520 Thread 0x0000000152814800 Thread added: 0x0000000152814800
Event: 371.170 Thread 0x0000000152814800 Thread exited: 0x0000000152814800
Event: 371.620 Thread 0x0000000152814800 Thread added: 0x0000000152814800
Event: 373.603 Thread 0x0000000152814800 Thread exited: 0x0000000152814800
Event: 377.971 Thread 0x00000001340f2c00 Thread added: 0x00000001340f2c00
Event: 378.254 Thread 0x00000001340f2c00 Thread exited: 0x00000001340f2c00
Event: 379.754 Thread 0x0000000133caec00 Thread added: 0x0000000133caec00
Event: 380.121 Thread 0x0000000133caec00 Thread exited: 0x0000000133caec00
Event: 380.437 Thread 0x00000001340f2c00 Thread added: 0x00000001340f2c00
Event: 381.154 Thread 0x00000001340f2c00 Thread exited: 0x00000001340f2c00
Event: 381.404 Thread 0x000000015597d600 Thread added: 0x000000015597d600
Event: 381.687 Thread 0x000000015597d600 Thread exited: 0x000000015597d600
Event: 381.753 Thread 0x0000000130012800 Thread added: 0x0000000130012800


Dynamic libraries:
0x0000000102238000 	/Library/Java/JavaVirtualMachines/jdk-24.jdk/Contents/Home/lib/libjli.dylib
0x000000019eb3c000 	/System/Library/Frameworks/ApplicationServices.framework/Versions/A/ApplicationServices
0x000000018baf9000 	/System/Library/Frameworks/CoreGraphics.framework/Versions/A/CoreGraphics
0x0000000188188000 	/System/Library/Frameworks/CoreText.framework/Versions/A/CoreText
0x00000001911d4000 	/System/Library/Frameworks/ImageIO.framework/Versions/A/ImageIO
0x000000018c202000 	/System/Library/Frameworks/ColorSync.framework/Versions/A/ColorSync
0x0000000196f50000 	/System/Library/Frameworks/ApplicationServices.framework/Versions/A/Frameworks/ATS.framework/Versions/A/ATS
0x000000019aaef000 	/System/Library/Frameworks/CoreServices.framework/Versions/A/CoreServices
0x000000018c3b8000 	/System/Library/Frameworks/ApplicationServices.framework/Versions/A/Frameworks/HIServices.framework/Versions/A/HIServices
0x0000000195a80000 	/System/Library/Frameworks/ApplicationServices.framework/Versions/A/Frameworks/PrintCore.framework/Versions/A/PrintCore
0x000000019733c000 	/System/Library/Frameworks/ApplicationServices.framework/Versions/A/Frameworks/QD.framework/Versions/A/QD
0x0000000197333000 	/System/Library/Frameworks/ApplicationServices.framework/Versions/A/Frameworks/ColorSyncLegacy.framework/Versions/A/ColorSyncLegacy
0x0000000196f22000 	/System/Library/Frameworks/ApplicationServices.framework/Versions/A/Frameworks/SpeechSynthesis.framework/Versions/A/SpeechSynthesis
0x00000001934d1000 	/usr/lib/libSystem.B.dylib
0x000000018b5e5000 	/System/Library/PrivateFrameworks/SkyLight.framework/Versions/A/SkyLight
0x000000018cc46000 	/System/Library/PrivateFrameworks/ProtocolBuffer.framework/Versions/A/ProtocolBuffer
0x00000001934d6000 	/System/Library/PrivateFrameworks/SoftLinking.framework/Versions/A/SoftLinking
0x0000000188ebc000 	/usr/lib/libicucore.A.dylib
0x000000018e077000 	/System/Library/PrivateFrameworks/CoreAnalytics.framework/Versions/A/CoreAnalytics
0x0000000190be8000 	/System/Library/PrivateFrameworks/FontServices.framework/libFontParser.dylib
0x000000019ad95000 	/System/Library/Frameworks/Accelerate.framework/Versions/A/Accelerate
0x00000001907bb000 	/System/Library/Frameworks/IOSurface.framework/Versions/A/IOSurface
0x000000018ecba000 	/usr/lib/libxml2.2.dylib
0x000000018b14a000 	/System/Library/Frameworks/CFNetwork.framework/Versions/A/CFNetwork
0x0000000185acc000 	/System/Library/Frameworks/CoreFoundation.framework/Versions/A/CoreFoundation
0x0000000186cac000 	/System/Library/Frameworks/Foundation.framework/Versions/C/Foundation
0x0000000193414000 	/usr/lib/libz.1.dylib
0x0000000185688000 	/usr/lib/libobjc.A.dylib
0x0000000185978000 	/usr/lib/libc++.1.dylib
0x0000000188ad3000 	/System/Library/Frameworks/Security.framework/Versions/A/Security
0x000000019666a000 	/usr/lib/swift/libswiftCore.dylib
0x00000001ad180000 	/usr/lib/swift/libswiftCoreFoundation.dylib
0x00000001aa9f7000 	/usr/lib/swift/libswiftDarwin.dylib
0x000000019c4d5000 	/usr/lib/swift/libswiftDispatch.dylib
0x00000001ad1de000 	/usr/lib/swift/libswiftIOKit.dylib
0x000000019f097000 	/usr/lib/swift/libswiftObjectiveC.dylib
0x00000001ad192000 	/usr/lib/swift/libswiftXPC.dylib
0x000000025f19a000 	/usr/lib/swift/libswift_Builtin_float.dylib
0x000000025f3ba000 	/usr/lib/swift/libswift_errno.dylib
0x000000025f3bc000 	/usr/lib/swift/libswift_math.dylib
0x000000025f3bf000 	/usr/lib/swift/libswift_signal.dylib
0x000000025f3c0000 	/usr/lib/swift/libswift_stdio.dylib
0x000000025f3c1000 	/usr/lib/swift/libswift_time.dylib
0x000000025f3c2000 	/usr/lib/swift/libswiftsys_time.dylib
0x000000025f3c3000 	/usr/lib/swift/libswiftunistd.dylib
0x000000018cf91000 	/System/Library/PrivateFrameworks/RunningBoardServices.framework/Versions/A/RunningBoardServices
0x000000018b52d000 	/usr/lib/libMobileGestalt.dylib
0x000000018b5bf000 	/System/Library/PrivateFrameworks/TCC.framework/Versions/A/TCC
0x00000001a1d60000 	/System/Library/PrivateFrameworks/IOSurfaceAccelerator.framework/Versions/A/IOSurfaceAccelerator
0x000000019545f000 	/System/Library/PrivateFrameworks/WatchdogClient.framework/Versions/A/WatchdogClient
0x0000000193682000 	/usr/lib/libcompression.dylib
0x000000018e0a6000 	/usr/lib/libDiagnosticMessagesClient.dylib
0x0000000186907000 	/System/Library/Frameworks/SystemConfiguration.framework/Versions/A/SystemConfiguration
0x0000000187cb9000 	/System/Library/Frameworks/CoreDisplay.framework/Versions/A/CoreDisplay
0x00000001925d5000 	/System/Library/PrivateFrameworks/IOMobileFramebuffer.framework/Versions/A/IOMobileFramebuffer
0x0000000190a7f000 	/System/Library/Frameworks/CoreMedia.framework/Versions/A/CoreMedia
0x00000001907d4000 	/System/Library/PrivateFrameworks/IOAccelerator.framework/Versions/A/IOAccelerator
0x0000000189502000 	/System/Library/Frameworks/IOKit.framework/Versions/A/IOKit
0x00000001907de000 	/System/Library/Frameworks/Metal.framework/Versions/A/Metal
0x000000018eda4000 	/System/Library/Frameworks/CoreVideo.framework/Versions/A/CoreVideo
0x000000019367a000 	/System/Library/Frameworks/MetalPerformanceShaders.framework/Versions/A/MetalPerformanceShaders
0x0000000195461000 	/System/Library/PrivateFrameworks/MultitouchSupport.framework/Versions/A/MultitouchSupport
0x000000018e573000 	/System/Library/Frameworks/QuartzCore.framework/Versions/A/QuartzCore
0x00000001928ea000 	/usr/lib/libbsm.0.dylib
0x0000000244fa2000 	/System/Library/PrivateFrameworks/ProDisplayLibrary.framework/Versions/A/ProDisplayLibrary
0x00000001954a6000 	/System/Library/Frameworks/VideoToolbox.framework/Versions/A/VideoToolbox
0x00000001b94de000 	/usr/lib/swift/libswiftMetal.dylib
0x00000001c74ba000 	/usr/lib/swift/libswiftOSLog.dylib
0x00000001bdda6000 	/usr/lib/swift/libswiftQuartzCore.dylib
0x00000001c2220000 	/usr/lib/swift/libswiftUniformTypeIdentifiers.dylib
0x000000019f09b000 	/usr/lib/swift/libswiftos.dylib
0x00000001b07cd000 	/usr/lib/swift/libswiftsimd.dylib
0x000000018ee44000 	/System/Library/PrivateFrameworks/UserManagement.framework/Versions/A/UserManagement
0x000000018ceac000 	/System/Library/PrivateFrameworks/BaseBoard.framework/Versions/A/BaseBoard
0x000000018ec34000 	/System/Library/Frameworks/CoreServices.framework/Versions/A/Frameworks/FSEvents.framework/Versions/A/FSEvents
0x000000018918b000 	/System/Library/Frameworks/CoreServices.framework/Versions/A/Frameworks/CarbonCore.framework/Versions/A/CarbonCore
0x000000018e108000 	/System/Library/Frameworks/CoreServices.framework/Versions/A/Frameworks/Metadata.framework/Versions/A/Metadata
0x0000000192fd2000 	/System/Library/Frameworks/CoreServices.framework/Versions/A/Frameworks/OSServices.framework/Versions/A/OSServices
0x00000001935b1000 	/System/Library/Frameworks/CoreServices.framework/Versions/A/Frameworks/SearchKit.framework/Versions/A/SearchKit
0x000000018cff8000 	/System/Library/Frameworks/CoreServices.framework/Versions/A/Frameworks/AE.framework/Versions/A/AE
0x0000000185fc3000 	/System/Library/Frameworks/CoreServices.framework/Versions/A/Frameworks/LaunchServices.framework/Versions/A/LaunchServices
0x0000000194915000 	/System/Library/Frameworks/CoreServices.framework/Versions/A/Frameworks/DictionaryServices.framework/Versions/A/DictionaryServices
0x000000018ec42000 	/System/Library/Frameworks/CoreServices.framework/Versions/A/Frameworks/SharedFileList.framework/Versions/A/SharedFileList
0x000000019364c000 	/usr/lib/libapple_nghttp2.dylib
0x000000018cc60000 	/usr/lib/libsqlite3.dylib
0x0000000197373000 	/System/Library/Frameworks/GSS.framework/Versions/A/GSS
0x0000000195ba0000 	/System/Library/PrivateFrameworks/InternationalSupport.framework/Versions/A/InternationalSupport
0x000000018b52b000 	/usr/lib/libenergytrace.dylib
0x000000018d086000 	/System/Library/Frameworks/Network.framework/Versions/A/Network
0x0000000189481000 	/System/Library/PrivateFrameworks/CoreServicesInternal.framework/Versions/A/CoreServicesInternal
0x000000019349e000 	/usr/lib/liboah.dylib
0x00000001934d3000 	/usr/lib/libfakelink.dylib
0x0000000185a06000 	/usr/lib/libc++abi.dylib
0x000000018ec70000 	/System/Library/PrivateFrameworks/CoreAutoLayout.framework/Versions/A/CoreAutoLayout
0x000000018e191000 	/System/Library/Frameworks/DiskArbitration.framework/Versions/A/DiskArbitration
0x0000000193528000 	/usr/lib/libarchive.2.dylib
0x00000001919cb000 	/usr/lib/liblangid.dylib
0x0000000198a11000 	/System/Library/Frameworks/Combine.framework/Versions/A/Combine
0x00000002298fb000 	/System/Library/PrivateFrameworks/CollectionsInternal.framework/Versions/A/CollectionsInternal
0x0000000245a10000 	/System/Library/PrivateFrameworks/ReflectionInternal.framework/Versions/A/ReflectionInternal
0x0000000246598000 	/System/Library/PrivateFrameworks/RuntimeInternal.framework/Versions/A/RuntimeInternal
0x000000025f121000 	/usr/lib/swift/libswiftSystem.dylib
0x000000025f19f000 	/usr/lib/swift/libswift_Concurrency.dylib
0x000000025f307000 	/usr/lib/swift/libswift_StringProcessing.dylib
0x00000001934cb000 	/usr/lib/system/libcache.dylib
0x0000000193484000 	/usr/lib/system/libcommonCrypto.dylib
0x00000001934b1000 	/usr/lib/system/libcompiler_rt.dylib
0x00000001934a6000 	/usr/lib/system/libcopyfile.dylib
0x00000001857c8000 	/usr/lib/system/libcorecrypto.dylib
0x00000001858ac000 	/usr/lib/system/libdispatch.dylib
0x0000000185a69000 	/usr/lib/system/libdyld.dylib
0x00000001934c1000 	/usr/lib/system/libkeymgr.dylib
0x0000000193462000 	/usr/lib/system/libmacho.dylib
0x00000001928c3000 	/usr/lib/system/libquarantine.dylib
0x00000001934be000 	/usr/lib/system/libremovefile.dylib
0x000000018b5a6000 	/usr/lib/system/libsystem_asl.dylib
0x000000018575d000 	/usr/lib/system/libsystem_blocks.dylib
0x00000001858f6000 	/usr/lib/system/libsystem_c.dylib
0x00000001934b5000 	/usr/lib/system/libsystem_collections.dylib
0x00000001919b8000 	/usr/lib/system/libsystem_configuration.dylib
0x000000019078c000 	/usr/lib/system/libsystem_containermanager.dylib
0x0000000192fcb000 	/usr/lib/system/libsystem_coreservices.dylib
0x0000000189180000 	/usr/lib/system/libsystem_darwin.dylib
0x000000025f50c000 	/usr/lib/system/libsystem_darwindirectory.dylib
0x00000001934c2000 	/usr/lib/system/libsystem_dnssd.dylib
0x000000025f510000 	/usr/lib/system/libsystem_eligibility.dylib
0x00000001858f3000 	/usr/lib/system/libsystem_featureflags.dylib
0x0000000185a9c000 	/usr/lib/system/libsystem_info.dylib
0x0000000193423000 	/usr/lib/system/libsystem_m.dylib
0x000000018586b000 	/usr/lib/system/libsystem_malloc.dylib
0x000000018b510000 	/usr/lib/system/libsystem_networkextension.dylib
0x00000001895e3000 	/usr/lib/system/libsystem_notify.dylib
0x00000001919bd000 	/usr/lib/system/libsystem_sandbox.dylib
0x000000025f517000 	/usr/lib/system/libsystem_sanitizers.dylib
0x00000001934ba000 	/usr/lib/system/libsystem_secinit.dylib
0x0000000185a21000 	/usr/lib/system/libsystem_kernel.dylib
0x0000000185a94000 	/usr/lib/system/libsystem_platform.dylib
0x0000000185a5c000 	/usr/lib/system/libsystem_pthread.dylib
0x000000018d07d000 	/usr/lib/system/libsystem_symptoms.dylib
0x00000001857ac000 	/usr/lib/system/libsystem_trace.dylib
0x0000000193492000 	/usr/lib/system/libunwind.dylib
0x0000000185761000 	/usr/lib/system/libxpc.dylib
0x0000000192888000 	/System/Library/PrivateFrameworks/BackgroundTaskManagement.framework/Versions/A/BackgroundTaskManagement
0x000000025e4db000 	/usr/lib/libCoreEntitlements.dylib
0x000000023e7c7000 	/System/Library/PrivateFrameworks/MessageSecurity.framework/Versions/A/MessageSecurity
0x0000000192fb3000 	/System/Library/PrivateFrameworks/AppleFSCompression.framework/Versions/A/AppleFSCompression
0x00000001928d2000 	/usr/lib/libcoretls.dylib
0x000000019498b000 	/usr/lib/libcoretls_cfhelpers.dylib
0x000000019367c000 	/usr/lib/libpam.2.dylib
0x00000001949fe000 	/usr/lib/libxar.1.dylib
0x0000000194dd5000 	/usr/lib/libheimdal-asn1.dylib
0x000000025f0a4000 	/usr/lib/swift/libswiftObservation.dylib
0x0000000193467000 	/usr/lib/system/libkxld.dylib
0x000000018b149000 	/usr/lib/libnetwork.dylib
0x00000001ad072000 	/System/Library/PrivateFrameworks/LoggingSupport.framework/Versions/A/LoggingSupport
0x000000018b07f000 	/usr/lib/libboringssl.dylib
0x000000018d06c000 	/usr/lib/libdns_services.dylib
0x00000001ac292000 	/usr/lib/libquic.dylib
0x00000001965fa000 	/usr/lib/libusrtcp.dylib
0x000000025f06c000 	/usr/lib/swift/libswiftDistributed.dylib
0x0000000193626000 	/System/Library/PrivateFrameworks/AppleSauce.framework/Versions/A/AppleSauce
0x00000001867a5000 	/System/Library/PrivateFrameworks/Lexicon.framework/Versions/A/Lexicon
0x000000023869e000 	/System/Library/PrivateFrameworks/IO80211.framework/Versions/A/IO80211
0x000000019c772000 	/System/Library/PrivateFrameworks/FrontBoardServices.framework/Versions/A/FrontBoardServices
0x00000001927fa000 	/System/Library/Frameworks/SecurityFoundation.framework/Versions/A/SecurityFoundation
0x0000000191aed000 	/System/Library/PrivateFrameworks/LinguisticData.framework/Versions/A/LinguisticData
0x00000001919c6000 	/System/Library/PrivateFrameworks/AppleSystemInfo.framework/Versions/A/AppleSystemInfo
0x000000019c83e000 	/System/Library/PrivateFrameworks/BoardServices.framework/Versions/A/BoardServices
0x00000001927ec000 	/System/Library/PrivateFrameworks/AssertionServices.framework/Versions/A/AssertionServices
0x000000019e42c000 	/System/Library/PrivateFrameworks/BackBoardServices.framework/Versions/A/BackBoardServices
0x0000000195326000 	/System/Library/PrivateFrameworks/AppleJPEG.framework/Versions/A/AppleJPEG
0x0000000194dba000 	/usr/lib/libexpat.1.dylib
0x0000000195955000 	/System/Library/Frameworks/ImageIO.framework/Versions/A/Resources/libPng.dylib
0x0000000195980000 	/System/Library/Frameworks/ImageIO.framework/Versions/A/Resources/libTIFF.dylib
0x0000000195a6b000 	/System/Library/Frameworks/ImageIO.framework/Versions/A/Resources/libGIF.dylib
0x000000019536c000 	/System/Library/Frameworks/ImageIO.framework/Versions/A/Resources/libJP2.dylib
0x0000000194ac2000 	/usr/lib/libate.dylib
0x0000000195a11000 	/System/Library/Frameworks/ImageIO.framework/Versions/A/Resources/libJPEG.dylib
0x0000000195a08000 	/System/Library/Frameworks/ImageIO.framework/Versions/A/Resources/libRadiance.dylib
0x000000018e19a000 	/System/Library/Frameworks/Accelerate.framework/Versions/A/Frameworks/vImage.framework/Versions/A/vImage
0x000000019aaca000 	/System/Library/Frameworks/Accelerate.framework/Versions/A/Frameworks/vecLib.framework/Versions/A/vecLib
0x0000000194a45000 	/System/Library/Frameworks/Accelerate.framework/Versions/A/Frameworks/vecLib.framework/Versions/A/libvMisc.dylib
0x0000000186415000 	/System/Library/Frameworks/Accelerate.framework/Versions/A/Frameworks/vecLib.framework/Versions/A/libBLAS.dylib
0x00000001e0ecd000 	/System/Library/Frameworks/OpenGL.framework/Versions/A/OpenGL
0x0000000234d94000 	/System/Library/PrivateFrameworks/GPUCompiler.framework/Versions/32023/Libraries/libllvm-flatbuffers.dylib
0x00000002302b2000 	/System/Library/PrivateFrameworks/FramePacing.framework/Versions/A/FramePacing
0x00000001e0ebf000 	/System/Library/Frameworks/OpenGL.framework/Versions/A/Libraries/libCoreFSCache.dylib
0x0000000230e71000 	/System/Library/PrivateFrameworks/GPUCompiler.framework/Versions/32023/Libraries/libGPUCompilerUtils.dylib
0x000000019496c000 	/usr/lib/liblzma.5.dylib
0x00000001e0f1f000 	/System/Library/Frameworks/OpenGL.framework/Versions/A/Libraries/libGLU.dylib
0x00000001e0ee1000 	/System/Library/Frameworks/OpenGL.framework/Versions/A/Libraries/libGFXShared.dylib
0x00000001e10b2000 	/System/Library/Frameworks/OpenGL.framework/Versions/A/Libraries/libGL.dylib
0x00000001e0eea000 	/System/Library/Frameworks/OpenGL.framework/Versions/A/Libraries/libGLImage.dylib
0x00000001e0ede000 	/System/Library/Frameworks/OpenGL.framework/Versions/A/Libraries/libCVMSPluginSupport.dylib
0x000000025e67e000 	/usr/lib/libRosetta.dylib
0x00000001e0ec7000 	/System/Library/Frameworks/OpenGL.framework/Versions/A/Libraries/libCoreVMClient.dylib
0x000000019154f000 	/System/Library/Frameworks/CoreImage.framework/Versions/A/CoreImage
0x00000001a01d2000 	/System/Library/PrivateFrameworks/ASEProcessing.framework/Versions/A/ASEProcessing
0x00000001cab33000 	/System/Library/PrivateFrameworks/Symbolication.framework/Versions/A/Symbolication
0x0000000244268000 	/System/Library/PrivateFrameworks/PhotosensitivityProcessing.framework/Versions/A/PhotosensitivityProcessing
0x0000000194f92000 	/System/Library/PrivateFrameworks/GraphVisualizer.framework/Versions/A/GraphVisualizer
0x00000002301ec000 	/System/Library/PrivateFrameworks/FontServices.framework/Versions/A/FontServices
0x000000018abd1000 	/System/Library/Frameworks/UniformTypeIdentifiers.framework/Versions/A/UniformTypeIdentifiers
0x0000000194f9e000 	/System/Library/PrivateFrameworks/OTSVG.framework/Versions/A/OTSVG
0x000000018e934000 	/System/Library/Frameworks/ApplicationServices.framework/Versions/A/Frameworks/ATS.framework/Versions/A/Resources/libFontRegistry.dylib
0x000000019498d000 	/System/Library/PrivateFrameworks/APFS.framework/Versions/A/APFS
0x0000000194a0d000 	/usr/lib/libutil.dylib
0x00000001927d3000 	/System/Library/PrivateFrameworks/MobileKeyBag.framework/Versions/A/MobileKeyBag
0x00000001919c4000 	/System/Library/PrivateFrameworks/AggregateDictionary.framework/Versions/A/AggregateDictionary
0x0000000226356000 	/System/Library/PrivateFrameworks/AppleKeyStore.framework/Versions/A/AppleKeyStore
0x0000000194fe8000 	/System/Library/PrivateFrameworks/FontServices.framework/libhvf.dylib
0x00000002413e3000 	/System/Library/PrivateFrameworks/ParsingInternal.framework/Versions/A/ParsingInternal
0x000000025f0c3000 	/usr/lib/swift/libswiftRegexBuilder.dylib
0x000000025f260000 	/usr/lib/swift/libswift_RegexParser.dylib
0x00000002301ed000 	/System/Library/PrivateFrameworks/FontServices.framework/libXTFontStaticRegistryData.dylib
0x0000000191907000 	/System/Library/Frameworks/MetalPerformanceShaders.framework/Versions/A/Frameworks/MPSCore.framework/Versions/A/MPSCore
0x0000000192f1f000 	/System/Library/Frameworks/MetalPerformanceShaders.framework/Versions/A/Frameworks/MPSImage.framework/Versions/A/MPSImage
0x000000019296b000 	/System/Library/Frameworks/MetalPerformanceShaders.framework/Versions/A/Frameworks/MPSNeuralNetwork.framework/Versions/A/MPSNeuralNetwork
0x0000000192da1000 	/System/Library/Frameworks/MetalPerformanceShaders.framework/Versions/A/Frameworks/MPSMatrix.framework/Versions/A/MPSMatrix
0x0000000192bb9000 	/System/Library/Frameworks/MetalPerformanceShaders.framework/Versions/A/Frameworks/MPSRayIntersector.framework/Versions/A/MPSRayIntersector
0x0000000192dd3000 	/System/Library/Frameworks/MetalPerformanceShaders.framework/Versions/A/Frameworks/MPSNDArray.framework/Versions/A/MPSNDArray
0x00000001e451c000 	/System/Library/Frameworks/MetalPerformanceShaders.framework/Versions/A/Frameworks/MPSFunctions.framework/Versions/A/MPSFunctions
0x00000001e4500000 	/System/Library/Frameworks/MetalPerformanceShaders.framework/Versions/A/Frameworks/MPSBenchmarkLoop.framework/Versions/A/MPSBenchmarkLoop
0x0000000186299000 	/System/Library/PrivateFrameworks/MetalTools.framework/Versions/A/MetalTools
0x00000001b1b04000 	/System/Library/PrivateFrameworks/IOAccelMemoryInfo.framework/Versions/A/IOAccelMemoryInfo
0x00000001be19f000 	/System/Library/PrivateFrameworks/kperf.framework/Versions/A/kperf
0x00000001ad157000 	/System/Library/PrivateFrameworks/GPURawCounter.framework/Versions/A/GPURawCounter
0x000000019cc86000 	/System/Library/PrivateFrameworks/CoreSymbolication.framework/Versions/A/CoreSymbolication
0x00000001ad0f0000 	/System/Library/PrivateFrameworks/MallocStackLogging.framework/Versions/A/MallocStackLogging
0x0000000194b5c000 	/System/Library/PrivateFrameworks/CrashReporterSupport.framework/Versions/A/CrashReporterSupport
0x000000019cc40000 	/System/Library/PrivateFrameworks/DebugSymbols.framework/Versions/A/DebugSymbols
0x00000001bd451000 	/System/Library/PrivateFrameworks/OSAnalytics.framework/Versions/A/OSAnalytics
0x00000001924af000 	/System/Library/Frameworks/Accelerate.framework/Versions/A/Frameworks/vecLib.framework/Versions/A/libvDSP.dylib
0x0000000193758000 	/System/Library/Frameworks/Accelerate.framework/Versions/A/Frameworks/vecLib.framework/Versions/A/libLAPACK.dylib
0x0000000192956000 	/System/Library/Frameworks/Accelerate.framework/Versions/A/Frameworks/vecLib.framework/Versions/A/libLinearAlgebra.dylib
0x0000000193667000 	/System/Library/Frameworks/Accelerate.framework/Versions/A/Frameworks/vecLib.framework/Versions/A/libSparseBLAS.dylib
0x0000000193753000 	/System/Library/Frameworks/Accelerate.framework/Versions/A/Frameworks/vecLib.framework/Versions/A/libQuadrature.dylib
0x0000000191af4000 	/System/Library/Frameworks/Accelerate.framework/Versions/A/Frameworks/vecLib.framework/Versions/A/libBNNS.dylib
0x00000001868a6000 	/System/Library/Frameworks/Accelerate.framework/Versions/A/Frameworks/vecLib.framework/Versions/A/libSparse.dylib
0x000000023ca47000 	/System/Library/PrivateFrameworks/MIL.framework/Versions/A/MIL
0x000000019c8e8000 	/System/Library/PrivateFrameworks/GraphicsServices.framework/Versions/A/GraphicsServices
0x0000000192fbf000 	/usr/lib/libbz2.1.0.dylib
0x000000019350d000 	/usr/lib/libiconv.2.dylib
0x0000000193461000 	/usr/lib/libcharset.1.dylib
0x0000000192664000 	/System/Library/PrivateFrameworks/CoreUtils.framework/Versions/A/CoreUtils
0x000000022d255000 	/System/Library/PrivateFrameworks/CoreUtilsExtras.framework/Versions/A/CoreUtilsExtras
0x000000018c85c000 	/System/Library/Frameworks/CoreData.framework/Versions/A/CoreData
0x0000000194cb7000 	/System/Library/PrivateFrameworks/PlugInKit.framework/Versions/A/PlugInKit
0x00000001ce582000 	/System/Library/Frameworks/OSLog.framework/Versions/A/OSLog
0x000000018ec07000 	/System/Library/Frameworks/OpenDirectory.framework/Versions/A/OpenDirectory
0x000000018ec15000 	/System/Library/Frameworks/OpenDirectory.framework/Versions/A/Frameworks/CFOpenDirectory.framework/Versions/A/CFOpenDirectory
0x000000025e6c4000 	/usr/lib/libTLE.dylib
0x000000019e5f0000 	/System/Library/PrivateFrameworks/DiskImages.framework/Versions/A/DiskImages
0x00000001aa52d000 	/System/Library/Frameworks/NetFS.framework/Versions/A/NetFS
0x0000000194e2b000 	/System/Library/PrivateFrameworks/IconServices.framework/Versions/A/IconServices
0x00000001e23c6000 	/System/Library/Frameworks/CoreTransferable.framework/Versions/A/CoreTransferable
0x00000001e2aa7000 	/System/Library/Frameworks/ExtensionFoundation.framework/Versions/A/ExtensionFoundation
0x0000000194de0000 	/System/Library/PrivateFrameworks/IconFoundation.framework/Versions/A/IconFoundation
0x000000018e986000 	/System/Library/PrivateFrameworks/CoreUI.framework/Versions/A/CoreUI
0x0000000195af8000 	/System/Library/PrivateFrameworks/TextureIO.framework/Versions/A/TextureIO
0x0000000191198000 	/System/Library/PrivateFrameworks/CoreSVG.framework/Versions/A/CoreSVG
0x00000001c222f000 	/usr/lib/swift/libswiftAccelerate.dylib
0x000000018aa27000 	/System/Library/PrivateFrameworks/UIFoundation.framework/Versions/A/UIFoundation
0x0000000197326000 	/System/Library/PrivateFrameworks/NetAuth.framework/Versions/A/NetAuth
0x000000018ee05000 	/System/Library/PrivateFrameworks/login.framework/Versions/A/Frameworks/loginsupport.framework/Versions/A/loginsupport
0x000000019b8ef000 	/System/Library/Frameworks/CoreBluetooth.framework/Versions/A/CoreBluetooth
0x00000001987a6000 	/System/Library/Frameworks/IOBluetooth.framework/Versions/A/IOBluetooth
0x00000001ad1dd000 	/usr/lib/swift/libswiftCoreImage.dylib
0x0000000194b53000 	/usr/lib/libIOReport.dylib
0x0000000197532000 	/System/Library/PrivateFrameworks/CorePhoneNumbers.framework/Versions/A/CorePhoneNumbers
0x000000019bacd000 	/System/Library/PrivateFrameworks/MediaKit.framework/Versions/A/MediaKit
0x000000019ba18000 	/System/Library/Frameworks/DiscRecording.framework/Versions/A/DiscRecording
0x0000000196d09000 	/System/Library/Frameworks/AudioToolbox.framework/Versions/A/AudioToolbox
0x0000000187dda000 	/System/Library/PrivateFrameworks/AudioToolboxCore.framework/Versions/A/AudioToolboxCore
0x0000000196eac000 	/System/Library/PrivateFrameworks/AudioSession.framework/Versions/A/AudioSession
0x00000001a1234000 	/System/Library/Frameworks/CoreMIDI.framework/Versions/A/CoreMIDI
0x0000000196f09000 	/usr/lib/libAudioStatistics.dylib
0x0000000190a57000 	/System/Library/PrivateFrameworks/caulk.framework/Versions/A/caulk
0x0000000188396000 	/System/Library/Frameworks/CoreAudio.framework/Versions/A/CoreAudio
0x000000019591f000 	/usr/lib/libAudioToolboxUtility.dylib
0x0000000194fde000 	/System/Library/PrivateFrameworks/AppServerSupport.framework/Versions/A/AppServerSupport
0x0000000197346000 	/System/Library/PrivateFrameworks/perfdata.framework/Versions/A/perfdata
0x00000001ac389000 	/System/Library/PrivateFrameworks/SystemPolicy.framework/Versions/A/SystemPolicy
0x00000001971e5000 	/usr/lib/libSMC.dylib
0x0000000197353000 	/usr/lib/libperfcheck.dylib
0x00000002268d8000 	/System/Library/PrivateFrameworks/AudioAnalytics.framework/Versions/A/AudioAnalytics
0x00000001d5785000 	/System/Library/PrivateFrameworks/FeatureFlags.framework/Versions/A/FeatureFlags
0x00000001ad122000 	/usr/lib/libmis.dylib
0x0000000194ebb000 	/System/Library/PrivateFrameworks/MediaExperience.framework/Versions/A/MediaExperience
0x0000000196cc0000 	/System/Library/PrivateFrameworks/AudioSession.framework/libSessionUtility.dylib
0x0000000195a71000 	/System/Library/PrivateFrameworks/CMCaptureCore.framework/Versions/A/CMCaptureCore
0x0000000194ff4000 	/usr/lib/libspindump.dylib
0x000000019cd9a000 	/System/Library/PrivateFrameworks/CoreTime.framework/Versions/A/CoreTime
0x000000019b9dd000 	/System/Library/PrivateFrameworks/PowerLog.framework/Versions/A/PowerLog
0x000000019eff3000 	/System/Library/Frameworks/AudioUnit.framework/Versions/A/AudioUnit
0x000000019e7b2000 	/usr/lib/libcurl.4.dylib
0x000000025e8fc000 	/usr/lib/libcrypto.46.dylib
0x000000025ee48000 	/usr/lib/libssl.48.dylib
0x000000019e486000 	/System/Library/Frameworks/LDAP.framework/Versions/A/LDAP
0x0000000197361000 	/System/Library/Frameworks/Kerberos.framework/Versions/A/Kerberos
0x000000019e4c2000 	/System/Library/PrivateFrameworks/TrustEvaluationAgent.framework/Versions/A/TrustEvaluationAgent
0x0000000196fe8000 	/usr/lib/libsasl2.2.dylib
0x0000000196fcf000 	/usr/lib/libresolv.9.dylib
0x0000000194ffa000 	/System/Library/PrivateFrameworks/Heimdal.framework/Versions/A/Heimdal
0x000000019eff2000 	/System/Library/Frameworks/Kerberos.framework/Versions/A/Libraries/libHeimdalProxy.dylib
0x00000001973ce000 	/System/Library/PrivateFrameworks/CommonAuth.framework/Versions/A/CommonAuth
0x00000001e143e000 	/System/Library/Frameworks/AVFAudio.framework/Versions/A/AVFAudio
0x000000023b595000 	/System/Library/PrivateFrameworks/IsolatedCoreAudioClient.framework/Versions/A/IsolatedCoreAudioClient
0x00000002517a4000 	/System/Library/PrivateFrameworks/Tightbeam.framework/Versions/A/Tightbeam
0x00000001c28e5000 	/System/Library/PrivateFrameworks/AFKUser.framework/Versions/A/AFKUser
0x000000019ade4000 	/System/Library/Frameworks/MediaAccessibility.framework/Versions/A/MediaAccessibility
0x0000000254c17000 	/System/Library/PrivateFrameworks/VideoToolboxParavirtualizationSupport.framework/Versions/A/VideoToolboxParavirtualizationSupport
0x0000000194d70000 	/System/Library/PrivateFrameworks/AppleVA.framework/Versions/A/AppleVA
0x0000000195a03000 	/System/Library/PrivateFrameworks/GPUWrangler.framework/Versions/A/GPUWrangler
0x00000001959e3000 	/System/Library/PrivateFrameworks/IOPresentment.framework/Versions/A/IOPresentment
0x0000000195a0b000 	/System/Library/PrivateFrameworks/DSExternalDisplay.framework/Versions/A/DSExternalDisplay
0x00000001919cd000 	/System/Library/PrivateFrameworks/CoreNLP.framework/Versions/A/CoreNLP
0x00000001928fc000 	/usr/lib/libmecab.dylib
0x000000018699b000 	/usr/lib/libCRFSuite.dylib
0x0000000192953000 	/usr/lib/libgermantok.dylib
0x000000019361d000 	/usr/lib/libThaiTokenizer.dylib
0x00000001928c6000 	/usr/lib/libCheckFix.dylib
0x000000018e0a8000 	/System/Library/PrivateFrameworks/MetadataUtilities.framework/Versions/A/MetadataUtilities
0x0000000238ce7000 	/System/Library/PrivateFrameworks/InstalledContentLibrary.framework/Versions/A/InstalledContentLibrary
0x00000001894c1000 	/System/Library/PrivateFrameworks/CoreServicesStore.framework/Versions/A/CoreServicesStore
0x000000018ec6c000 	/usr/lib/libapp_launch_measurement.dylib
0x0000000226550000 	/System/Library/PrivateFrameworks/AppleMobileFileIntegrity.framework/Versions/A/AppleMobileFileIntegrity
0x00000001be29b000 	/System/Library/PrivateFrameworks/MobileSystemServices.framework/Versions/A/MobileSystemServices
0x00000001dde99000 	/System/Library/PrivateFrameworks/ConfigProfileHelper.framework/Versions/A/ConfigProfileHelper
0x0000000194a11000 	/usr/lib/libxslt.1.dylib
0x00000001ce982000 	/System/Library/PrivateFrameworks/HIDDisplay.framework/Versions/A/HIDDisplay
0x00000001a6334000 	/System/Library/PrivateFrameworks/HID.framework/Versions/A/HID
0x0000000195a3c000 	/System/Library/Frameworks/ApplicationServices.framework/Versions/A/Frameworks/ATSUI.framework/Versions/A/ATSUI
0x00000001972c6000 	/usr/lib/libcups.2.dylib
0x00000001a7514000 	/System/Library/PrivateFrameworks/AXCoreUtilities.framework/Versions/A/AXCoreUtilities
0x00000001b5276000 	/System/Library/PrivateFrameworks/AttributeGraph.framework/Versions/A/AttributeGraph
0x000000025e320000 	/usr/lib/libAXSafeCategoryBundle.dylib
0x00000001a75ce000 	/usr/lib/libAccessibility.dylib
0x00000001a13fb000 	/System/Library/Frameworks/Cocoa.framework/Versions/A/Cocoa
0x0000000189652000 	/System/Library/Frameworks/AppKit.framework/Versions/C/AppKit
0x00000002298d7000 	/System/Library/PrivateFrameworks/CollectionViewCore.framework/Versions/A/CollectionViewCore
0x000000019a6d2000 	/System/Library/PrivateFrameworks/RemoteViewServices.framework/Versions/A/RemoteViewServices
0x0000000191192000 	/System/Library/PrivateFrameworks/XCTTargetBootstrap.framework/Versions/A/XCTTargetBootstrap
0x0000000195bff000 	/System/Library/PrivateFrameworks/UserActivity.framework/Versions/A/UserActivity
0x00000002533f1000 	/System/Library/PrivateFrameworks/UIIntelligenceSupport.framework/Versions/A/UIIntelligenceSupport
0x0000000257f05000 	/System/Library/PrivateFrameworks/WritingTools.framework/Versions/A/WritingTools
0x0000000256f45000 	/System/Library/PrivateFrameworks/WindowManagement.framework/Versions/A/WindowManagement
0x000000019117d000 	/System/Library/PrivateFrameworks/DFRFoundation.framework/Versions/A/DFRFoundation
0x0000000195bb0000 	/System/Library/PrivateFrameworks/DataDetectorsCore.framework/Versions/A/DataDetectorsCore
0x00000001b0872000 	/System/Library/PrivateFrameworks/TextInput.framework/Versions/A/TextInput
0x0000000190e75000 	/System/Library/Frameworks/Carbon.framework/Versions/A/Frameworks/HIToolbox.framework/Versions/A/HIToolbox
0x000000019a70c000 	/System/Library/Frameworks/Carbon.framework/Versions/A/Frameworks/SpeechRecognition.framework/Versions/A/SpeechRecognition
0x00000001a56c1000 	/System/Library/PrivateFrameworks/RenderBox.framework/Versions/A/RenderBox
0x000000018ebfd000 	/System/Library/PrivateFrameworks/PerformanceAnalysis.framework/Versions/A/PerformanceAnalysis
0x000000019aa71000 	/System/Library/Frameworks/Accessibility.framework/Versions/A/Accessibility
0x00000001e295a000 	/System/Library/Frameworks/DeveloperToolsSupport.framework/Versions/A/DeveloperToolsSupport
0x000000022161f000 	/System/Library/Frameworks/Symbols.framework/Versions/A/Symbols
0x000000019a6fa000 	/System/Library/PrivateFrameworks/SpeechRecognitionCore.framework/Versions/A/SpeechRecognitionCore
0x000000010330c000 	/Library/Java/JavaVirtualMachines/jdk-24.jdk/Contents/Home/lib/server/libjvm.dylib
0x00000001022a0000 	/Library/Java/JavaVirtualMachines/jdk-24.jdk/Contents/Home/lib/libjimage.dylib
0x0000000102334000 	/Library/Java/JavaVirtualMachines/jdk-24.jdk/Contents/Home/lib/libjava.dylib
0x0000000102f9c000 	/Library/Java/JavaVirtualMachines/jdk-24.jdk/Contents/Home/lib/libnio.dylib
0x0000000102fbc000 	/Library/Java/JavaVirtualMachines/jdk-24.jdk/Contents/Home/lib/libnet.dylib
0x0000000102ffc000 	/Library/Java/JavaVirtualMachines/jdk-24.jdk/Contents/Home/lib/libzip.dylib
0x0000000102fd4000 	/Users/rayen/.openjfx/cache/21.0.1+6/aarch64/libprism_es2.dylib
0x00000001abdcb000 	/System/Library/Frameworks/Carbon.framework/Versions/A/Carbon
0x00000001a357d000 	/System/Library/Frameworks/Carbon.framework/Versions/A/Frameworks/CommonPanels.framework/Versions/A/CommonPanels
0x000000019e79d000 	/System/Library/Frameworks/Carbon.framework/Versions/A/Frameworks/Help.framework/Versions/A/Help
0x00000001a3581000 	/System/Library/Frameworks/Carbon.framework/Versions/A/Frameworks/ImageCapture.framework/Versions/A/ImageCapture
0x00000001a355c000 	/System/Library/Frameworks/Carbon.framework/Versions/A/Frameworks/OpenScripting.framework/Versions/A/OpenScripting
0x00000001a357c000 	/System/Library/Frameworks/Carbon.framework/Versions/A/Frameworks/Ink.framework/Versions/A/Ink
0x00000001a3579000 	/System/Library/Frameworks/Carbon.framework/Versions/A/Frameworks/SecurityHI.framework/Versions/A/SecurityHI
0x00000001e10bc000 	/System/Library/Frameworks/OpenGL.framework/Versions/A/Resources/GLEngine.bundle/GLEngine
0x00000001e0f59000 	/System/Library/Frameworks/OpenGL.framework/Versions/A/Libraries/libGLProgrammability.dylib
0x0000000103220000 	/System/Library/Extensions/AppleMetalOpenGLRenderer.bundle/Contents/MacOS/AppleMetalOpenGLRenderer
0x00000001e121b000 	/System/Library/Frameworks/OpenGL.framework/Versions/A/Resources/GLRendererFloat.bundle/GLRendererFloat
0x0000000127284000 	/System/Library/Extensions/AGXMetal13_3.bundle/Contents/MacOS/AGXMetal13_3
0x00000001a6345000 	/System/Library/PrivateFrameworks/IOGPU.framework/Versions/A/IOGPU
0x000000011fcac000 	/Users/rayen/.openjfx/cache/21.0.1+6/aarch64/libglass.dylib
0x000000018eadf000 	/System/Library/PrivateFrameworks/ViewBridge.framework/Versions/A/ViewBridge
0x00000001b2cdc000 	/System/Library/Frameworks/Accelerate.framework/Versions/A/Frameworks/vImage.framework/Versions/A/Libraries/libCGInterfaces.dylib
0x000000011ff3c000 	/usr/lib/libobjc-trampolines.dylib
0x000000025e324000 	/usr/lib/libAccessibilityBaseImplementations.dylib
0x0000000257f0a000 	/System/Library/PrivateFrameworks/WritingToolsUI.framework/Versions/A/WritingToolsUI
0x000000024fae9000 	/System/Library/PrivateFrameworks/TextComposer.framework/Versions/A/TextComposer
0x0000000235b82000 	/System/Library/PrivateFrameworks/GenerativeModels.framework/Versions/A/GenerativeModels
0x000000025f0d7000 	/usr/lib/swift/libswiftSpatial.dylib
0x00000001932df000 	/System/Library/Frameworks/CoreSpotlight.framework/Versions/A/CoreSpotlight
0x0000000235a51000 	/System/Library/PrivateFrameworks/GenerativeFunctions.framework/Versions/A/GenerativeFunctions
0x0000000235a9f000 	/System/Library/PrivateFrameworks/GenerativeFunctionsFoundation.framework/Versions/A/GenerativeFunctionsFoundation
0x0000000235be4000 	/System/Library/PrivateFrameworks/GenerativeModelsFoundation.framework/Versions/A/GenerativeModelsFoundation
0x000000023f116000 	/System/Library/PrivateFrameworks/ModelCatalog.framework/Versions/A/ModelCatalog
0x0000000245410000 	/System/Library/PrivateFrameworks/PromptKit.framework/Versions/A/PromptKit
0x0000000251c55000 	/System/Library/PrivateFrameworks/TokenGeneration.framework/Versions/A/TokenGeneration
0x0000000251d6c000 	/System/Library/PrivateFrameworks/TokenGenerationCore.framework/Versions/A/TokenGenerationCore
0x00000002471c7000 	/System/Library/PrivateFrameworks/SensitiveContentAnalysisML.framework/Versions/A/SensitiveContentAnalysisML
0x0000000235b0d000 	/System/Library/PrivateFrameworks/GenerativeFunctionsInstrumentation.framework/Versions/A/GenerativeFunctionsInstrumentation
0x0000000245084000 	/System/Library/PrivateFrameworks/ProactiveDaemonSupport.framework/Versions/A/ProactiveDaemonSupport
0x0000000254b4c000 	/System/Library/PrivateFrameworks/VectorSearch.framework/Versions/A/VectorSearch
0x00000001d5790000 	/usr/lib/swift/libswiftNaturalLanguage.dylib
0x000000025f117000 	/usr/lib/swift/libswiftSynchronization.dylib
0x000000023f283000 	/System/Library/PrivateFrameworks/ModelManagerServices.framework/Versions/A/ModelManagerServices
0x00000001a6efa000 	/System/Library/PrivateFrameworks/ProactiveEventTracker.framework/Versions/A/ProactiveEventTracker
0x000000025363c000 	/System/Library/PrivateFrameworks/UnifiedAssetFramework.framework/Versions/A/UnifiedAssetFramework
0x0000000247906000 	/System/Library/PrivateFrameworks/SiriAnalytics.framework/Versions/A/SiriAnalytics
0x00000001b212a000 	/System/Library/PrivateFrameworks/SiriInstrumentation.framework/Versions/A/SiriInstrumentation
0x00000001adb1b000 	/System/Library/PrivateFrameworks/Trial.framework/Versions/A/Trial
0x00000001ada9e000 	/System/Library/PrivateFrameworks/TrialProto.framework/Versions/A/TrialProto
0x00000001aff9d000 	/System/Library/PrivateFrameworks/FeedbackLogger.framework/Versions/A/FeedbackLogger
0x000000022d750000 	/System/Library/PrivateFrameworks/Dendrite.framework/Versions/A/Dendrite
0x0000000226856000 	/System/Library/PrivateFrameworks/AtomicsInternal.framework/Versions/A/AtomicsInternal
0x0000000225e35000 	/System/Library/PrivateFrameworks/AppleFlatBuffers.framework/Versions/A/AppleFlatBuffers
0x000000019ae5d000 	/System/Library/Frameworks/Vision.framework/Versions/A/Vision
0x000000022cff7000 	/System/Library/PrivateFrameworks/CoreSceneUnderstanding.framework/Versions/A/CoreSceneUnderstanding
0x0000000255654000 	/System/Library/PrivateFrameworks/VisionCore.framework/Versions/A/VisionCore
0x00000001b5401000 	/System/Library/Frameworks/Vision.framework/libfaceCore.dylib
0x00000001b5e96000 	/System/Library/PrivateFrameworks/Futhark.framework/Versions/A/Futhark
0x00000001b92ad000 	/System/Library/PrivateFrameworks/InertiaCam.framework/Versions/A/InertiaCam
0x00000001b5c8a000 	/System/Library/PrivateFrameworks/TextRecognition.framework/Versions/A/TextRecognition
0x0000000194b90000 	/System/Library/PrivateFrameworks/CVNLP.framework/Versions/A/CVNLP
0x0000000234e3f000 	/System/Library/PrivateFrameworks/GRDBInternal.framework/Versions/A/GRDBInternal
0x000000025e6c3000 	/usr/lib/libSpatial.dylib
0x000000018ce13000 	/System/Library/Frameworks/Accounts.framework/Versions/A/Accounts
0x000000019e83b000 	/System/Library/PrivateFrameworks/AppSupport.framework/Versions/A/AppSupport
0x00000001ac187000 	/System/Library/Frameworks/AVFoundation.framework/Versions/A/AVFoundation
0x000000019f016000 	/System/Library/PrivateFrameworks/StreamingZip.framework/Versions/A/StreamingZip
0x000000019e1a3000 	/System/Library/PrivateFrameworks/CoreWiFi.framework/Versions/A/CoreWiFi
0x00000001973e1000 	/System/Library/PrivateFrameworks/MobileAsset.framework/Versions/A/MobileAsset
0x000000025eb29000 	/usr/lib/libmrc.dylib
0x00000002386fa000 	/System/Library/PrivateFrameworks/IPConfiguration.framework/Versions/A/IPConfiguration
0x00000001cb233000 	/System/Library/PrivateFrameworks/Netrb.framework/Versions/A/Netrb
0x00000001d580c000 	/System/Library/PrivateFrameworks/WiFiPeerToPeer.framework/Versions/A/WiFiPeerToPeer
0x00000001925a2000 	/System/Library/PrivateFrameworks/CoreEmoji.framework/Versions/A/CoreEmoji
0x00000001b368e000 	/System/Library/PrivateFrameworks/SoftwareUpdateCoreSupport.framework/Versions/A/SoftwareUpdateCoreSupport
0x00000001bacfd000 	/System/Library/PrivateFrameworks/SoftwareUpdateCoreConnect.framework/Versions/A/SoftwareUpdateCoreConnect
0x000000019e6f1000 	/System/Library/PrivateFrameworks/RemoteServiceDiscovery.framework/Versions/A/RemoteServiceDiscovery
0x00000001b3321000 	/System/Library/PrivateFrameworks/MSUDataAccessor.framework/Versions/A/MSUDataAccessor
0x00000001aeed8000 	/usr/lib/libbootpolicy.dylib
0x000000019e707000 	/System/Library/PrivateFrameworks/RemoteXPC.framework/Versions/A/RemoteXPC
0x00000001ba12a000 	/usr/lib/libFDR.dylib
0x00000001bf714000 	/usr/lib/libamsupport.dylib
0x000000025e677000 	/usr/lib/libReverseProxyDevice.dylib
0x0000000225dd3000 	/System/Library/PrivateFrameworks/AppleDeviceQuerySupport.framework/Versions/A/AppleDeviceQuerySupport
0x00000001c2420000 	/usr/lib/libpartition2_dynamic.dylib
0x0000000193293000 	/System/Library/Frameworks/UserNotifications.framework/Versions/A/UserNotifications
0x000000019753c000 	/usr/lib/libTelephonyUtilDynamic.dylib
0x000000019b9cd000 	/System/Library/PrivateFrameworks/SymptomDiagnosticReporter.framework/Versions/A/SymptomDiagnosticReporter
0x00000001d0cc2000 	/System/Library/Frameworks/CryptoKit.framework/Versions/A/CryptoKit
0x000000019efee000 	/System/Library/PrivateFrameworks/CryptoKitCBridging.framework/Versions/A/CryptoKitCBridging
0x000000019c8fb000 	/System/Library/Frameworks/CryptoTokenKit.framework/Versions/A/CryptoTokenKit
0x00000001c5e31000 	/usr/lib/swift/libswiftCryptoTokenKit.dylib
0x000000019c95e000 	/System/Library/Frameworks/LocalAuthentication.framework/Versions/A/LocalAuthentication
0x000000023c803000 	/System/Library/PrivateFrameworks/LocalAuthenticationCore.framework/Versions/A/LocalAuthenticationCore
0x000000019c9b6000 	/System/Library/Frameworks/LocalAuthentication.framework/Support/SharedUtils.framework/Versions/A/SharedUtils
0x000000019bdea000 	/System/Library/PrivateFrameworks/GenerationalStorage.framework/Versions/A/GenerationalStorage
0x000000019bc26000 	/System/Library/Frameworks/FileProvider.framework/Versions/A/FileProvider
0x000000018abe7000 	/System/Library/PrivateFrameworks/DesktopServicesPriv.framework/Versions/A/DesktopServicesPriv
0x00000001895f6000 	/usr/lib/libsandbox.1.dylib
0x00000001983cb000 	/System/Library/PrivateFrameworks/Sharing.framework/Versions/A/Sharing
0x000000019e1a2000 	/System/Library/PrivateFrameworks/Apple80211.framework/Versions/A/Apple80211
0x0000000193005000 	/System/Library/PrivateFrameworks/AuthKit.framework/Versions/A/AuthKit
0x00000001925e5000 	/System/Library/Frameworks/CoreWLAN.framework/Versions/A/CoreWLAN
0x00000001ad15b000 	/usr/lib/swift/libswiftCoreAudio.dylib
0x00000001b2cf7000 	/usr/lib/swift/libswiftCoreLocation.dylib
0x0000000196ffb000 	/System/Library/PrivateFrameworks/MultiverseSupport.framework/Versions/A/MultiverseSupport
0x000000019baff000 	/System/Library/PrivateFrameworks/DiskManagement.framework/Versions/A/DiskManagement
0x000000019ba0b000 	/System/Library/PrivateFrameworks/AppleIDAuthSupport.framework/Versions/A/AppleIDAuthSupport
0x0000000222d95000 	/System/Library/PrivateFrameworks/AAAFoundation.framework/Versions/A/AAAFoundation
0x00000001974fd000 	/System/Library/PrivateFrameworks/KeychainCircle.framework/Versions/A/KeychainCircle
0x00000001a750a000 	/System/Library/PrivateFrameworks/URLFormatting.framework/Versions/A/URLFormatting
0x000000019e7a6000 	/usr/lib/libcsfde.dylib
0x0000000194d00000 	/usr/lib/libCoreStorage.dylib
0x0000000198881000 	/System/Library/PrivateFrameworks/ProtectedCloudStorage.framework/Versions/A/ProtectedCloudStorage
0x000000019e7a1000 	/System/Library/PrivateFrameworks/EFILogin.framework/Versions/A/EFILogin
0x000000019be10000 	/System/Library/PrivateFrameworks/OctagonTrust.framework/Versions/A/OctagonTrust
0x0000000190643000 	/System/Library/Frameworks/CoreLocation.framework/Versions/A/CoreLocation
0x0000000198b3d000 	/System/Library/PrivateFrameworks/GeoServices.framework/Versions/A/GeoServices
0x0000000196c88000 	/System/Library/PrivateFrameworks/LocationSupport.framework/Versions/A/LocationSupport
0x0000000235d25000 	/System/Library/PrivateFrameworks/GeoServicesCore.framework/Versions/A/GeoServicesCore
0x00000001a7508000 	/System/Library/PrivateFrameworks/PhoneNumbers.framework/Versions/A/PhoneNumbers
0x0000000194cf8000 	/usr/lib/libMatch.1.dylib
0x000000019c4ed000 	/System/Library/PrivateFrameworks/AVFCore.framework/Versions/A/AVFCore
0x00000001a4de9000 	/System/Library/PrivateFrameworks/AVFCapture.framework/Versions/A/AVFCapture
0x0000000195c6d000 	/System/Library/Frameworks/MediaToolbox.framework/Versions/A/MediaToolbox
0x000000019bbf3000 	/System/Library/PrivateFrameworks/CoreAVCHD.framework/Versions/A/CoreAVCHD
0x000000019bbef000 	/System/Library/PrivateFrameworks/Mangrove.framework/Versions/A/Mangrove
0x00000002280de000 	/System/Library/PrivateFrameworks/CMPhoto.framework/Versions/A/CMPhoto
0x000000019c32e000 	/System/Library/Frameworks/CoreTelephony.framework/Versions/A/CoreTelephony
0x000000019bbe2000 	/System/Library/PrivateFrameworks/CoreAUC.framework/Versions/A/CoreAUC
0x000000022617d000 	/System/Library/PrivateFrameworks/AppleJPEGXL.framework/Versions/A/AppleJPEGXL
0x0000000227f58000 	/System/Library/PrivateFrameworks/CMImaging.framework/Versions/A/CMImaging
0x00000001a4ff1000 	/System/Library/PrivateFrameworks/Quagga.framework/Versions/A/Quagga
0x00000001a5129000 	/System/Library/PrivateFrameworks/CMCapture.framework/Versions/A/CMCapture
0x00000001970db000 	/System/Library/Frameworks/CoreMediaIO.framework/Versions/A/CoreMediaIO
0x000000019f173000 	/System/Library/PrivateFrameworks/Espresso.framework/Versions/A/Espresso
0x00000001de4b5000 	/System/Library/PrivateFrameworks/ANECompiler.framework/Versions/A/ANECompiler
0x00000001a10bc000 	/System/Library/PrivateFrameworks/AppleNeuralEngine.framework/Versions/A/AppleNeuralEngine
0x000000021dc94000 	/System/Library/Frameworks/MetalPerformanceShadersGraph.framework/Versions/A/MetalPerformanceShadersGraph
0x000000023d296000 	/System/Library/PrivateFrameworks/MLCompilerServices.framework/Versions/A/MLCompilerServices
0x00000001a002d000 	/System/Library/PrivateFrameworks/ANEServices.framework/Versions/A/ANEServices
0x00000001b1ac7000 	/usr/lib/libncurses.5.4.dylib
0x000000023d234000 	/System/Library/PrivateFrameworks/MLCompilerRuntime.framework/Versions/A/MLCompilerRuntime
0x0000000226e82000 	/System/Library/PrivateFrameworks/BiomeLibrary.framework/Versions/A/BiomeLibrary
0x00000001bfa76000 	/System/Library/PrivateFrameworks/BiomePubSub.framework/Versions/A/BiomePubSub
0x00000001a0059000 	/System/Library/PrivateFrameworks/ProactiveSupport.framework/Versions/A/ProactiveSupport
0x00000001ba241000 	/System/Library/PrivateFrameworks/BiomeStreams.framework/Versions/A/BiomeStreams
0x00000001bfad3000 	/System/Library/PrivateFrameworks/BiomeStorage.framework/Versions/A/BiomeStorage
0x00000001b6ecd000 	/System/Library/PrivateFrameworks/BiomeFoundation.framework/Versions/A/BiomeFoundation
0x000000023b2d1000 	/System/Library/PrivateFrameworks/IntelligencePlatformLibrary.framework/Versions/A/IntelligencePlatformLibrary
0x000000024456a000 	/System/Library/PrivateFrameworks/PoirotSchematizer.framework/Versions/A/PoirotSchematizer
0x0000000227433000 	/System/Library/PrivateFrameworks/BiomeSync.framework/Versions/A/BiomeSync
0x0000000226e63000 	/System/Library/PrivateFrameworks/BiomeFlexibleStorage.framework/Versions/A/BiomeFlexibleStorage
0x0000000226e48000 	/System/Library/PrivateFrameworks/BiomeDSL.framework/Versions/A/BiomeDSL
0x00000001ce7b1000 	/System/Library/PrivateFrameworks/InternalSwiftProtobuf.framework/Versions/A/InternalSwiftProtobuf
0x0000000244539000 	/System/Library/PrivateFrameworks/PoirotSQLite.framework/Versions/A/PoirotSQLite
0x000000019eb3d000 	/System/Library/PrivateFrameworks/InternationalTextSearch.framework/Versions/A/InternationalTextSearch
0x0000000228736000 	/System/Library/PrivateFrameworks/CascadeSets.framework/Versions/A/CascadeSets
0x00000001c7750000 	/usr/lib/swift/libswiftAVFoundation.dylib
0x00000001b2d0e000 	/usr/lib/swift/libswiftCoreMIDI.dylib
0x00000001c5e33000 	/usr/lib/swift/libswiftCoreMedia.dylib
0x000000018c528000 	/System/Library/PrivateFrameworks/Montreal.framework/Versions/A/Montreal
0x00000001acd72000 	/System/Library/Frameworks/NaturalLanguage.framework/Versions/A/NaturalLanguage
0x000000018f2ff000 	/System/Library/Frameworks/CoreML.framework/Versions/A/CoreML
0x0000000187afa000 	/System/Library/PrivateFrameworks/LanguageModeling.framework/Versions/A/LanguageModeling
0x0000000192c0c000 	/System/Library/Frameworks/MLCompute.framework/Versions/A/MLCompute
0x000000023d0d9000 	/System/Library/PrivateFrameworks/MLAssetIO.framework/Versions/A/MLAssetIO
0x000000025f095000 	/usr/lib/swift/libswiftMLCompute.dylib
0x0000000193515000 	/usr/lib/libcmph.dylib
0x0000000127f6c000 	/Users/rayen/.openjfx/cache/21.0.1+6/aarch64/libjavafx_font.dylib
0x0000000132510000 	/Library/Java/JavaVirtualMachines/jdk-24.jdk/Contents/Home/lib/libextnet.dylib
0x00000001bec3e000 	/System/Library/PrivateFrameworks/UIKitServices.framework/Versions/A/UIKitServices
0x0000000246687000 	/System/Library/PrivateFrameworks/SFSymbols.framework/Versions/A/SFSymbols
0x00000001950cc000 	/System/Library/PrivateFrameworks/login.framework/Versions/A/login
0x00000001b5f80000 	/System/Library/CoreServices/RawCamera.bundle/Contents/MacOS/RawCamera
0x000000024fcef000 	/System/Library/PrivateFrameworks/TextInputUI.framework/Versions/A/TextInputUI
0x000000024fd0b000 	/System/Library/PrivateFrameworks/TextInputUIMacHelper.framework/Versions/A/TextInputUIMacHelper
0x0000000238ba0000 	/System/Library/PrivateFrameworks/InputAnalytics.framework/Versions/A/InputAnalytics
0x00000001a7033000 	/System/Library/PrivateFrameworks/Calculate.framework/Versions/A/Calculate
0x000000024687c000 	/System/Library/PrivateFrameworks/Sage.framework/Versions/A/Sage
0x00000001ad187000 	/usr/lib/swift/libswiftIntents.dylib
0x00000001de0f4000 	/System/Library/PrivateFrameworks/ScreenReaderCore.framework/Versions/A/ScreenReaderCore
0x000000024ec99000 	/System/Library/PrivateFrameworks/StocksKit.framework/Versions/A/StocksKit
0x00000001a5cf5000 	/System/Library/PrivateFrameworks/OAuth.framework/Versions/A/OAuth
0x000000024e95c000 	/System/Library/PrivateFrameworks/StocksCore.framework/Versions/A/StocksCore
0x000000024f836000 	/System/Library/PrivateFrameworks/TeaFoundation.framework/Versions/A/TeaFoundation
0x000000024fa0d000 	/System/Library/PrivateFrameworks/TeaSettings.framework/Versions/A/TeaSettings
0x00000001d4f39000 	/System/Library/PrivateFrameworks/NewsCore.framework/Versions/A/NewsCore
0x00000001b94e5000 	/usr/lib/swift/libswiftCompression.dylib
0x00000001a0c7c000 	/System/Library/Frameworks/EventKit.framework/Versions/A/EventKit
0x000000024f7e2000 	/System/Library/PrivateFrameworks/TeaDB.framework/Versions/A/TeaDB
0x00000001d1bbc000 	/System/Library/PrivateFrameworks/RemoteConfiguration.framework/Versions/A/RemoteConfiguration
0x00000001e1592000 	/System/Library/Frameworks/AppIntents.framework/Versions/A/AppIntents
0x00000001d4bae000 	/System/Library/PrivateFrameworks/NewsTransport.framework/Versions/A/NewsTransport
0x000000019b84c000 	/System/Library/PrivateFrameworks/FamilyCircle.framework/Versions/A/FamilyCircle
0x00000002283e6000 	/System/Library/PrivateFrameworks/CalendarDatabase.framework/Versions/A/CalendarDatabase
0x000000022833d000 	/System/Library/PrivateFrameworks/CalendarDaemon.framework/Versions/A/CalendarDaemon
0x00000001a013d000 	/System/Library/PrivateFrameworks/CalendarFoundation.framework/Versions/A/CalendarFoundation
0x00000001a00f9000 	/System/Library/PrivateFrameworks/iCalendar.framework/Versions/A/iCalendar
0x000000019b61d000 	/System/Library/Frameworks/Contacts.framework/Versions/A/Contacts
0x000000022d602000 	/System/Library/PrivateFrameworks/DataAccessExpress.framework/Versions/A/DataAccessExpress
0x0000000194f67000 	/System/Library/PrivateFrameworks/PersistentConnection.framework/Versions/A/PersistentConnection
0x0000000222db0000 	/System/Library/PrivateFrameworks/AAAFoundationSwift.framework/Versions/A/AAAFoundationSwift
0x0000000226dc0000 	/System/Library/PrivateFrameworks/BackgroundSystemTasks.framework/Versions/A/BackgroundSystemTasks
0x00000001970a8000 	/System/Library/PrivateFrameworks/CoreFollowUp.framework/Versions/A/CoreFollowUp
0x00000001b3708000 	/System/Library/PrivateFrameworks/FTClientServices.framework/Versions/A/FTClientServices
0x000000019b43b000 	/System/Library/PrivateFrameworks/ContactsPersistence.framework/Versions/A/ContactsPersistence
0x000000019a713000 	/System/Library/PrivateFrameworks/AppleLDAP.framework/Versions/A/AppleLDAP
0x000000019eb41000 	/System/Library/Frameworks/ClassKit.framework/Versions/A/ClassKit
0x00000001a0bb9000 	/System/Library/PrivateFrameworks/CoreSuggestions.framework/Versions/A/CoreSuggestions
0x000000019b373000 	/System/Library/PrivateFrameworks/ContactsFoundation.framework/Versions/A/ContactsFoundation
0x000000019c8aa000 	/System/Library/PrivateFrameworks/vCard.framework/Versions/A/vCard
0x0000000229bee000 	/System/Library/PrivateFrameworks/ContactsMetrics.framework/Versions/A/ContactsMetrics
0x000000018f21d000 	/System/Library/PrivateFrameworks/CloudDocs.framework/Versions/A/CloudDocs
0x00000001a68a3000 	/System/Library/PrivateFrameworks/CoreDAV.framework/Versions/A/CoreDAV
0x00000001a0b5b000 	/System/Library/PrivateFrameworks/CalDAV.framework/Versions/A/CalDAV
0x00000001aa7c4000 	/System/Library/PrivateFrameworks/TelephonyUtilities.framework/Versions/A/TelephonyUtilities
0x00000001ae5ab000 	/System/Library/Frameworks/CallKit.framework/Versions/A/CallKit
0x000000019b846000 	/System/Library/PrivateFrameworks/CommunicationsFilter.framework/Versions/A/CommunicationsFilter
0x00000001d3cb0000 	/System/Library/PrivateFrameworks/IMTransferServices.framework/Versions/A/IMTransferServices
0x00000001acc50000 	/System/Library/PrivateFrameworks/IncomingCallFilter.framework/Versions/A/IncomingCallFilter
0x0000000240372000 	/System/Library/PrivateFrameworks/NeighborhoodActivityConduit.framework/Versions/A/NeighborhoodActivityConduit
0x000000025e4c7000 	/usr/lib/libBASupport.dylib
0x00000001b985a000 	/System/Library/PrivateFrameworks/SpotlightReceiver.framework/Versions/A/SpotlightReceiver
0x00000001d4f29000 	/System/Library/PrivateFrameworks/NewsFoundation.framework/Versions/A/NewsFoundation
0x00000001b319e000 	/System/Library/PrivateFrameworks/AppStoreDaemon.framework/Versions/A/AppStoreDaemon
0x00000001a1441000 	/System/Library/PrivateFrameworks/AppleMediaServices.framework/Versions/A/AppleMediaServices
0x00000001adbdc000 	/System/Library/PrivateFrameworks/SearchFoundation.framework/Versions/A/SearchFoundation
0x00000001aa6cb000 	/System/Library/PrivateFrameworks/CoreParsec.framework/Versions/A/CoreParsec
0x00000002407c1000 	/System/Library/PrivateFrameworks/NewsURLBucket.framework/Versions/A/NewsURLBucket
0x00000001c1fb1000 	/System/Library/PrivateFrameworks/EmailAddressing.framework/Versions/A/EmailAddressing
0x0000000194c93000 	/System/Library/PrivateFrameworks/SharedWebCredentials.framework/Versions/A/SharedWebCredentials
0x00000001b083e000 	/System/Library/PrivateFrameworks/MobileInstallation.framework/Versions/A/MobileInstallation
0x000000024f1d9000 	/System/Library/PrivateFrameworks/Symptoms.framework/Versions/A/Frameworks/SymptomPresentationFeed.framework/Versions/A/SymptomPresentationFeed
0x00000001acc3c000 	/System/Library/PrivateFrameworks/FeatureFlagsSupport.framework/Versions/A/FeatureFlagsSupport
0x000000019ae1f000 	/System/Library/PrivateFrameworks/SystemAdministration.framework/Versions/A/SystemAdministration
0x000000024ef5b000 	/System/Library/PrivateFrameworks/SymptomShared.framework/Versions/A/SymptomShared
0x000000019a6c6000 	/System/Library/Frameworks/DirectoryService.framework/Versions/A/DirectoryService
0x00000001928b8000 	/System/Library/Frameworks/ServiceManagement.framework/Versions/A/ServiceManagement
0x000000019e835000 	/System/Library/PrivateFrameworks/LoginUIKit.framework/Versions/A/Frameworks/LoginUICore.framework/Versions/A/LoginUICore
0x00000001952ab000 	/usr/lib/libodfde.dylib
0x000000024227e000 	/System/Library/PrivateFrameworks/PegasusAPI.framework/Versions/A/PegasusAPI
0x0000000242f25000 	/System/Library/PrivateFrameworks/PegasusConfiguration.framework/Versions/A/PegasusConfiguration
0x00000001bf32a000 	/System/Library/PrivateFrameworks/EmailFoundation.framework/Versions/A/EmailFoundation
0x00000001ac8b4000 	/System/Library/PrivateFrameworks/CoreRoutine.framework/Versions/A/CoreRoutine
0x000000023c677000 	/System/Library/PrivateFrameworks/LinkServices.framework/Versions/A/LinkServices
0x000000022dda5000 	/System/Library/PrivateFrameworks/DoNotDisturb.framework/Versions/A/DoNotDisturb
0x000000023c3d4000 	/System/Library/PrivateFrameworks/LinkMetadata.framework/Versions/A/LinkMetadata
0x00000001b1ba7000 	/System/Library/PrivateFrameworks/IntentsCore.framework/Versions/A/IntentsCore
0x0000000226c7f000 	/System/Library/PrivateFrameworks/AvailabilityKit.framework/Versions/A/AvailabilityKit
0x000000024e7b9000 	/System/Library/PrivateFrameworks/StatusKit.framework/Versions/A/StatusKit
0x000000019f050000 	/System/Library/PrivateFrameworks/DuetActivityScheduler.framework/Versions/A/DuetActivityScheduler
0x00000001acc56000 	/System/Library/PrivateFrameworks/FTServices.framework/Versions/A/FTServices
0x000000019cda5000 	/System/Library/PrivateFrameworks/Rapport.framework/Versions/A/Rapport
0x000000024ef6b000 	/System/Library/PrivateFrameworks/Symptoms.framework/Versions/A/Frameworks/SymptomAnalytics.framework/Versions/A/SymptomAnalytics
0x00000001974b1000 	/System/Library/PrivateFrameworks/CacheDelete.framework/Versions/A/CacheDelete
0x000000019f127000 	/System/Library/Frameworks/QuickLookThumbnailing.framework/Versions/A/QuickLookThumbnailing
0x000000025f086000 	/usr/lib/swift/libswiftFileProvider.dylib
0x000000018ee08000 	/System/Library/PrivateFrameworks/ApplePushService.framework/Versions/A/ApplePushService
0x000000018ce96000 	/System/Library/PrivateFrameworks/CommonUtilities.framework/Versions/A/CommonUtilities
0x00000001c0fa2000 	/System/Library/PrivateFrameworks/DeviceIdentity.framework/Versions/A/DeviceIdentity
0x00000001952ad000 	/System/Library/PrivateFrameworks/Bom.framework/Versions/A/Bom
0x0000000197008000 	/usr/lib/libParallelCompression.dylib
0x000000025e3a3000 	/usr/lib/libAppleArchive.dylib
0x000000018ae50000 	/System/Library/PrivateFrameworks/CoreDuet.framework/Versions/A/CoreDuet
0x000000019db22000 	/System/Library/PrivateFrameworks/CoreDuetContext.framework/Versions/A/CoreDuetContext
0x000000018ee6f000 	/System/Library/Frameworks/CloudKit.framework/Versions/A/CloudKit
0x000000019db77000 	/System/Library/Frameworks/Intents.framework/Versions/A/Intents
0x00000001a01d1000 	/System/Library/PrivateFrameworks/CoreDuetDaemonProtocol.framework/Versions/A/CoreDuetDaemonProtocol
0x000000022062e000 	/System/Library/Frameworks/SharedWithYouCore.framework/Versions/A/SharedWithYouCore
0x000000019ec07000 	/System/Library/PrivateFrameworks/AppleAccount.framework/Versions/A/AppleAccount
0x000000019f0cf000 	/System/Library/PrivateFrameworks/C2.framework/Versions/A/C2
0x0000000228e5d000 	/System/Library/PrivateFrameworks/CloudAssets.framework/Versions/A/CloudAssets
0x000000019f0c6000 	/System/Library/Frameworks/PushKit.framework/Versions/A/PushKit
0x0000000197f82000 	/System/Library/PrivateFrameworks/IDS.framework/Versions/A/IDS
0x000000019ee50000 	/System/Library/PrivateFrameworks/AppleIDSSOAuthentication.framework/Versions/A/AppleIDSSOAuthentication
0x0000000196c0e000 	/System/Library/PrivateFrameworks/IMFoundation.framework/Versions/A/IMFoundation
0x00000001a6b29000 	/System/Library/PrivateFrameworks/Marco.framework/Versions/A/Marco
0x0000000198143000 	/System/Library/PrivateFrameworks/IDSFoundation.framework/Versions/A/IDSFoundation
0x00000001a3544000 	/System/Library/PrivateFrameworks/Engram.framework/Versions/A/Engram
0x00000001a34e6000 	/usr/lib/libtidy.A.dylib
0x00000001b9d55000 	/System/Library/PrivateFrameworks/FTAWD.framework/Versions/A/FTAWD
0x00000001a0e53000 	/System/Library/PrivateFrameworks/RTCReporting.framework/Versions/A/RTCReporting
0x000000019f0b5000 	/System/Library/PrivateFrameworks/IntentsFoundation.framework/Versions/A/IntentsFoundation
0x0000000135720000 	/Library/Java/JavaVirtualMachines/jdk-24.jdk/Contents/Home/lib/libverify.dylib
0x00000001349b4000 	/Users/rayen/.javacpp/cache/javacpp-1.5.9-macosx-arm64.jar/org/bytedeco/javacpp/macosx-arm64/libjnijavacpp.dylib
0x0000000160918000 	/Users/rayen/.javacpp/cache/openblas-0.3.23-1.5.9-macosx-arm64.jar/org/bytedeco/openblas/macosx-arm64/libopenblas_nolapack.0.dylib
0x0000000135140000 	/Users/rayen/.javacpp/cache/openblas-0.3.23-1.5.9-macosx-arm64.jar/org/bytedeco/openblas/macosx-arm64/libjniopenblas_nolapack.dylib
0x0000000169238000 	/Users/rayen/.javacpp/cache/openblas-0.3.23-1.5.9-macosx-arm64.jar/org/bytedeco/openblas/macosx-arm64/libopenblas.0.dylib
0x000000033d674000 	/Users/rayen/.javacpp/cache/openblas-0.3.23-1.5.9-macosx-arm64.jar/org/bytedeco/openblas/macosx-arm64/libjniopenblas.dylib
0x000000014483c000 	/Users/rayen/.javacpp/cache/opencv-4.7.0-1.5.9-macosx-arm64.jar/org/bytedeco/opencv/macosx-arm64/libopencv_core.407.dylib
0x00000001e1240000 	/System/Library/Frameworks/OpenCL.framework/Versions/A/OpenCL
0x0000000153000000 	/Users/rayen/.javacpp/cache/opencv-4.7.0-1.5.9-macosx-arm64.jar/org/bytedeco/opencv/macosx-arm64/libopencv_imgproc.407.dylib
0x0000000154300000 	/Users/rayen/.javacpp/cache/opencv-4.7.0-1.5.9-macosx-arm64.jar/org/bytedeco/opencv/macosx-arm64/libjniopencv_core.dylib
0x0000000140714000 	/Users/rayen/.javacpp/cache/opencv-4.7.0-1.5.9-macosx-arm64.jar/org/bytedeco/opencv/macosx-arm64/libjniopencv_imgproc.dylib
0x000000016027c000 	/Users/rayen/.javacpp/cache/opencv-4.7.0-1.5.9-macosx-arm64.jar/org/bytedeco/opencv/macosx-arm64/libopencv_imgcodecs.407.dylib
0x0000000135258000 	/Users/rayen/.javacpp/cache/opencv-4.7.0-1.5.9-macosx-arm64.jar/org/bytedeco/opencv/macosx-arm64/libjniopencv_imgcodecs.dylib
0x000000013578c000 	/Users/rayen/.javacpp/cache/opencv-4.7.0-1.5.9-macosx-arm64.jar/org/bytedeco/opencv/macosx-arm64/libopencv_videoio.407.dylib
0x000000013529c000 	/Users/rayen/.javacpp/cache/opencv-4.7.0-1.5.9-macosx-arm64.jar/org/bytedeco/opencv/macosx-arm64/libjniopencv_videoio.dylib
0x000000013573c000 	/Users/rayen/.javacpp/cache/opencv-4.7.0-1.5.9-macosx-arm64.jar/org/bytedeco/opencv/macosx-arm64/libopencv_highgui.407.dylib
0x0000000135c10000 	/Users/rayen/.javacpp/cache/opencv-4.7.0-1.5.9-macosx-arm64.jar/org/bytedeco/opencv/macosx-arm64/libjniopencv_highgui.dylib
0x00000001364c4000 	/Users/rayen/.javacpp/cache/opencv-4.7.0-1.5.9-macosx-arm64.jar/org/bytedeco/opencv/macosx-arm64/libopencv_flann.407.dylib
0x0000000135a68000 	/Users/rayen/.javacpp/cache/opencv-4.7.0-1.5.9-macosx-arm64.jar/org/bytedeco/opencv/macosx-arm64/libjniopencv_flann.dylib
0x0000000137880000 	/Users/rayen/.javacpp/cache/opencv-4.7.0-1.5.9-macosx-arm64.jar/org/bytedeco/opencv/macosx-arm64/libopencv_features2d.407.dylib
0x0000000140594000 	/Users/rayen/.javacpp/cache/opencv-4.7.0-1.5.9-macosx-arm64.jar/org/bytedeco/opencv/macosx-arm64/libjniopencv_features2d.dylib
0x0000000144aec000 	/Users/rayen/.javacpp/cache/opencv-4.7.0-1.5.9-macosx-arm64.jar/org/bytedeco/opencv/macosx-arm64/libopencv_calib3d.407.dylib
0x0000000140894000 	/Users/rayen/.javacpp/cache/opencv-4.7.0-1.5.9-macosx-arm64.jar/org/bytedeco/opencv/macosx-arm64/libjniopencv_calib3d.dylib
0x0000000176c68000 	/Users/rayen/.javacpp/cache/opencv-4.7.0-1.5.9-macosx-arm64.jar/org/bytedeco/opencv/macosx-arm64/libopencv_dnn.407.dylib
0x0000000147df4000 	/Users/rayen/.javacpp/cache/opencv-4.7.0-1.5.9-macosx-arm64.jar/org/bytedeco/opencv/macosx-arm64/libjniopencv_dnn.dylib
0x0000000142f20000 	/Users/rayen/.javacpp/cache/opencv-4.7.0-1.5.9-macosx-arm64.jar/org/bytedeco/opencv/macosx-arm64/libopencv_objdetect.407.dylib
0x00000001475a0000 	/Users/rayen/.javacpp/cache/opencv-4.7.0-1.5.9-macosx-arm64.jar/org/bytedeco/opencv/macosx-arm64/libjniopencv_objdetect.dylib
0x00000002445f2000 	/System/Library/PrivateFrameworks/Portrait.framework/Versions/A/Portrait
0x0000000225c60000 	/System/Library/PrivateFrameworks/AppleDepth.framework/Versions/A/AppleDepth
0x0000000230378000 	/System/Library/PrivateFrameworks/FusionTracker.framework/Versions/A/FusionTracker
0x0000000225d57000 	/System/Library/PrivateFrameworks/AppleDepthCore.framework/Versions/A/AppleDepthCore
0x00000001cacc9000 	/System/Library/PrivateFrameworks/DiagnosticRequest.framework/Versions/A/DiagnosticRequest
0x000000013695c000 	/System/Library/Frameworks/CoreMediaIO.framework/Versions/A/Resources/BaseUnits/CMIOBaseUnits.bundle/Contents/MacOS/CMIOBaseUnits
0x000000013481c000 	/System/Library/Frameworks/CoreMediaIO.framework/Versions/A/Resources/CMIOUnits.bundle/Contents/MacOS/CMIOUnits
0x00000001bdd90000 	/System/Library/PrivateFrameworks/FWAVC.framework/Versions/A/FWAVC
0x000000033c000000 	/System/Library/Components/AudioCodecs.component/Contents/MacOS/AudioCodecs

JVMTI agents: none


VM Arguments:
jvm_args: -Dfile.encoding=UTF-8 --module-path=/Users/rayen/.m2/repository/org/openjfx/javafx-base/21.0.1/javafx-base-21.0.1-mac-aarch64.jar:/Users/rayen/.m2/repository/org/openjfx/javafx-base/21.0.1/javafx-base-21.0.1.jar:/Users/rayen/.m2/repository/org/openjfx/javafx-controls/21.0.1/javafx-controls-21.0.1-mac-aarch64.jar:/Users/rayen/.m2/repository/org/openjfx/javafx-controls/21.0.1/javafx-controls-21.0.1.jar:/Users/rayen/.m2/repository/org/openjfx/javafx-fxml/21.0.1/javafx-fxml-21.0.1-mac-aarch64.jar:/Users/rayen/.m2/repository/org/openjfx/javafx-fxml/21.0.1/javafx-fxml-21.0.1.jar:/Users/rayen/.m2/repository/org/openjfx/javafx-graphics/21.0.1/javafx-graphics-21.0.1-mac-aarch64.jar:/Users/rayen/.m2/repository/org/openjfx/javafx-graphics/21.0.1/javafx-graphics-21.0.1.jar:/Users/rayen/.m2/repository/org/openjfx/javafx-media/21.0.1/javafx-media-21.0.1-mac-aarch64.jar:/Users/rayen/.m2/repository/org/openjfx/javafx-media/21.0.1/javafx-media-21.0.1.jar:/Users/rayen/.m2/repository/org/openjfx/javafx-swing/21.0.1/javafx-swing-21.0.1-mac-aarch64.jar:/Users/rayen/.m2/repository/org/openjfx/javafx-swing/21.0.1/javafx-swing-21.0.1.jar:/Users/rayen/.m2/repository/org/openjfx/javafx-web/21.0.1/javafx-web-21.0.1-mac-aarch64.jar:/Users/rayen/.m2/repository/org/openjfx/javafx-web/21.0.1/javafx-web-21.0.1.jar --add-modules=javafx.base,javafx.controls,javafx.fxml,javafx.graphics,javafx.media,javafx.swing,javafx.web 
java_command: com.example.harmony.MainPage
java_class_path (initial): /Users/rayen/Desktop/Harmony/target/classes:/Users/rayen/.m2/repository/com/dlsc/formsfx/formsfx-core/11.6.0/formsfx-core-11.6.0.jar:/Users/rayen/.m2/repository/com/fasterxml/jackson/core/jackson-annotations/2.14.2/jackson-annotations-2.14.2.jar:/Users/rayen/.m2/repository/com/fasterxml/jackson/core/jackson-core/2.14.2/jackson-core-2.14.2.jar:/Users/rayen/.m2/repository/com/fasterxml/jackson/core/jackson-databind/2.14.2/jackson-databind-2.14.2.jar:/Users/rayen/.m2/repository/com/github/almasb/fxgl/17.3/fxgl-17.3.jar:/Users/rayen/.m2/repository/com/github/almasb/fxgl-core/17.3/fxgl-core-17.3.jar:/Users/rayen/.m2/repository/com/github/almasb/fxgl-entity/17.3/fxgl-entity-17.3.jar:/Users/rayen/.m2/repository/com/github/almasb/fxgl-gameplay/17.3/fxgl-gameplay-17.3.jar:/Users/rayen/.m2/repository/com/github/almasb/fxgl-io/17.3/fxgl-io-17.3.jar:/Users/rayen/.m2/repository/com/github/almasb/fxgl-scene/17.3/fxgl-scene-17.3.jar:/Users/rayen/.m2/repository/com/gluonhq/attach/audio/4.0.17/audio-4.0.17.jar:/Users/rayen/.m2/repository/com/gluonhq/attach/lifecycle/4.0.17/lifecycle-4.0.17.jar:/Users/rayen/.m2/repository/com/gluonhq/attach/storage/4.0.17/storage-4.0.17.jar:/Users/rayen/.m2/repository/com/gluonhq/attach/util/4.0.17/util-4.0.17.jar:/Users/rayen/.m2/repository/com/google/protobuf/protobuf-java/3.21.9/protobuf-java-3.21.9.jar:/Users/rayen/.m2/repository/com/mysql/mysql-connector-j/8.0.33/mysql-connector-j-8.0.33.jar:/Users/rayen/.m2/repository/com/sun/mail/javax.mail/1.6.2/javax.mail-1.6.2.jar:/Users/rayen/.m2/repository/eu/hansolo/tilesfx/21.0.3/tilesfx-21.0.3.jar:/Users/rayen/.m2/repository/eu/hansolo/toolbox/21.0.5/toolbox-21.0.5.jar:/Users/rayen/.m2/repository/eu/hansolo/toolboxfx/21.0.3/toolboxfx-21.0.3.jar:/Users/rayen/.m2/repository/eu/hansolo/fx/countries/21.0.3/countries-21.0.3.jar:/Users/rayen/.m2/repository/eu/hansolo/fx/heatmap/21.0.3/heatmap-21.0.3.jar:/Users/rayen/.m2/repository/javax/activation/activation/1.1/activation-1.1.jar:/Users/rayen/.m2/repository/net/synedra/validatorfx/0.5.0/validatorfx-0.5.0.jar:/Users/rayen/.m2/repository/org/bytedeco/artoolkitplus/2.3.1-1.5.9/artoolkitplus-2.3.1-1.5.9-android-arm.jar:/Users/rayen/.m2/repository/org/bytedeco/artoolkitplus/2.3.1-1.5.9/artoolkitplus-2.3.1-1.5.9-android-arm64.jar:/Users/rayen/.m2/repository/org/bytedeco/artoolkitplus/2.3.1-1.5.9/artoolkitplus-2.3.1-1.5.9-android-x86.jar:/Users/rayen/.m2/repository/org/bytedeco/artoolkitplus/2.3.1-1.5.9/artoolkitplus-2.3.1-1.5.9-android-x86_64.jar:/Users/rayen/.m2/repository/org/bytedeco/artoolkitplus/2.3.1-1.5.9/artoolkitplus-2.3.1-1.5.9-linux-arm64.jar:/Users/rayen/.m2/repository/org/bytedeco/artoolkitplus/2.3.1-1.5.9/artoolkitplus-2.3.1-1.5.9-linux-armhf.jar:/Users/rayen/.m2/repository/org/bytedeco/artoolkitplus/2.3.1-1.5.9/artoolkitplus-2.3.1-1.5.9-linux-ppc64le.jar:/Users/rayen/.m2/repository/org/bytedeco/artoolkitplus/2.3.1-1.5.9/artoolkitplus-2.3.1-1.5.9-linux-x86.jar:/Users/rayen/.m2/repository/org/bytedeco/artoolkitplus/2.3.1-1.5.9/artoolkitplus-2.3.1-1.5.9-linux-x86_64.jar:/Users/rayen/.m2/repository/org/bytedeco/artoolkitplus/2.3.1-1.5.9/artoolkitplus-2.3.1-1.5.9-macosx-x86_64.jar:/Users/rayen/.m2/repository/org/bytedeco/artoolkitplus/2.3.1-1.5.9/artoolkitplus-2.3.1-1.5.9-windows-x86.jar:/Users/rayen/.m2/repository/org/bytedeco/artoolkitplus/2.3.1-1.5.9/artoolkitplus-2.3.1-1.5.9-windows-x86_64.jar:/Users/rayen/.m2/repository/org/bytedeco/artoolkitplus/2.3.1-1.5.9/artoolkitplus-2.3.1-1.5.9.jar:/Users/rayen/.m2/repository/org/bytedeco/artoolkitplus-platform/2.3.1-1.5.9/artoolkitplus-platform-2.3.1-1.5.9.jar:/Users/rayen/.m2/repository/org/bytedeco/ffmpeg/6.0-1.5.9/ffmpeg-6.0-1.5.9-android-arm.jar:/Users/rayen/.m2/repository/org/bytedeco/ffmpeg/6.0-1.5.9/ffmpeg-6.0-1.5.9-android-arm64.jar:/Users/rayen/.m2/repository/org/bytedeco/ffmpeg/6.0-1.5.9/ffmpeg-6.0-1.5.9-android-x86.jar:/Users/rayen/.m2/repository/org/bytedeco/ffmpeg/6.0-1.5.9/ffmpeg-6.0-1.5.9-android-x86_64.jar:/Users/rayen/.m2/repository/org/bytedeco/ffmpeg/6.0-1.5.9/ffmpeg-6.0-1.5.9-linux-arm64.jar:/Users/rayen/.m2/repository/org/bytedeco/ffmpeg/6.0-1.5.9/ffmpeg-6.0-1.5.9-linux-armhf.jar:/Users/rayen/.m2/repository/org/bytedeco/ffmpeg/6.0-1.5.9/ffmpeg-6.0-1.5.9-linux-ppc64le.jar:/Users/rayen/.m2/repository/org/bytedeco/ffmpeg/6.0-1.5.9/ffmpeg-6.0-1.5.9-linux-x86.jar:/Users/rayen/.m2/repository/org/bytedeco/ffmpeg/6.0-1.5.9/ffmpeg-6.0-1.5.9-linux-x86_64.jar:/Users/rayen/.m2/repository/org/bytedeco/ffmpeg/6.0-1.5.9/ffmpeg-6.0-1.5.9-macosx-arm64.jar:/Users/rayen/.m2/repository/org/bytedeco/ffmpeg/6.0-1.5.9/ffmpeg-6.0-1.5.9-macosx-x86_64.jar:/Users/rayen/.m2/repository/org/bytedeco/ffmpeg/6.0-1.5.9/ffmpeg-6.0-1.5.9-windows-x86.jar:/Users/rayen/.m2/repository/org/bytedeco/ffmpeg/6.0-1.5.9/ffmpeg-6.0-1.5.9-windows-x86_64.jar:/Users/rayen/.m2/repository/org/bytedeco/ffmpeg/6.0-1.5.9/ffmpeg-6.0-1.5.9.jar:/Users/rayen/.m2/repository/org/bytedeco/ffmpeg-platform/6.0-1.5.9/ffmpeg-platform-6.0-1.5.9.jar:/Users/rayen/.m2/repository/org/bytedeco/flycapture/2.13.3.31-1.5.9/flycapture-2.13.3.31-1.5.9-linux-arm64.jar:/Users/rayen/.m2/repository/org/bytedeco/flycapture/2.13.3.31-1.5.9/flycapture-2.13.3.31-1.5.9-linux-armhf.jar:/Users/rayen/.m2/repository/org/bytedeco/flycapture/2.13.3.31-1.5.9/flycapture-2.13.3.31-1.5.9-linux-x86.jar:/Users/rayen/.m2/repository/org/bytedeco/flycapture/2.13.3.31-1.5.9/flycapture-2.13.3.31-1.5.9-linux-x86_64.jar:/Users/rayen/.m2/repository/org/bytedeco/flycapture/2.13.3.31-1.5.9/flycapture-2.13.3.31-1.5.9-windows-x86.jar:/Users/rayen/.m2/repository/org/bytedeco/flycapture/2.13.3.31-1.5.9/flycapture-2.13.3.31-1.5.9-windows-x86_64.jar:/Users/rayen/.m2/repository/org/bytedeco/flycapture/2.13.3.31-1.5.9/flycapture-2.13.3.31-1.5.9.jar:/Users/rayen/.m2/repository/org/bytedeco/flycapture-platform/2.13.3.31-1.5.9/flycapture-platform-2.13.3.31-1.5.9.jar:/Users/rayen/.m2/repository/org/bytedeco/javacpp/1.5.9/javacpp-1.5.9-android-arm.jar:/Users/rayen/.m2/repository/org/bytedeco/javacpp/1.5.9/javacpp-1.5.9-android-arm64.jar:/Users/rayen/.m2/repository/org/bytedeco/javacpp/1.5.9/javacpp-1.5.9-android-x86.jar:/Users/rayen/.m2/repository/org/bytedeco/javacpp/1.5.9/javacpp-1.5.9-android-x86_64.jar:/Users/rayen/.m2/repository/org/bytedeco/javacpp/1.5.9/javacpp-1.5.9-ios-arm64.jar:/Users/rayen/.m2/repository/org/bytedeco/javacpp/1.5.9/javacpp-1.5.9-ios-x86_64.jar:/Users/rayen/.m2/repository/org/bytedeco/javacpp/1.5.9/javacpp-1.5.9-linux-arm64.jar:/Users/rayen/.m2/repository/org/bytedeco/javacpp/1.5.9/javacpp-1.5.9-linux-armhf.jar:/Users/rayen/.m2/repository/org/bytedeco/javacpp/1.5.9/javacpp-1.5.9-linux-ppc64le.jar:/Users/rayen/.m2/repository/org/bytedeco/javacpp/1.5.9/javacpp-1.5.9-linux-x86.jar:/Users/rayen/.m2/repository/org/bytedeco/javacpp/1.5.9/javacpp-1.5.9-linux-x86_64.jar:/Users/rayen/.m2/repository/org/bytedeco/javacpp/1.5.9/javacpp-1.5.9-macosx-arm64.jar:/Users/rayen/.m2/repository/org/bytedeco/javacpp/1.5.9/javacpp-1.5.9-macosx-x86_64.jar:/Users/rayen/.m2/repository/org/bytedeco/javacpp/1.5.9/javacpp-1.5.9-windows-x86.jar:/Users/rayen/.m2/repository/org/bytedeco/javacpp/1.5.9/javacpp-1.5.9-windows-x86_64.jar:/Users/rayen/.m2/repository/org/bytedeco/javacpp/1.5.9/javacpp-1.5.9.jar:/Users/rayen/.m2/repository/org/bytedeco/javacpp-platform/1.5.9/javacpp-platform-1.5.9.jar:/Users/rayen/.m2/repository/org/bytedeco/javacv/1.5.9/javacv-1.5.9.jar:/Users/rayen/.m2/repository/org/bytedeco/javacv-platform/1.5.9/javacv-platform-1.5.9.jar:/Users/rayen/.m2/repository/org/bytedeco/leptonica/1.83.0-1.5.9/leptonica-1.83.0-1.5.9-android-arm.jar:/Users/rayen/.m2/repository/org/bytedeco/leptonica/1.83.0-1.5.9/leptonica-1.83.0-1.5.9-android-arm64.jar:/Users/rayen/.m2/repository/org/bytedeco/leptonica/1.83.0-1.5.9/leptonica-1.83.0-1.5.9-android-x86.jar:/Users/rayen/.m2/repository/org/bytedeco/leptonica/1.83.0-1.5.9/leptonica-1.83.0-1.5.9-android-x86_64.jar:/Users/rayen/.m2/repository/org/bytedeco/leptonica/1.83.0-1.5.9/leptonica-1.83.0-1.5.9-linux-arm64.jar:/Users/rayen/.m2/repository/org/bytedeco/leptonica/1.83.0-1.5.9/leptonica-1.83.0-1.5.9-linux-armhf.jar:/Users/rayen/.m2/repository/org/bytedeco/leptonica/1.83.0-1.5.9/leptonica-1.83.0-1.5.9-linux-ppc64le.jar:/Users/rayen/.m2/repository/org/bytedeco/leptonica/1.83.0-1.5.9/leptonica-1.83.0-1.5.9-linux-x86.jar:/Users/rayen/.m2/repository/org/bytedeco/leptonica/1.83.0-1.5.9/leptonica-1.83.0-1.5.9-linux-x86_64.jar:/Users/rayen/.m2/repository/org/bytedeco/leptonica/1.83.0-1.5.9/leptonica-1.83.0-1.5.9-macosx-arm64.jar:/Users/rayen/.m2/repository/org/bytedeco/leptonica/1.83.0-1.5.9/leptonica-1.83.0-1.5.9-macosx-x86_64.jar:/Users/rayen/.m2/repository/org/bytedeco/leptonica/1.83.0-1.5.9/leptonica-1.83.0-1.5.9-windows-x86.jar:/Users/rayen/.m2/repository/org/bytedeco/leptonica/1.83.0-1.5.9/leptonica-1.83.0-1.5.9-windows-x86_64.jar:/Users/rayen/.m2/repository/org/bytedeco/leptonica/1.83.0-1.5.9/leptonica-1.83.0-1.5.9.jar:/Users/rayen/.m2/repository/org/bytedeco/leptonica-platform/1.83.0-1.5.9/leptonica-platform-1.83.0-1.5.9.jar:/Users/rayen/.m2/repository/org/bytedeco/libdc1394/2.2.6-1.5.9/libdc1394-2.2.6-1.5.9-linux-arm64.jar:/Users/rayen/.m2/repository/org/bytedeco/libdc1394/2.2.6-1.5.9/libdc1394-2.2.6-1.5.9-linux-armhf.jar:/Users/rayen/.m2/repository/org/bytedeco/libdc1394/2.2.6-1.5.9/libdc1394-2.2.6-1.5.9-linux-ppc64le.jar:/Users/rayen/.m2/repository/org/bytedeco/libdc1394/2.2.6-1.5.9/libdc1394-2.2.6-1.5.9-linux-x86.jar:/Users/rayen/.m2/repository/org/bytedeco/libdc1394/2.2.6-1.5.9/libdc1394-2.2.6-1.5.9-linux-x86_64.jar:/Users/rayen/.m2/repository/org/bytedeco/libdc1394/2.2.6-1.5.9/libdc1394-2.2.6-1.5.9-macosx-x86_64.jar:/Users/rayen/.m2/repository/org/bytedeco/libdc1394/2.2.6-1.5.9/libdc1394-2.2.6-1.5.9-windows-x86.jar:/Users/rayen/.m2/repository/org/bytedeco/libdc1394/2.2.6-1.5.9/libdc1394-2.2.6-1.5.9-windows-x86_64.jar:/Users/rayen/.m2/repository/org/bytedeco/libdc1394/2.2.6-1.5.9/libdc1394-2.2.6-1.5.9.jar:/Users/rayen/.m2/repository/org/bytedeco/libdc1394-platform/2.2.6-1.5.9/libdc1394-platform-2.2.6-1.5.9.jar:/Users/rayen/.m2/repository/org/bytedeco/libfreenect/0.5.7-1.5.9/libfreenect-0.5.7-1.5.9-linux-arm64.jar:/Users/rayen/.m2/repository/org/bytedeco/libfreenect/0.5.7-1.5.9/libfreenect-0.5.7-1.5.9-linux-armhf.jar:/Users/rayen/.m2/repository/org/bytedeco/libfreenect/0.5.7-1.5.9/libfreenect-0.5.7-1.5.9-linux-ppc64le.jar:/Users/rayen/.m2/repository/org/bytedeco/libfreenect/0.5.7-1.5.9/libfreenect-0.5.7-1.5.9-linux-x86.jar:/Users/rayen/.m2/repository/org/bytedeco/libfreenect/0.5.7-1.5.9/libfreenect-0.5.7-1.5.9-linux-x86_64.jar:/Users/rayen/.m2/repository/org/bytedeco/libfreenect/0.5.7-1.5.9/libfreenect-0.5.7-1.5.9-macosx-x86_64.jar:/Users/rayen/.m2/repository/org/bytedeco/libfreenect/0.5.7-1.5.9/libfreenect-0.5.7-1.5.9-windows-x86.jar:/Users/rayen/.m2/repository/org/bytedeco/libfreenect/0.5.7-1.5.9/libfreenect-0.5.7-1.5.9-windows-x86_64.jar:/Users/rayen/.m2/repository/org/bytedeco/libfreenect/0.5.7-1.5.9/libfreenect-0.5.7-1.5.9.jar:/Users/rayen/.m2/repository/org/bytedeco/libfreenect-platform/0.5.7-1.5.9/libfreenect-platform-0.5.7-1.5.9.jar:/Users/rayen/.m2/repository/org/bytedeco/libfreenect2/0.2.0-1.5.9/libfreenect2-0.2.0-1.5.9-linux-x86.jar:/Users/rayen/.m2/repository/org/bytedeco/libfreenect2/0.2.0-1.5.9/libfreenect2-0.2.0-1.5.9-linux-x86_64.jar:/Users/rayen/.m2/repository/org/bytedeco/libfreenect2/0.2.0-1.5.9/libfreenect2-0.2.0-1.5.9-macosx-x86_64.jar:/Users/rayen/.m2/repository/org/bytedeco/libfreenect2/0.2.0-1.5.9/libfreenect2-0.2.0-1.5.9-windows-x86_64.jar:/Users/rayen/.m2/repository/org/bytedeco/libfreenect2/0.2.0-1.5.9/libfreenect2-0.2.0-1.5.9.jar:/Users/rayen/.m2/repository/org/bytedeco/libfreenect2-platform/0.2.0-1.5.9/libfreenect2-platform-0.2.0-1.5.9.jar:/Users/rayen/.m2/repository/org/bytedeco/librealsense/1.12.4-1.5.9/librealsense-1.12.4-1.5.9-linux-arm64.jar:/Users/rayen/.m2/repository/org/bytedeco/librealsense/1.12.4-1.5.9/librealsense-1.12.4-1.5.9-linux-armhf.jar:/Users/rayen/.m2/repository/org/bytedeco/librealsense/1.12.4-1.5.9/librealsense-1.12.4-1.5.9-linux-x86.jar:/Users/rayen/.m2/repository/org/bytedeco/librealsense/1.12.4-1.5.9/librealsense-1.12.4-1.5.9-linux-x86_64.jar:/Users/rayen/.m2/repository/org/bytedeco/librealsense/1.12.4-1.5.9/librealsense-1.12.4-1.5.9-macosx-x86_64.jar:/Users/rayen/.m2/repository/org/bytedeco/librealsense/1.12.4-1.5.9/librealsense-1.12.4-1.5.9-windows-x86.jar:/Users/rayen/.m2/repository/org/bytedeco/librealsense/1.12.4-1.5.9/librealsense-1.12.4-1.5.9-windows-x86_64.jar:/Users/rayen/.m2/repository/org/bytedeco/librealsense/1.12.4-1.5.9/librealsense-1.12.4-1.5.9.jar:/Users/rayen/.m2/repository/org/bytedeco/librealsense-platform/1.12.4-1.5.9/librealsense-platform-1.12.4-1.5.9.jar:/Users/rayen/.m2/repository/org/bytedeco/librealsense2/2.53.1-1.5.9/librealsense2-2.53.1-1.5.9-linux-arm64.jar:/Users/rayen/.m2/repository/org/bytedeco/librealsense2/2.53.1-1.5.9/librealsense2-2.53.1-1.5.9-linux-armhf.jar:/Users/rayen/.m2/repository/org/bytedeco/librealsense2/2.53.1-1.5.9/librealsense2-2.53.1-1.5.9-linux-x86.jar:/Users/rayen/.m2/repository/org/bytedeco/librealsense2/2.53.1-1.5.9/librealsense2-2.53.1-1.5.9-linux-x86_64.jar:/Users/rayen/.m2/repository/org/bytedeco/librealsense2/2.53.1-1.5.9/librealsense2-2.53.1-1.5.9-macosx-x86_64.jar:/Users/rayen/.m2/repository/org/bytedeco/librealsense2/2.53.1-1.5.9/librealsense2-2.53.1-1.5.9-windows-x86.jar:/Users/rayen/.m2/repository/org/bytedeco/librealsense2/2.53.1-1.5.9/librealsense2-2.53.1-1.5.9-windows-x86_64.jar:/Users/rayen/.m2/repository/org/bytedeco/librealsense2/2.53.1-1.5.9/librealsense2-2.53.1-1.5.9.jar:/Users/rayen/.m2/repository/org/bytedeco/librealsense2-platform/2.53.1-1.5.9/librealsense2-platform-2.53.1-1.5.9.jar:/Users/rayen/.m2/repository/org/bytedeco/openblas/0.3.23-1.5.9/openblas-0.3.23-1.5.9-android-arm.jar:/Users/rayen/.m2/repository/org/bytedeco/openblas/0.3.23-1.5.9/openblas-0.3.23-1.5.9-android-arm64.jar:/Users/rayen/.m2/repository/org/bytedeco/openblas/0.3.23-1.5.9/openblas-0.3.23-1.5.9-android-x86.jar:/Users/rayen/.m2/repository/org/bytedeco/openblas/0.3.23-1.5.9/openblas-0.3.23-1.5.9-android-x86_64.jar:/Users/rayen/.m2/repository/org/bytedeco/openblas/0.3.23-1.5.9/openblas-0.3.23-1.5.9-ios-arm64.jar:/Users/rayen/.m2/repository/org/bytedeco/openblas/0.3.23-1.5.9/openblas-0.3.23-1.5.9-ios-x86_64.jar:/Users/rayen/.m2/repository/org/bytedeco/openblas/0.3.23-1.5.9/openblas-0.3.23-1.5.9-linux-arm64.jar:/Users/rayen/.m2/repository/org/bytedeco/openblas/0.3.23-1.5.9/openblas-0.3.23-1.5.9-linux-armhf.jar:/Users/rayen/.m2/repository/org/bytedeco/openblas/0.3.23-1.5.9/openblas-0.3.23-1.5.9-linux-ppc64le.jar:/Users/rayen/.m2/repository/org/bytedeco/openblas/0.3.23-1.5.9/openblas-0.3.23-1.5.9-linux-x86.jar:/Users/rayen/.m2/repository/org/bytedeco/openblas/0.3.23-1.5.9/openblas-0.3.23-1.5.9-linux-x86_64.jar:/Users/rayen/.m2/repository/org/bytedeco/openblas/0.3.23-1.5.9/openblas-0.3.23-1.5.9-macosx-arm64.jar:/Users/rayen/.m2/repository/org/bytedeco/openblas/0.3.23-1.5.9/openblas-0.3.23-1.5.9-macosx-x86_64.jar:/Users/rayen/.m2/repository/org/bytedeco/openblas/0.3.23-1.5.9/openblas-0.3.23-1.5.9-windows-x86.jar:/Users/rayen/.m2/repository/org/bytedeco/openblas/0.3.23-1.5.9/openblas-0.3.23-1.5.9-windows-x86_64.jar:/Users/rayen/.m2/repository/org/bytedeco/openblas/0.3.23-1.5.9/openblas-0.3.23-1.5.9.jar:/Users/rayen/.m2/repository/org/bytedeco/openblas-platform/0.3.23-1.5.9/openblas-platform-0.3.23-1.5.9.jar:/Users/rayen/.m2/repository/org/bytedeco/opencv/4.7.0-1.5.9/opencv-4.7.0-1.5.9-android-arm.jar:/Users/rayen/.m2/repository/org/bytedeco/opencv/4.7.0-1.5.9/opencv-4.7.0-1.5.9-android-arm64.jar:/Users/rayen/.m2/repository/org/bytedeco/opencv/4.7.0-1.5.9/opencv-4.7.0-1.5.9-android-x86.jar:/Users/rayen/.m2/repository/org/bytedeco/opencv/4.7.0-1.5.9/opencv-4.7.0-1.5.9-android-x86_64.jar:/Users/rayen/.m2/repository/org/bytedeco/opencv/4.7.0-1.5.9/opencv-4.7.0-1.5.9-ios-arm64.jar:/Users/rayen/.m2/repository/org/bytedeco/opencv/4.7.0-1.5.9/opencv-4.7.0-1.5.9-ios-x86_64.jar:/Users/rayen/.m2/repository/org/bytedeco/opencv/4.7.0-1.5.9/opencv-4.7.0-1.5.9-linux-arm64.jar:/Users/rayen/.m2/repository/org/bytedeco/opencv/4.7.0-1.5.9/opencv-4.7.0-1.5.9-linux-armhf.jar:/Users/rayen/.m2/repository/org/bytedeco/opencv/4.7.0-1.5.9/opencv-4.7.0-1.5.9-linux-ppc64le.jar:/Users/rayen/.m2/repository/org/bytedeco/opencv/4.7.0-1.5.9/opencv-4.7.0-1.5.9-linux-x86.jar:/Users/rayen/.m2/repository/org/bytedeco/opencv/4.7.0-1.5.9/opencv-4.7.0-1.5.9-linux-x86_64.jar:/Users/rayen/.m2/repository/org/bytedeco/opencv/4.7.0-1.5.9/opencv-4.7.0-1.5.9-macosx-arm64.jar:/Users/rayen/.m2/repository/org/bytedeco/opencv/4.7.0-1.5.9/opencv-4.7.0-1.5.9-macosx-x86_64.jar:/Users/rayen/.m2/repository/org/bytedeco/opencv/4.7.0-1.5.9/opencv-4.7.0-1.5.9-windows-x86.jar:/Users/rayen/.m2/repository/org/bytedeco/opencv/4.7.0-1.5.9/opencv-4.7.0-1.5.9-windows-x86_64.jar:/Users/rayen/.m2/repository/org/bytedeco/opencv/4.7.0-1.5.9/opencv-4.7.0-1.5.9.jar:/Users/rayen/.m2/repository/org/bytedeco/opencv-platform/4.7.0-1.5.9/opencv-platform-4.7.0-1.5.9.jar:/Users/rayen/.m2/repository/org/bytedeco/tesseract/5.3.1-1.5.9/tesseract-5.3.1-1.5.9-android-arm.jar:/Users/rayen/.m2/repository/org/bytedeco/tesseract/5.3.1-1.5.9/tesseract-5.3.1-1.5.9-android-arm64.jar:/Users/rayen/.m2/repository/org/bytedeco/tesseract/5.3.1-1.5.9/tesseract-5.3.1-1.5.9-android-x86.jar:/Users/rayen/.m2/repository/org/bytedeco/tesseract/5.3.1-1.5.9/tesseract-5.3.1-1.5.9-android-x86_64.jar:/Users/rayen/.m2/repository/org/bytedeco/tesseract/5.3.1-1.5.9/tesseract-5.3.1-1.5.9-linux-arm64.jar:/Users/rayen/.m2/repository/org/bytedeco/tesseract/5.3.1-1.5.9/tesseract-5.3.1-1.5.9-linux-armhf.jar:/Users/rayen/.m2/repository/org/bytedeco/tesseract/5.3.1-1.5.9/tesseract-5.3.1-1.5.9-linux-ppc64le.jar:/Users/rayen/.m2/repository/org/bytedeco/tesseract/5.3.1-1.5.9/tesseract-5.3.1-1.5.9-linux-x86.jar:/Users/rayen/.m2/repository/org/bytedeco/tesseract/5.3.1-1.5.9/tesseract-5.3.1-1.5.9-linux-x86_64.jar:/Users/rayen/.m2/repository/org/bytedeco/tesseract/5.3.1-1.5.9/tesseract-5.3.1-1.5.9-macosx-arm64.jar:/Users/rayen/.m2/repository/org/bytedeco/tesseract/5.3.1-1.5.9/tesseract-5.3.1-1.5.9-macosx-x86_64.jar:/Users/rayen/.m2/repository/org/bytedeco/tesseract/5.3.1-1.5.9/tesseract-5.3.1-1.5.9-windows-x86.jar:/Users/rayen/.m2/repository/org/bytedeco/tesseract/5.3.1-1.5.9/tesseract-5.3.1-1.5.9-windows-x86_64.jar:/Users/rayen/.m2/repository/org/bytedeco/tesseract/5.3.1-1.5.9/tesseract-5.3.1-1.5.9.jar:/Users/rayen/.m2/repository/org/bytedeco/tesseract-platform/5.3.1-1.5.9/tesseract-platform-5.3.1-1.5.9.jar:/Users/rayen/.m2/repository/org/bytedeco/videoinput/0.200-1.5.9/videoinput-0.200-1.5.9-windows-x86.jar:/Users/rayen/.m2/repository/org/bytedeco/videoinput/0.200-1.5.9/videoinput-0.200-1.5.9-windows-x86_64.jar:/Users/rayen/.m2/repository/org/bytedeco/videoinput/0.200-1.5.9/videoinput-0.200-1.5.9.jar:/Users/rayen/.m2/repository/org/bytedeco/videoinput-platform/0.200-1.5.9/videoinput-platform-0.200-1.5.9.jar:/Users/rayen/.m2/repository/org/controlsfx/controlsfx/11.2.1/controlsfx-11.2.1.jar:/Users/rayen/.m2/repository/org/jetbrains/annotations/13.0/annotations-13.0.jar:/Users/rayen/.m2/repository/org/jetbrains/kotlin/kotlin-stdlib/1.8.10/kotlin-stdlib-1.8.10.jar:/Users/rayen/.m2/repository/org/jetbrains/kotlin/kotlin-stdlib-common/1.8.10/kotlin-stdlib-common-1.8.10.jar:/Users/rayen/.m2/repository/org/json/json/20240303/json-20240303.jar:/Users/rayen/.m2/repository/org/kordamp/bootstrapfx/bootstrapfx-core/0.4.0/bootstrapfx-core-0.4.0.jar:/Users/rayen/.m2/repository/org/kordamp/ikonli/ikonli-core/12.3.1/ikonli-core-12.3.1.jar:/Users/rayen/.m2/repository/org/kordamp/ikonli/ikonli-javafx/12.3.1/ikonli-javafx-12.3.1.jar:/Users/rayen/.m2/repository/org/mindrot/jbcrypt/0.4/jbcrypt-0.4.jar
Launcher Type: SUN_STANDARD

[Global flags]
     intx CICompilerCount                          = 4                                         {product} {ergonomic}
     uint ConcGCThreads                            = 2                                         {product} {ergonomic}
     uint G1ConcRefinementThreads                  = 8                                         {product} {ergonomic}
   size_t G1HeapRegionSize                         = 1048576                                   {product} {ergonomic}
   size_t InitialHeapSize                          = 134217728                                 {product} {ergonomic}
   size_t MarkStackSize                            = 4194304                                   {product} {ergonomic}
   size_t MarkStackSizeMax                         = 536870912                                 {product} {ergonomic}
   size_t MaxHeapSize                              = 2147483648                                {product} {ergonomic}
   size_t MaxNewSize                               = 1287651328                                {product} {ergonomic}
   size_t MinHeapDeltaBytes                        = 1048576                                   {product} {ergonomic}
   size_t MinHeapSize                              = 8388608                                   {product} {ergonomic}
    uintx NonNMethodCodeHeapSize                   = 5832704                                {pd product} {ergonomic}
    uintx NonProfiledCodeHeapSize                  = 122929152                              {pd product} {ergonomic}
    uintx ProfiledCodeHeapSize                     = 122896384                              {pd product} {ergonomic}
    uintx ReservedCodeCacheSize                    = 251658240                              {pd product} {ergonomic}
     bool SegmentedCodeCache                       = true                                      {product} {ergonomic}
   size_t SoftMaxHeapSize                          = 2147483648                             {manageable} {ergonomic}
     bool UseCompressedOops                        = true                           {product lp64_product} {ergonomic}
     bool UseG1GC                                  = true                                      {product} {ergonomic}
     bool UseNUMA                                  = false                                     {product} {ergonomic}
     bool UseNUMAInterleaving                      = false                                     {product} {ergonomic}

Logging:
Log output configuration:
 #0: stdout all=warning uptime,level,tags foldmultilines=false
 #1: stderr all=off uptime,level,tags foldmultilines=false

Environment Variables:
JAVA_HOME=/Library/Java/JavaVirtualMachines/jdk-24.jdk/Contents/Home
JAVA_TOOL_OPTIONS=-Dfile.encoding=UTF-8
PATH=/opt/anaconda3/bin:/opt/anaconda3/condabin:/opt/homebrew/bin:/opt/homebrew/sbin:/usr/local/bin:/System/Cryptexes/App/usr/bin:/usr/bin:/bin:/usr/sbin:/sbin:/var/run/com.apple.security.cryptexd/codex.system/bootstrap/usr/local/bin:/var/run/com.apple.security.cryptexd/codex.system/bootstrap/usr/bin:/var/run/com.apple.security.cryptexd/codex.system/bootstrap/usr/appleinternal/bin:/Library/Apple/usr/bin:/Applications/VMware Fusion.app/Contents/Public
SHELL=/bin/zsh
LC_CTYPE=fr_FR.UTF-8
TMPDIR=/var/folders/k1/znxt3d3d1bn326y0x6wfwwhm0000gn/T/

Active Locale:
LC_ALL=C/fr_FR.UTF-8/C/C/C/C
LC_COLLATE=C
LC_CTYPE=fr_FR.UTF-8
LC_MESSAGES=C
LC_MONETARY=C
LC_NUMERIC=C
LC_TIME=C

Signal Handlers:
   SIGSEGV: crash_handler in libjvm.dylib, mask=11100110000111110111111111111111, flags=SA_ONSTACK|SA_RESTART|SA_SIGINFO, unblocked
    SIGBUS: crash_handler in libjvm.dylib, mask=11100110000111110111111111111111, flags=SA_RESTART|SA_SIGINFO, unblocked
    SIGFPE: crash_handler in libjvm.dylib, mask=11100110000111110111111111111111, flags=SA_RESTART|SA_SIGINFO, unblocked
   SIGPIPE: javaSignalHandler in libjvm.dylib, mask=11100110000111110111111111111111, flags=SA_RESTART|SA_SIGINFO, blocked
   SIGXFSZ: javaSignalHandler in libjvm.dylib, mask=11100110000111110111111111111111, flags=SA_RESTART|SA_SIGINFO, blocked
    SIGILL: crash_handler in libjvm.dylib, mask=11100110000111110111111111111111, flags=SA_RESTART|SA_SIGINFO, unblocked
   SIGUSR2: SR_handler in libjvm.dylib, mask=00000000000000000000000000000000, flags=SA_RESTART|SA_SIGINFO, blocked
    SIGHUP: UserHandler in libjvm.dylib, mask=11100110000111110111111111111111, flags=SA_RESTART|SA_SIGINFO, blocked
    SIGINT: UserHandler in libjvm.dylib, mask=11100110000111110111111111111111, flags=SA_RESTART|SA_SIGINFO, blocked
   SIGTERM: UserHandler in libjvm.dylib, mask=11100110000111110111111111111111, flags=SA_RESTART|SA_SIGINFO, blocked
   SIGQUIT: UserHandler in libjvm.dylib, mask=11100110000111110111111111111111, flags=SA_RESTART|SA_SIGINFO, blocked
   SIGTRAP: crash_handler in libjvm.dylib, mask=11100110000111110111111111111111, flags=SA_RESTART|SA_SIGINFO, unblocked


Periodic native trim disabled

---------------  S Y S T E M  ---------------

OS:
uname: Darwin 24.0.0 Darwin Kernel Version 24.0.0: Tue Sep 24 23:36:26 PDT 2024; root:xnu-11215.1.12~1/RELEASE_ARM64_T8103 arm64
OS uptime: 0 days 5:30 hours
rlimit (soft/hard): STACK 8176k/65520k , CORE 0k/infinity , NPROC 1333/2000 , NOFILE 1048576/infinity , AS infinity/infinity , CPU infinity/infinity , DATA infinity/infinity , FSIZE infinity/infinity , MEMLOCK infinity/infinity , RSS infinity/infinity
load average: 2.42 3.43 3.26

CPU: total 8 (initial active 8) 0x61:0x0:0x1b588bb3:0, fp, asimd, aes, pmull, sha1, sha256, crc32, lse, sha3, sha512
machdep.cpu.brand_string:Apple M1
hw.cachelinesize:128
hw.l1icachesize:131072
hw.l1dcachesize:65536
hw.l2cachesize:4194304

Memory: 16k page, physical 8388608k(162416k free), swap 3145728k(1051520k free)

vm_info: Java HotSpot(TM) 64-Bit Server VM (24.0.2+12-54) for bsd-aarch64 JRE (24.0.2+12-54), built on 2025-07-08T12:10:27Z with clang Apple LLVM 14.0.3 (clang-1403.0.22.14.1)

END.
