#
# A fatal error has been detected by the Java Runtime Environment:
#
#  SIGSEGV (0xb) at pc=0x000000019fcab2f8, pid=78776, tid=259
#
# JRE version: OpenJDK Runtime Environment Homebrew (17.0.15) (build 17.0.15+0)
# Java VM: OpenJDK 64-Bit Server VM Homebrew (17.0.15+0, mixed mode, sharing, tiered, compressed oops, compressed class ptrs, g1 gc, bsd-aarch64)
# Problematic frame:
# C  [CoreText+0xa2f8]  CTFontCopyTable+0x24
#
# No core dump will be written. Core dumps have been disabled. To enable core dumping, try "ulimit -c unlimited" before starting Java again
#
# If you would like to submit a bug report, please visit:
#   https://github.com/Homebrew/homebrew-core/issues
# The crash happened outside the Java Virtual Machine in native code.
# See problematic frame for where to report the bug.
#

---------------  S U M M A R Y ------------

Command Line: --module-path=/Users/aziz/.m2/repository/org/openjfx/javafx-base/21.0.2/javafx-base-21.0.2-mac-aarch64.jar:/Users/aziz/.m2/repository/org/openjfx/javafx-base/21.0.2/javafx-base-21.0.2.jar:/Users/aziz/.m2/repository/org/openjfx/javafx-controls/21.0.2/javafx-controls-21.0.2-mac-aarch64.jar:/Users/aziz/.m2/repository/org/openjfx/javafx-controls/21.0.2/javafx-controls-21.0.2.jar:/Users/aziz/.m2/repository/org/openjfx/javafx-fxml/21.0.2/javafx-fxml-21.0.2-mac-aarch64.jar:/Users/aziz/.m2/repository/org/openjfx/javafx-fxml/21.0.2/javafx-fxml-21.0.2.jar:/Users/aziz/.m2/repository/org/openjfx/javafx-graphics/21.0.2/javafx-graphics-21.0.2-mac-aarch64.jar:/Users/aziz/.m2/repository/org/openjfx/javafx-graphics/21.0.2/javafx-graphics-21.0.2.jar:/Users/aziz/.m2/repository/org/openjfx/javafx-media/21.0.1/javafx-media-21.0.1-mac-aarch64.jar:/Users/aziz/.m2/repository/org/openjfx/javafx-media/21.0.1/javafx-media-21.0.1.jar:/Users/aziz/.m2/repository/org/openjfx/javafx-swing/17.0.2/javafx-swing-17.0.2-mac-aarch64.jar:/Users/aziz/.m2/repository/org/openjfx/javafx-swing/17.0.2/javafx-swing-17.0.2.jar:/Users/aziz/.m2/repository/org/openjfx/javafx-web/17.0.6/javafx-web-17.0.6-mac-aarch64.jar:/Users/aziz/.m2/repository/org/openjfx/javafx-web/17.0.6/javafx-web-17.0.6.jar --add-modules=javafx.base,javafx.controls,javafx.fxml,javafx.graphics,javafx.media,javafx.swing,javafx.web main.MainFX

Host: "Mac15,10" arm64, 14 cores, 36G, Darwin 24.6.0, macOS 15.7.4 (24G517)
Time: Sat Feb 28 20:45:27 2026 CET elapsed time: 260.167290 seconds (0d 0h 4m 20s)

---------------  T H R E A D  ---------------

Current thread (0x0000000121a24a00):  JavaThread "JavaFX Application Thread" [_thread_in_native, id=259, stack(0x000000016cef8000,0x000000016d6f4000)]

Stack: [0x000000016cef8000,0x000000016d6f4000],  sp=0x000000016d6eb0b0,  free space=8140k
Native frames: (J=compiled Java code, j=interpreted, Vv=VM code, C=native code)
C  [CoreText+0xa2f8]  CTFontCopyTable+0x24
C  [libjavafx_font.dylib+0x647c]  Java_com_sun_javafx_font_coretext_OS_CTFontGetBoundingRectForGlyphUsingTables+0x54
J 5540  com.sun.javafx.font.coretext.OS.CTFontGetBoundingRectForGlyphUsingTables(JSS[I)Z javafx.graphics@21.0.2 (0 bytes) @ 0x0000000129da4354 [0x0000000129da42c0+0x0000000000000094]
C  0x000000011fb88230

Java frames: (J=compiled Java code, j=interpreted, Vv=VM code)
J 5540  com.sun.javafx.font.coretext.OS.CTFontGetBoundingRectForGlyphUsingTables(JSS[I)Z javafx.graphics@21.0.2 (0 bytes) @ 0x0000000129da4354 [0x0000000129da42c0+0x0000000000000094]
J 8243 c1 com.sun.javafx.font.coretext.CTFontFile.createGlyphBoundingBox(I)[I javafx.graphics@21.0.2 (333 bytes) @ 0x00000001225f1270 [0x00000001225f0980+0x00000000000008f0]
J 8451 c2 com.sun.javafx.font.PrismFontFile.getGlyphBoundingBox(IF[F)[F javafx.graphics@21.0.2 (165 bytes) @ 0x0000000129fa34b0 [0x0000000129fa3240+0x0000000000000270]
j  com.sun.javafx.font.LogicalFont.getGlyphBoundingBox(IF[F)[F+27 javafx.graphics@21.0.2
J 3707 c1 com.sun.javafx.text.PrismTextLayout.computeSideBearings(Lcom/sun/javafx/text/TextLine;)V javafx.graphics@21.0.2 (442 bytes) @ 0x000000012273b910 [0x000000012273a7c0+0x0000000000001150]
j  com.sun.javafx.text.PrismTextLayout.layout()V+1265 javafx.graphics@21.0.2
J 9346 c1 com.sun.javafx.scene.control.skin.Utils.computeTextHeight(Ljavafx/scene/text/Font;Ljava/lang/String;DDLjavafx/scene/text/TextBoundsType;)D javafx.controls@21.0.2 (92 bytes) @ 0x0000000122625d10 [0x00000001226258c0+0x0000000000000450]
j  javafx.scene.control.skin.LabeledSkinBase.computeMinLabeledPartHeight(DDDDD)D+82 javafx.controls@21.0.2
J 9490 c2 javafx.scene.control.skin.LabeledSkinBase.computeMinHeight(DDDDD)D javafx.controls@21.0.2 (13 bytes) @ 0x0000000129e26e68 [0x0000000129e26e40+0x0000000000000028]
J 9466 c2 javafx.scene.control.Control.computeMinHeight(D)D javafx.controls@21.0.2 (51 bytes) @ 0x0000000129ec3568 [0x0000000129ec3180+0x00000000000003e8]
J 9368 c2 javafx.scene.layout.Region.minHeight(D)D javafx.graphics@21.0.2 (52 bytes) @ 0x0000000129b43ddc [0x0000000129b43d40+0x000000000000009c]
j  javafx.scene.control.skin.LabeledSkinBase.computeMinLabeledPartHeight(DDDDD)D+152 javafx.controls@21.0.2
J 9490 c2 javafx.scene.control.skin.LabeledSkinBase.computeMinHeight(DDDDD)D javafx.controls@21.0.2 (13 bytes) @ 0x0000000129e26e68 [0x0000000129e26e40+0x0000000000000028]
J 9466 c2 javafx.scene.control.Control.computeMinHeight(D)D javafx.controls@21.0.2 (51 bytes) @ 0x0000000129ec3568 [0x0000000129ec3180+0x00000000000003e8]
J 9368 c2 javafx.scene.layout.Region.minHeight(D)D javafx.graphics@21.0.2 (52 bytes) @ 0x0000000129b43ddc [0x0000000129b43d40+0x000000000000009c]
J 9404 c2 javafx.scene.layout.VBox.getAreaHeights(Ljava/util/List;DZ)[[D javafx.graphics@21.0.2 (230 bytes) @ 0x0000000129caa938 [0x0000000129ca9f80+0x00000000000009b8]
J 5065 c1 javafx.scene.layout.VBox.computeContentHeight(Ljava/util/List;DZ)D javafx.graphics@21.0.2 (39 bytes) @ 0x0000000122a8f76c [0x0000000122a8f6c0+0x00000000000000ac]
J 5027 c1 javafx.scene.layout.VBox.computeMinHeight(D)D javafx.graphics@21.0.2 (34 bytes) @ 0x0000000122a71cb4 [0x0000000122a714c0+0x00000000000007f4]
J 9368 c2 javafx.scene.layout.Region.minHeight(D)D javafx.graphics@21.0.2 (52 bytes) @ 0x0000000129b43ddc [0x0000000129b43d40+0x000000000000009c]
J 9483 c2 javafx.scene.layout.Region.computeChildMinAreaHeight(Ljavafx/scene/Node;DLjavafx/geometry/Insets;D)D javafx.graphics@21.0.2 (237 bytes) @ 0x0000000129d5c168 [0x0000000129d5bc40+0x0000000000000528]
J 6324 c1 javafx.scene.layout.BorderPane.getAreaHeight(Ljavafx/scene/Node;DZ)D javafx.graphics@21.0.2 (50 bytes) @ 0x00000001222496f0 [0x0000000122248e40+0x00000000000008b0]
J 9425 c1 javafx.scene.layout.BorderPane.computeMinHeight(D)D javafx.graphics@21.0.2 (179 bytes) @ 0x0000000122d34f34 [0x0000000122d34300+0x0000000000000c34]
J 9368 c2 javafx.scene.layout.Region.minHeight(D)D javafx.graphics@21.0.2 (52 bytes) @ 0x0000000129b43ddc [0x0000000129b43d40+0x000000000000009c]
J 6287 c1 javafx.scene.Scene.getPreferredHeight(Ljavafx/scene/Parent;DD)D javafx.graphics@21.0.2 (46 bytes) @ 0x0000000122233a5c [0x0000000122233800+0x000000000000025c]
J 6132 c1 javafx.scene.Scene.resizeRootToPreferredSize(Ljavafx/scene/Parent;)V javafx.graphics@21.0.2 (105 bytes) @ 0x000000012246197c [0x0000000122461680+0x00000000000002fc]
j  javafx.scene.Scene.preferredSize()V+11 javafx.graphics@21.0.2
j  javafx.scene.Scene$2.preferredSize(Ljavafx/scene/Scene;)V+1 javafx.graphics@21.0.2
j  com.sun.javafx.scene.SceneHelper.preferredSize(Ljavafx/scene/Scene;)V+4 javafx.graphics@21.0.2
j  javafx.stage.Window$SceneModel.invalidated()V+141 javafx.graphics@21.0.2
J 5832 c2 javafx.beans.property.ObjectPropertyBase.set(Ljava/lang/Object;)V javafx.base@21.0.2 (76 bytes) @ 0x0000000129b5ec70 [0x0000000129b5ebc0+0x00000000000000b0]
j  javafx.stage.Window.setScene(Ljavafx/scene/Scene;)V+5 javafx.graphics@21.0.2
j  javafx.stage.Stage.setScene(Ljavafx/scene/Scene;)V+8 javafx.graphics@21.0.2
j  controllers.UserControlleers.LoginController.redirectAccordingToRole(Lmodels/UserModels/user;)V+79
j  controllers.UserControlleers.LoginController.createSessionAndRedirect(Lmodels/UserModels/user;)V+101
j  controllers.UserControlleers.LoginController.handleLogin(Ljavafx/event/ActionEvent;)V+206
v  ~StubRoutines::call_stub
J 1629  jdk.internal.reflect.NativeMethodAccessorImpl.invoke0(Ljava/lang/reflect/Method;Ljava/lang/Object;[Ljava/lang/Object;)Ljava/lang/Object; java.base@17.0.15 (0 bytes) @ 0x0000000129b68968 [0x0000000129b688c0+0x00000000000000a8]
j  jdk.internal.reflect.NativeMethodAccessorImpl.invoke(Ljava/lang/Object;[Ljava/lang/Object;)Ljava/lang/Object;+133 java.base@17.0.15
J 4003 c2 jdk.internal.reflect.DelegatingMethodAccessorImpl.invoke(Ljava/lang/Object;[Ljava/lang/Object;)Ljava/lang/Object; java.base@17.0.15 (10 bytes) @ 0x0000000129c5ccfc [0x0000000129c5ccc0+0x000000000000003c]
J 3433 c1 jdk.internal.reflect.GeneratedMethodAccessor2.invoke(Ljava/lang/Object;[Ljava/lang/Object;)Ljava/lang/Object; (65 bytes) @ 0x0000000122689cc8 [0x0000000122689680+0x0000000000000648]
J 4003 c2 jdk.internal.reflect.DelegatingMethodAccessorImpl.invoke(Ljava/lang/Object;[Ljava/lang/Object;)Ljava/lang/Object; java.base@17.0.15 (10 bytes) @ 0x0000000129c5ccfc [0x0000000129c5ccc0+0x000000000000003c]
J 3428 c1 com.sun.javafx.reflect.MethodUtil.invoke(Ljava/lang/reflect/Method;Ljava/lang/Object;[Ljava/lang/Object;)Ljava/lang/Object; javafx.base@21.0.2 (111 bytes) @ 0x0000000122684c60 [0x0000000122684500+0x0000000000000760]
J 3431 c1 com.sun.javafx.fxml.MethodHelper.invoke(Ljava/lang/reflect/Method;Ljava/lang/Object;[Ljava/lang/Object;)Ljava/lang/Object; javafx.fxml@21.0.2 (146 bytes) @ 0x0000000122686c3c [0x0000000122686480+0x00000000000007bc]
j  javafx.fxml.FXMLLoader$MethodHandler.invoke([Ljava/lang/Object;)V+19 javafx.fxml@21.0.2
j  javafx.fxml.FXMLLoader$ControllerMethodEventHandler.handle(Ljavafx/event/Event;)V+12 javafx.fxml@21.0.2
J 6354 c2 com.sun.javafx.event.EventHandlerManager.dispatchBubblingEvent(Ljavafx/event/Event;)Ljavafx/event/Event; javafx.base@21.0.2 (23 bytes) @ 0x0000000129e37160 [0x0000000129e36e80+0x00000000000002e0]
J 6665 c2 com.sun.javafx.event.CompositeEventDispatcher.dispatchBubblingEvent(Ljavafx/event/Event;)Ljavafx/event/Event; javafx.base@21.0.2 (35 bytes) @ 0x0000000129e734a8 [0x0000000129e73440+0x0000000000000068]
J 5341 c2 com.sun.javafx.event.BasicEventDispatcher.dispatchEvent(Ljavafx/event/Event;Ljavafx/event/EventDispatchChain;)Ljavafx/event/Event; javafx.base@21.0.2 (44 bytes) @ 0x0000000129d8a798 [0x0000000129d8a680+0x0000000000000118]
J 5341 c2 com.sun.javafx.event.BasicEventDispatcher.dispatchEvent(Ljavafx/event/Event;Ljavafx/event/EventDispatchChain;)Ljavafx/event/Event; javafx.base@21.0.2 (44 bytes) @ 0x0000000129d8a760 [0x0000000129d8a680+0x00000000000000e0]
J 5341 c2 com.sun.javafx.event.BasicEventDispatcher.dispatchEvent(Ljavafx/event/Event;Ljavafx/event/EventDispatchChain;)Ljavafx/event/Event; javafx.base@21.0.2 (44 bytes) @ 0x0000000129d8a760 [0x0000000129d8a680+0x00000000000000e0]
J 8678 c2 com.sun.javafx.event.EventUtil.fireEvent(Ljavafx/event/EventTarget;Ljavafx/event/Event;)Ljavafx/event/Event; javafx.base@21.0.2 (81 bytes) @ 0x000000012a01c63c [0x000000012a01c2c0+0x000000000000037c]
J 2993 c1 javafx.event.Event.fireEvent(Ljavafx/event/EventTarget;Ljavafx/event/Event;)V javafx.base@21.0.2 (35 bytes) @ 0x0000000122555c34 [0x0000000122555b80+0x00000000000000b4]
j  javafx.scene.Node.fireEvent(Ljavafx/event/Event;)V+86 javafx.graphics@21.0.2
j  javafx.scene.control.Button.fire()V+15 javafx.controls@21.0.2
j  com.sun.javafx.scene.control.behavior.ButtonBehavior.mouseReleased(Ljavafx/scene/input/MouseEvent;)V+27 javafx.controls@21.0.2
j  com.sun.javafx.scene.control.behavior.ButtonBehavior$$Lambda$462+0x000000700128f2d0.handle(Ljavafx/event/Event;)V+8 javafx.controls@21.0.2
J 5385 c1 com.sun.javafx.scene.control.inputmap.InputMap.handle(Ljavafx/event/Event;)V javafx.controls@21.0.2 (92 bytes) @ 0x0000000122b581e4 [0x0000000122b57bc0+0x0000000000000624]
J 5384 c1 com.sun.javafx.scene.control.inputmap.InputMap$$Lambda$396+0x0000007001240468.handle(Ljavafx/event/Event;)V javafx.controls@21.0.2 (9 bytes) @ 0x0000000122b56cf8 [0x0000000122b56c40+0x00000000000000b8]
J 3634 c1 com.sun.javafx.event.CompositeEventHandler$NormalEventHandlerRecord.handleBubblingEvent(Ljavafx/event/Event;)V javafx.base@21.0.2 (11 bytes) @ 0x0000000122707ef8 [0x0000000122707dc0+0x0000000000000138]
J 6354 c2 com.sun.javafx.event.EventHandlerManager.dispatchBubblingEvent(Ljavafx/event/Event;)Ljavafx/event/Event; javafx.base@21.0.2 (23 bytes) @ 0x0000000129e37300 [0x0000000129e36e80+0x0000000000000480]
J 6665 c2 com.sun.javafx.event.CompositeEventDispatcher.dispatchBubblingEvent(Ljavafx/event/Event;)Ljavafx/event/Event; javafx.base@21.0.2 (35 bytes) @ 0x0000000129e734a8 [0x0000000129e73440+0x0000000000000068]
J 5341 c2 com.sun.javafx.event.BasicEventDispatcher.dispatchEvent(Ljavafx/event/Event;Ljavafx/event/EventDispatchChain;)Ljavafx/event/Event; javafx.base@21.0.2 (44 bytes) @ 0x0000000129d8a798 [0x0000000129d8a680+0x0000000000000118]
J 5341 c2 com.sun.javafx.event.BasicEventDispatcher.dispatchEvent(Ljavafx/event/Event;Ljavafx/event/EventDispatchChain;)Ljavafx/event/Event; javafx.base@21.0.2 (44 bytes) @ 0x0000000129d8a760 [0x0000000129d8a680+0x00000000000000e0]
J 5341 c2 com.sun.javafx.event.BasicEventDispatcher.dispatchEvent(Ljavafx/event/Event;Ljavafx/event/EventDispatchChain;)Ljavafx/event/Event; javafx.base@21.0.2 (44 bytes) @ 0x0000000129d8a760 [0x0000000129d8a680+0x00000000000000e0]
J 9672 c2 javafx.scene.Scene$MouseHandler.process(Ljavafx/scene/input/MouseEvent;Z)V javafx.graphics@21.0.2 (793 bytes) @ 0x0000000129bbd960 [0x0000000129bbc980+0x0000000000000fe0]
J 4039 c1 javafx.scene.Scene$ScenePeerListener.mouseEvent(Ljavafx/event/EventType;DDDDLjavafx/scene/input/MouseButton;ZZZZZZZZZZZ)V javafx.graphics@21.0.2 (54 bytes) @ 0x0000000122818184 [0x0000000122817f00+0x0000000000000284]
J 4036 c1 com.sun.javafx.tk.quantum.GlassViewEventHandler$MouseEventNotification.run()Ljava/lang/Void; javafx.graphics@21.0.2 (703 bytes) @ 0x00000001228164fc [0x0000000122815680+0x0000000000000e7c]
J 4033 c1 com.sun.javafx.tk.quantum.GlassViewEventHandler$$Lambda$506+0x0000007001304a68.get()Ljava/lang/Object; javafx.graphics@21.0.2 (8 bytes) @ 0x0000000122813cdc [0x0000000122813a00+0x00000000000002dc]
J 9626 c2 com.sun.javafx.tk.quantum.QuantumToolkit.runWithoutRenderLock(Ljava/util/function/Supplier;)Ljava/lang/Object; javafx.graphics@21.0.2 (49 bytes) @ 0x0000000129ec80f8 [0x0000000129ec7fc0+0x0000000000000138]
J 3935 c1 com.sun.javafx.tk.quantum.GlassViewEventHandler.handleMouseEvent(Lcom/sun/glass/ui/View;JIIIIIIIZZ)V javafx.graphics@21.0.2 (108 bytes) @ 0x00000001227c7020 [0x00000001227c6b80+0x00000000000004a0]
J 3934 c1 com.sun.glass.ui.View.handleMouseEvent(JIIIIIIIZZ)V javafx.graphics@21.0.2 (34 bytes) @ 0x00000001227c670c [0x00000001227c6540+0x00000000000001cc]
J 3931 c1 com.sun.glass.ui.View.notifyMouse(IIIIIIIZZ)V javafx.graphics@21.0.2 (221 bytes) @ 0x00000001227c42bc [0x00000001227c3580+0x0000000000000d3c]
J 3930 c1 com.sun.glass.ui.mac.MacView.notifyMouse(IIIIIIIZZ)V javafx.graphics@21.0.2 (100 bytes) @ 0x00000001227c2ccc [0x00000001227c2940+0x000000000000038c]
v  ~StubRoutines::call_stub

siginfo: si_signo: 11 (SIGSEGV), si_code: 2 (SEGV_ACCERR), si_addr: 0x0000000000000198

Registers:
 x0=0x0000000324ba3e20  x1=0x000000006c6f6361  x2=0x0000000000000000  x3=0x000000000000002e
 x4=0x0000000000000000  x5=0x000000016d6eb168  x6=0x0000000121a24a00  x7=0x0000000000000003
 x8=0x0000000000000000  x9=0x0000000121a24d38 x10=0x0000000000000009 x11=0x000000000000002e
x12=0x0000000000000009 x13=0x00000001027a4000 x14=0x0000000000000009 x15=0x00000005e381d118
x16=0x000000019fcab2d4 x17=0x00000005e381d1d0 x18=0x0000000000000000 x19=0x0000000000000000
x20=0x0000000121a24cb0 x21=0x0000000324ba3e20 x22=0x000000013364624f x23=0x000000000000002e
x24=0x0000000000000000 x25=0x00000005e3d3cdc8 x26=0x0000000133d75940 x27=0x00000005c0800000
x28=0x0000000121a24a00  fp=0x000000016d6eb0d0  lr=0x0000000157f7647c  sp=0x000000016d6eb0b0
pc=0x000000019fcab2f8 cpsr=0x0000000020001000

Register to memory mapping:

 x0=0x0000000324ba3e20 points into unknown readable memory: 0x0000000000000000 | 00 00 00 00 00 00 00 00
 x1=0x000000006c6f6361 is an unknown value
 x2=0x0 is NULL
 x3=0x000000000000002e is an unknown value
 x4=0x0 is NULL
 x5=0x000000016d6eb168 is pointing into the stack for thread: 0x0000000121a24a00
 x6=0x0000000121a24a00 is a thread
 x7=0x0000000000000003 is an unknown value
 x8=0x0 is NULL
 x9=0x0000000121a24d38 points into unknown readable memory: 0x0000000000000004 | 04 00 00 00 00 00 00 00
x10=0x0000000000000009 is an unknown value
x11=0x000000000000002e is an unknown value
x12=0x0000000000000009 is an unknown value
x13=0x00000001027a4000 points into unknown readable memory: 0x0000000000000000 | 00 00 00 00 00 00 00 00
x14=0x0000000000000009 is an unknown value
x15=0x00000005e381d118 is an oop: [I 
{0x00000005e381d118} - klass: {type array int}
 - length: 3706
x16=0x000000019fcab2d4: CTFontCopyTable+0 in /System/Library/Frameworks/CoreText.framework/Versions/A/CoreText at 0x000000019fca1000
x17=0x00000005e381d1d0 is pointing into object: [I 
{0x00000005e381d118} - klass: {type array int}
 - length: 3706
x18=0x0 is NULL
x19=0x0 is NULL
x20=0x0000000121a24cb0 points into unknown readable memory: 0x000000010b752b18 | 18 2b 75 0b 01 00 00 00
x21=0x0000000324ba3e20 points into unknown readable memory: 0x0000000000000000 | 00 00 00 00 00 00 00 00
x22=0x000000013364624f is pointing into metadata
x23=0x000000000000002e is an unknown value
x24=0x0 is NULL
x25=0x00000005e3d3cdc8 is an oop: java.util.HashMap 
{0x00000005e3d3cdc8} - klass: 'java/util/HashMap'
 - ---- fields (total size 6 words):
 - transient 'keySet' 'Ljava/util/Set;' @12  NULL (0)
 - transient 'values' 'Ljava/util/Collection;' @16  NULL (0)
 - transient 'size' 'I' @20  0
 - transient 'modCount' 'I' @24  0
 - 'threshold' 'I' @28  0
 - final 'loadFactor' 'F' @32  0.750000 (3f400000)
 - transient 'table' '[Ljava/util/HashMap$Node;' @36  NULL (0)
 - transient 'entrySet' 'Ljava/util/Set;' @40  NULL (0)
x26=0x0000000133d75940 is pointing into metadata
x27=0x00000005c0800000 is an oop: com.sun.javafx.font.LogicalFont 
{0x00000005c0800000} - klass: 'com/sun/javafx/font/LogicalFont'
 - ---- fields (total size 9 words):
 - private 'hash' 'I' @12  0
 - 'isBold' 'Z' @16  false
 - 'isItalic' 'Z' @17  false
 - private 'fullName' 'Ljava/lang/String;' @20  "System Regular"{0x00000005c0801158} (b810022b)
 - private 'familyName' 'Ljava/lang/String;' @24  "System"{0x00000005c15c0348} (b82b8069)
 - private 'styleName' 'Ljava/lang/String;' @28  "Regular"{0x00000005c090f388} (b8121e71)
 - private 'physicalFamily' 'Ljava/lang/String;' @32  ".AppleSystemUIFont"{0x00000005c08c8e30} (b81191c6)
 - private 'physicalFullName' 'Ljava/lang/String;' @36  NULL (0)
 - private 'physicalFileName' 'Ljava/lang/String;' @40  NULL (0)
 - private 'slot0FontResource' 'Lcom/sun/javafx/font/FontResource;' @44  a 'com/sun/javafx/font/coretext/CTFontFile'{0x00000005c0801298} (b8100253)
 - private volatile 'linkedFontNames' '[Ljava/lang/String;' @48  a 'java/lang/String'[34] {0x00000005c0af5ed0} (b815ebda)
 - private volatile 'linkedFontFiles' '[Ljava/lang/String;' @52  a 'java/lang/String'[34] {0x00000005c0af6518} (b815eca3)
 - private volatile 'fallbacks' '[Lcom/sun/javafx/font/FontResource;' @56  a 'com/sun/javafx/font/FontResource'[34] {0x00000005c0be5408} (b817ca81)
 - private volatile 'nativeFallbacks' '[Lcom/sun/javafx/font/FontResource;' @60  a 'com/sun/javafx/font/FontResource'[1] {0x00000005df82b398} (bbf05673)
 - 'mapper' 'Lcom/sun/javafx/font/CompositeGlyphMapper;' @64  a 'com/sun/javafx/font/CompositeGlyphMapper'{0x00000005c0ca4750} (b81948ea)
 - 'strikeMap' 'Ljava/util/Map;' @68  a 'java/util/concurrent/ConcurrentHashMap'{0x00000005c0ca4ad8} (b819495b)
x28=0x0000000121a24a00 is a thread


Top of Stack: (sp=0x000000016d6eb0b0)
0x000000016d6eb0b0:   000000016d6eb160 0000000133d75940
0x000000016d6eb0c0:   0000000121a24cb0 000000016d6eb168
0x000000016d6eb0d0:   000000016d6eb140 0000000157f7647c
0x000000016d6eb0e0:   0000000000000000 000000016d6eb170
0x000000016d6eb0f0:   00000005c10d3650 2f70322fc3110061
0x000000016d6eb100:   0000000133d75940 00000005e3d3cdc8
0x000000016d6eb110:   000000016d6eb160 0000000000000000
0x000000016d6eb120:   000000013364624f 000000010b797f90
0x000000016d6eb130:   000000016d6eb170 00000005c10d3650
0x000000016d6eb140:   000000016d6eb1a0 0000000129da4354
0x000000016d6eb150:   000000000b2fd958 00000005e3800000
0x000000016d6eb160:   00000005c10d3650 00000005df8000a8
0x000000016d6eb170:   000000070000002e 0000000129c100ec
0x000000016d6eb180:   00000005c10d3650 00000005e3d3cdf8
0x000000016d6eb190:   00000005c0ee2430 00000005c1330208
0x000000016d6eb1a0:   00000007ff86ccc8 00000001225f1270
0x000000016d6eb1b0:   0000000000000002 000000016d6eb260
0x000000016d6eb1c0:   000000012957b91c 000000012957b810
0x000000016d6eb1d0:   0000000100000000 000000016d6eb260
0x000000016d6eb1e0:   000000016d6eb260 0000000121a24a00
0x000000016d6eb1f0:   000000011fb881f0 000000011fb88230
0x000000016d6eb200:   000000011fb88270 000000011fb88318
0x000000016d6eb210:   00000000000000d8 000000016d6ec8b8
0x000000016d6eb220:   00000005c10d3650 000000000000002e
0x000000016d6eb230:   0000000324ba3e20 00000005df8000a8
0x000000016d6eb240:   00000005c0800000 000000016d6eb360
0x000000016d6eb250:   000000016d6eb260 000000012957b948
0x000000016d6eb260:   000000016d6eb300 000000012954e3c0
0x000000016d6eb270:   0000000133e8f620 00000005c08c79f0
0x000000016d6eb280:   00000007ff86ccc8 0000000129fa34b0
0x000000016d6eb290:   00000005df8000c8 419000000000002e
0x000000016d6eb2a0:   00000005c10d3650 00000007ff86cd80 

Instructions: (pc=0x000000019fcab2f8)
0x000000019fcab1f8:   a0 fe ff 54 1f 01 50 71 60 fe ff 54 00 00 80 52
0x000000019fcab208:   c0 03 5f d6 00 00 80 52 c0 03 5f d6 20 40 60 1e
0x000000019fcab218:   c0 03 5f d6 c0 01 00 b4 7f 23 03 d5 fd 7b bf a9
0x000000019fcab228:   fd 03 00 91 00 14 40 f9 08 38 40 b9 68 00 00 34
0x000000019fcab238:   00 e0 00 91 02 00 00 14 1b fd ff 97 00 08 40 fd
0x000000019fcab248:   fd 7b c1 a8 ff 23 03 d5 c0 03 5f d6 00 e4 00 2f
0x000000019fcab258:   c0 03 5f d6 c0 01 00 b4 7f 23 03 d5 fd 7b bf a9
0x000000019fcab268:   fd 03 00 91 00 14 40 f9 08 38 40 b9 68 00 00 34
0x000000019fcab278:   00 e0 00 91 02 00 00 14 0b fd ff 97 00 0c 40 fd
0x000000019fcab288:   fd 7b c1 a8 ff 23 03 d5 c0 03 5f d6 00 e4 00 2f
0x000000019fcab298:   c0 03 5f d6 20 01 00 b4 7f 23 03 d5 fd 7b bf a9
0x000000019fcab2a8:   fd 03 00 91 00 14 40 f9 12 bc 01 94 fd 7b c1 a8
0x000000019fcab2b8:   ff 23 03 d5 c0 03 5f d6 c8 80 32 d0 08 61 43 f9
0x000000019fcab2c8:   00 05 40 6d 02 0d 41 6d c0 03 5f d6 7f 23 03 d5
0x000000019fcab2d8:   ff c3 00 d1 f4 4f 01 a9 fd 7b 02 a9 fd 83 00 91
0x000000019fcab2e8:   13 00 80 d2 c0 03 00 b4 a1 03 00 34 08 14 40 f9
0x000000019fcab2f8:   00 cd 40 f9 10 00 40 f9 f1 03 00 aa b1 27 f6 f2
0x000000019fcab308:   30 1a c1 da 11 3d 80 d2 10 02 11 8b 09 02 40 f9
0x000000019fcab318:   ea 03 10 aa f3 23 00 91 e8 23 00 91 f1 03 0a aa
0x000000019fcab328:   f1 c0 ec f2 31 09 3f d7 73 82 ff f8 e0 07 40 f9
0x000000019fcab338:   69 b2 05 94 53 01 00 b4 40 5b 36 b0 00 80 13 91
0x000000019fcab348:   88 0b 00 90 00 dd 46 fd 01 00 80 12 62 b0 05 94
0x000000019fcab358:   60 00 00 34 e0 03 13 aa 3b ab 05 94 e0 03 13 aa
0x000000019fcab368:   fd 7b 42 a9 f4 4f 41 a9 ff c3 00 91 ff 0f 5f d6
0x000000019fcab378:   e8 03 00 aa 00 00 80 52 68 04 00 b4 41 04 00 b4
0x000000019fcab388:   22 04 00 b4 7f 23 03 d5 f4 4f be a9 fd 7b 01 a9
0x000000019fcab398:   fd 43 00 91 f3 03 03 aa 08 15 40 f9 00 cd 40 f9
0x000000019fcab3a8:   00 02 00 b4 10 00 40 f9 f1 03 00 aa b1 27 f6 f2
0x000000019fcab3b8:   30 1a c1 da 11 57 80 d2 10 02 11 8b 08 02 40 f9
0x000000019fcab3c8:   e9 03 10 aa e3 03 13 aa f1 03 09 aa d1 9e e3 f2
0x000000019fcab3d8:   11 09 3f d7 1f 00 13 eb e0 17 9f 1a 07 00 00 14
0x000000019fcab3e8:   7f 06 00 f1 8b 00 00 54 61 fa 7f d3 e0 03 02 aa 


Stack slot to memory mapping:
stack at sp + 0 slots: 0x000000016d6eb160 is pointing into the stack for thread: 0x0000000121a24a00
stack at sp + 1 slots: 0x0000000133d75940 is pointing into metadata
stack at sp + 2 slots: 0x0000000121a24cb0 points into unknown readable memory: 0x000000010b752b18 | 18 2b 75 0b 01 00 00 00
stack at sp + 3 slots: 0x000000016d6eb168 is pointing into the stack for thread: 0x0000000121a24a00
stack at sp + 4 slots: 0x000000016d6eb140 is pointing into the stack for thread: 0x0000000121a24a00
stack at sp + 5 slots: 0x0000000157f7647c: Java_com_sun_javafx_font_coretext_OS_CTFontGetBoundingRectForGlyphUsingTables+0x54 in /Users/aziz/.openjfx/cache/21.0.2+5/aarch64/libjavafx_font.dylib at 0x0000000157f70000
stack at sp + 6 slots: 0x0 is NULL
stack at sp + 7 slots: 0x000000016d6eb170 is pointing into the stack for thread: 0x0000000121a24a00


Compiled method (n/a)  260170 5540     n 0       com.sun.javafx.font.coretext.OS::CTFontGetBoundingRectForGlyphUsingTables (native)
 total in heap  [0x0000000129da4110,0x0000000129da4498] = 904
 relocation     [0x0000000129da4268,0x0000000129da4298] = 48
 main code      [0x0000000129da42c0,0x0000000129da4480] = 448
 oops           [0x0000000129da4480,0x0000000129da4490] = 16
 metadata       [0x0000000129da4490,0x0000000129da4498] = 8

[Constant Pool (empty)]

[MachCode]
[Entry Point]
  # {method} {0x0000000133e93018} 'CTFontGetBoundingRectForGlyphUsingTables' '(JSS[I)Z' in 'com/sun/javafx/font/coretext/OS'
  # parm0:    c_rarg1:c_rarg1 
                        = long
  # parm1:    c_rarg2   = short
  # parm2:    c_rarg3   = short
  # parm3:    c_rarg4:c_rarg4 
                        = '[I'
  #           [sp+0x60]  (sp of caller)
  0x0000000129da42c0: 2808 40b9 | 3f01 086b | 4000 0054 

  0x0000000129da42cc: ;   {runtime_call ic_miss_stub}
  0x0000000129da42cc: 4d42 df17 
[Verified Entry Point]
  0x0000000129da42d0: 1f20 03d5 | e953 40d1 | 3f01 00f9 | fd7b bfa9 | fd03 0091 | ff43 01d1 | e40f 00f9 | 9f00 1feb 
  0x0000000129da42f0: e563 0091 | e503 859a | 647c 4093 | 437c 4093 | e203 01aa 

  0x0000000129da4304: ;   {oop(a 'java/lang/Class'{0x00000005c0ee2430} = 'com/sun/javafx/font/coretext/OS')}
  0x0000000129da4304: 0186 84d2 | c11d b8f2 | a100 c0f2 | e123 00f9 | e103 0191 | e801 0010 | 884f 01f9 | e803 0091 
  0x0000000129da4324: 884b 01f9 

  0x0000000129da4328: ;   {external_word}
  0x0000000129da4328: e8ce f0f0 | 08c9 5339 | c806 0035 | 80c3 0a91 | e803 7eb2 | 89e3 0c91 | 28fd 9f88 

  0x0000000129da4344: ;   {runtime_call Java_com_sun_javafx_font_coretext_OS_CTFontGetBoundingRectForGlyphUsingTables}
  0x0000000129da4344: 0885 8cd2 | e8fe aaf2 | 2800 c0f2 | 0001 3fd6 | 1f1c 40f2 | e007 9f9a | a800 80d2 | 883b 03b9 
  0x0000000129da4364: bf3b 03d5 | 8803 0d91 | 08fd dfc8 | bf03 08eb | a803 0054 | 882b 43b9 | 6803 0035 | e803 7db2 
  0x0000000129da4384: 89e3 0c91 | 28fd 9f88 | 88a3 4e39 | 1f09 0071 | c001 0054 

  0x0000000129da4398: ;   {external_word}
  0x0000000129da4398: e8ce f0f0 | 08c9 5339 | 6805 0035 | 9f4b 01f9 | 9f4f 01f9 | 826f 40f9 | 5f80 00f9 | bf03 0091 
  0x0000000129da43b8: fd7b c1a8 | 8807 40f9 | 4800 00b5 | c003 5fd6 

  0x0000000129da43c8: ;   {runtime_call StubRoutines (1)}
  0x0000000129da43c8: 2e3f de17 | a083 1ff8 

  0x0000000129da43d0: ;   {runtime_call SharedRuntime::reguard_yellow_pages()}
  0x0000000129da43d0: 88e0 80d2 | 2868 a1f2 | 2800 c0f2 | 0001 3fd6 | a083 5ff8 | edff ff17 | a083 1ff8 | e003 1caa 
  0x0000000129da43f0: ;   {runtime_call JavaThread::check_special_condition_for_native_trans(JavaThread*)}
  0x0000000129da43f0: 0818 94d2 | 086a a1f2 | 2800 c0f2 | 0001 3fd6 | a083 5ff8 | dfff ff17 | e10b bda9 | e313 01a9 
  0x0000000129da4410: e57f 02a9 

  0x0000000129da4414: ;   {metadata({method} {0x0000000133e93018} 'CTFontGetBoundingRectForGlyphUsingTables' '(JSS[I)Z' in 'com/sun/javafx/font/coretext/OS')}
  0x0000000129da4414: 0103 86d2 | 217d a6f2 | 2100 c0f2 | e003 1caa | e833 bfa9 | 8824 9dd2 | 0868 a1f2 | 2800 c0f2 
  0x0000000129da4434: 0001 3fd6 | e833 c1a8 | e313 41a9 | e57f 42a9 | e10b c3a8 | bbff ff17 | a083 1ff8 

  0x0000000129da4450: ;   {metadata({method} {0x0000000133e93018} 'CTFontGetBoundingRectForGlyphUsingTables' '(JSS[I)Z' in 'com/sun/javafx/font/coretext/OS')}
  0x0000000129da4450: 0103 86d2 | 217d a6f2 | 2100 c0f2 | e003 1caa | e833 bfa9 | 8833 9dd2 | 0868 a1f2 | 2800 c0f2 
  0x0000000129da4470: 0001 3fd6 | e833 c1a8 | a083 5ff8 | caff ff17 
[/MachCode]


Compiled method (c1)  260172 8243       3       com.sun.javafx.font.coretext.CTFontFile::createGlyphBoundingBox (333 bytes)
 total in heap  [0x00000001225f0590,0x00000001225f2470] = 7904
 relocation     [0x00000001225f06e8,0x00000001225f0948] = 608
 main code      [0x00000001225f0980,0x00000001225f19c0] = 4160
 stub code      [0x00000001225f19c0,0x00000001225f1d08] = 840
 oops           [0x00000001225f1d08,0x00000001225f1d18] = 16
 metadata       [0x00000001225f1d18,0x00000001225f1e08] = 240
 scopes data    [0x00000001225f1e08,0x00000001225f2148] = 832
 scopes pcs     [0x00000001225f2148,0x00000001225f23e8] = 672
 dependencies   [0x00000001225f23e8,0x00000001225f23f0] = 8
 nul chk table  [0x00000001225f23f0,0x00000001225f2470] = 128

[Constant Pool (empty)]

[MachCode]
[Entry Point]
  # {method} {0x0000000133647d08} 'createGlyphBoundingBox' '(I)[I' in 'com/sun/javafx/font/coretext/CTFontFile'
  # this:     c_rarg1:c_rarg1 
                        = 'com/sun/javafx/font/coretext/CTFontFile'
  # parm0:    c_rarg2   = int
  #           [sp+0xe0]  (sp of caller)
  0x00000001225f0980: 2808 40b9 | 3f01 086b | c001 0054 

  0x00000001225f098c: ;   {runtime_call ic_miss_stub}
  0x00000001225f098c: 9d10 be15 | 1f20 03d5 | 1f20 03d5 | 1f20 03d5 | 1f20 03d5 | 1f20 03d5 | 1f20 03d5 | 1f20 03d5 
  0x00000001225f09ac: 1f20 03d5 | 1f20 03d5 | 1f20 03d5 | 1f20 03d5 | 1f20 03d5 
[Verified Entry Point]
  0x00000001225f09c0: 1f20 03d5 | e953 40d1 | 3f01 00f9 | ff83 03d1 | fd7b 0da9 | e13b 00f9 | e27b 00b9 

  0x00000001225f09dc: ;   {metadata(method data for {method} {0x0000000133647d08} 'createGlyphBoundingBox' '(I)[I' in 'com/sun/javafx/font/coretext/CTFontFile')}
  0x00000001225f09dc: 0334 99d2 | 8381 a6f2 | 2300 c0f2 | 60ac 40b9 | 0008 0011 | 60ac 00b9 | 0024 1f12 | 1f00 0071 
  0x00000001225f09fc: 6071 0054 | e303 01aa 

  0x00000001225f0a04: ;   {metadata(method data for {method} {0x0000000133647d08} 'createGlyphBoundingBox' '(I)[I' in 'com/sun/javafx/font/coretext/CTFontFile')}
  0x00000001225f0a04: 0034 99d2 | 8081 a6f2 | 2000 c0f2 | 6308 40b9 | 6308 5cd2 | 0900 0491 | 2801 40f9 | 7f00 08eb 
  0x00000001225f0a24: a100 0054 | 0884 40f9 | 0805 0091 | 0884 00f9 | 1c00 0014 | 0940 0491 | 2801 40f9 | 7f00 08eb 
  0x00000001225f0a44: a100 0054 | 088c 40f9 | 0805 0091 | 088c 00f9 | 1400 0014 | 0900 0491 | 2801 40f9 | c800 00b5 
  0x00000001225f0a64: 2301 00f9 | e803 40b2 | 0920 0491 | 2801 00f9 | 0c00 0014 | 0940 0491 | 2801 40f9 | c800 00b5 
  0x00000001225f0a84: 2301 00f9 | e803 40b2 | 0960 0491 | 2801 00f9 | 0400 0014 | 0878 40f9 | 0805 0091 | 0878 00f9 
  0x00000001225f0aa4: ;   {metadata(method data for {method} {0x0000000133645490} 'getStrike' '(FLcom/sun/javafx/geom/transform/BaseTransform;)Lcom/sun/javafx/font/FontStrike;' in 'com/sun/javafx/font/PrismFontFile')}
  0x00000001225f0aa4: 0399 86d2 | 639d a6f2 | 2300 c0f2 | 60ac 40b9 | 0008 0011 | 60ac 00b9 | 004c 1f12 | 1f00 0071 
  0x00000001225f0ac4: 206c 0054 | e303 01aa 

  0x00000001225f0acc: ;   {metadata(method data for {method} {0x0000000133645490} 'getStrike' '(FLcom/sun/javafx/geom/transform/BaseTransform;)Lcom/sun/javafx/font/FontStrike;' in 'com/sun/javafx/font/PrismFontFile')}
  0x00000001225f0acc: 0099 86d2 | 609d a6f2 | 2000 c0f2 | 6308 40b9 | 6308 5cd2 | 0900 0491 | 2801 40f9 | 7f00 08eb 
  0x00000001225f0aec: a100 0054 | 0884 40f9 | 0805 0091 | 0884 00f9 | 1c00 0014 | 0940 0491 | 2801 40f9 | 7f00 08eb 
  0x00000001225f0b0c: a100 0054 | 088c 40f9 | 0805 0091 | 088c 00f9 | 1400 0014 | 0900 0491 | 2801 40f9 | c800 00b5 
  0x00000001225f0b2c: 2301 00f9 | e803 40b2 | 0920 0491 | 2801 00f9 | 0c00 0014 | 0940 0491 | 2801 40f9 | c800 00b5 
  0x00000001225f0b4c: 2301 00f9 | e803 40b2 | 0960 0491 | 2801 00f9 | 0400 0014 | 0878 40f9 | 0805 0091 | 0878 00f9 
  0x00000001225f0b6c: ;   {metadata(method data for {method} {0x00000001336425d0} 'getDefaultAAMode' '()I' in 'com/sun/javafx/font/PrismFontFile')}
  0x00000001225f0b6c: 03cf 86d2 | 639d a6f2 | 2300 c0f2 | 60ac 40b9 | 0008 0011 | 60ac 00b9 | 004c 1f12 | 1f00 0071 
  0x00000001225f0b8c: e066 0054 | e303 01aa 

  0x00000001225f0b94: ;   {metadata(method data for {method} {0x0000000133645490} 'getStrike' '(FLcom/sun/javafx/geom/transform/BaseTransform;)Lcom/sun/javafx/font/FontStrike;' in 'com/sun/javafx/font/PrismFontFile')}
  0x00000001225f0b94: 0099 86d2 | 609d a6f2 | 2000 c0f2 | 6308 40b9 | 6308 5cd2 | 09e0 0491 | 2801 40f9 | 7f00 08eb 
  0x00000001225f0bb4: a100 0054 | 08a0 40f9 | 0805 0091 | 08a0 00f9 | 1c00 0014 | 0920 0591 | 2801 40f9 | 7f00 08eb 
  0x00000001225f0bd4: a100 0054 | 08a8 40f9 | 0805 0091 | 08a8 00f9 | 1400 0014 | 09e0 0491 | 2801 40f9 | c800 00b5 
  0x00000001225f0bf4: 2301 00f9 | e803 40b2 | 0900 0591 | 2801 00f9 | 0c00 0014 | 0920 0591 | 2801 40f9 | c800 00b5 
  0x00000001225f0c14: 2301 00f9 | e803 40b2 | 0940 0591 | 2801 00f9 | 0400 0014 | 0894 40f9 | 0805 0091 | 0894 00f9 
  0x00000001225f0c34: 0010 251e 

  0x00000001225f0c38: ;   {oop(a 'com/sun/javafx/geom/transform/Identity'{0x00000005c1330208})}
  0x00000001225f0c38: 0241 80d2 | 6226 b8f2 | a200 c0f2 | 0300 a052 | e403 01aa | e103 04aa 

  0x00000001225f0c50: ; ImmutableOopMap {[112]=Oop }
                      ;*invokevirtual getStrike {reexecute=0 rethrow=0 return_oop=0}
                      ; - com.sun.javafx.font.PrismFontFile::getStrike@7 (line 1184)
                      ; - com.sun.javafx.font.coretext.CTFontFile::createGlyphBoundingBox@8 (line 187)
                      ;   {optimized virtual_call}
  0x00000001225f0c50: 5c03 0094 | 0001 00b5 

  0x00000001225f0c58: ;   {metadata(method data for {method} {0x0000000133647d08} 'createGlyphBoundingBox' '(I)[I' in 'com/sun/javafx/font/coretext/CTFontFile')}
  0x00000001225f0c58: 0a34 99d2 | 8a81 a6f2 | 2a00 c0f2 | 4885 4439 | 0801 40b2 | 4885 0439 | 3600 0014 

  0x00000001225f0c74: ;   {metadata('com/sun/javafx/font/coretext/CTFontStrike')}
  0x00000001225f0c74: 05ed 88d2 | 2524 a0f2 | 050e c0f2 | 0808 40b9 | 0809 5cd2 | 1f01 05eb | e104 0054 

  0x00000001225f0c90: ;   {metadata(method data for {method} {0x0000000133647d08} 'createGlyphBoundingBox' '(I)[I' in 'com/sun/javafx/font/coretext/CTFontFile')}
  0x00000001225f0c90: 0a34 99d2 | 8a81 a6f2 | 2a00 c0f2 | 0508 40b9 | a508 5cd2 | 49e1 0491 | 2801 40f9 | bf00 08eb 
  0x00000001225f0cb0: a100 0054 | 48a1 40f9 | 0805 0091 | 48a1 00f9 | 2200 0014 | 4921 0591 | 2801 40f9 | bf00 08eb 
  0x00000001225f0cd0: a100 0054 | 48a9 40f9 | 0805 0091 | 48a9 00f9 | 1a00 0014 | 49e1 0491 | 2801 40f9 | c800 00b5 
  0x00000001225f0cf0: 2501 00f9 | e803 40b2 | 4901 0591 | 2801 00f9 | 1200 0014 | 4921 0591 | 2801 40f9 | c800 00b5 
  0x00000001225f0d10: 2501 00f9 | e803 40b2 | 4941 0591 | 2801 00f9 | 0a00 0014 | 0900 0014 

  0x00000001225f0d28: ;   {metadata(method data for {method} {0x0000000133647d08} 'createGlyphBoundingBox' '(I)[I' in 'com/sun/javafx/font/coretext/CTFontFile')}
  0x00000001225f0d28: 0a34 99d2 | 8a81 a6f2 | 2a00 c0f2 | 4895 40f9 | 0805 00d1 | 4895 00f9 | d202 0014 | 0100 0014 
  0x00000001225f0d48: e303 00aa 

  0x00000001225f0d4c: ; implicit exception: dispatches to 0x00000001225f1890
  0x00000001225f0d4c: 7f00 40f9 | e003 03aa 

  0x00000001225f0d54: ;   {metadata(method data for {method} {0x0000000133647d08} 'createGlyphBoundingBox' '(I)[I' in 'com/sun/javafx/font/coretext/CTFontFile')}
  0x00000001225f0d54: 0534 99d2 | 8581 a6f2 | 2500 c0f2 | a8bc 40f9 | 0805 0091 | a8bc 00f9 | 621c 40f9 | e303 02aa 
  0x00000001225f0d74: 7f00 00f1 

  0x00000001225f0d78: ;   {metadata(method data for {method} {0x0000000133647d08} 'createGlyphBoundingBox' '(I)[I' in 'com/sun/javafx/font/coretext/CTFontFile')}
  0x00000001225f0d78: 0334 99d2 | 8381 a6f2 | 2300 c0f2 | 0835 80d2 | 0933 80d2 | 0001 899a | 6568 60f8 | a504 0091 
  0x00000001225f0d98: 6568 20f8 | 8053 0054 | e13b 40f9 | f303 1e32 

  0x00000001225f0da8: ;   {metadata({type array int})}
  0x00000001225f0da8: 0387 8dd2 | 0300 a0f2 | 030e c0f2 | 737e 40d3 | e503 13aa | e85f 40b2 | 7f02 08eb | 8256 0054 
  0x00000001225f0dc8: eb02 80d2 | 6b49 338b | 6bf1 7d92 | 8087 40f9 | 0b60 2b8b | 888f 40f9 | 7f01 08eb | 8855 0054 
  0x00000001225f0de8: 8b87 00f9 | 6b01 00cb | ea03 40b2 | 0a00 00f9 | 6a08 5cd2 | 0a4c 0129 | 6b41 00f1 | c001 0054 
  0x00000001225f0e08: e803 0baa | 0a40 0091 | 0bfd 43d3 | 6821 00f1 | 4300 0054 

  0x00000001225f0e1c: ;   {runtime_call StubRoutines (2)}
  0x00000001225f0e1c: 29ba bd95 | 6b00 1036 | 5f7d 81a8 | 5f7d 81a8 | 4b00 0836 | 5f7d 81a8 | 4b00 0036 | 5f01 00f9 
  0x00000001225f0e3c: bf3a 03d5 | e047 00f9 | e303 01aa 

  0x00000001225f0e48: ;   {metadata(method data for {method} {0x0000000133647d08} 'createGlyphBoundingBox' '(I)[I' in 'com/sun/javafx/font/coretext/CTFontFile')}
  0x00000001225f0e48: 0434 99d2 | 8481 a6f2 | 2400 c0f2 | 6308 40b9 | 6308 5cd2 | 8920 0791 | 2801 40f9 | 7f00 08eb 
  0x00000001225f0e68: a100 0054 | 88e8 40f9 | 0805 0091 | 88e8 00f9 | 1c00 0014 | 8960 0791 | 2801 40f9 | 7f00 08eb 
  0x00000001225f0e88: a100 0054 | 88f0 40f9 | 0805 0091 | 88f0 00f9 | 1400 0014 | 8920 0791 | 2801 40f9 | c800 00b5 
  0x00000001225f0ea8: 2301 00f9 | e803 40b2 | 8940 0791 | 2801 00f9 | 0c00 0014 | 8960 0791 | 2801 40f9 | c800 00b5 
  0x00000001225f0ec8: 2301 00f9 | e803 40b2 | 8980 0791 | 2801 00f9 | 0400 0014 | 88dc 40f9 | 0805 0091 | 88dc 00f9 
  0x00000001225f0ee8: 23e4 4039 | 6300 0012 | 7f00 0071 

  0x00000001225f0ef4: ;   {metadata(method data for {method} {0x0000000133647d08} 'createGlyphBoundingBox' '(I)[I' in 'com/sun/javafx/font/coretext/CTFontFile')}
  0x00000001225f0ef4: 0334 99d2 | 8381 a6f2 | 2300 c0f2 | e813 7cb2 | e903 77b2 | 0411 899a | 6568 64f8 | a504 0091 
  0x00000001225f0f14: 6568 24f8 | e243 00f9 | 011c 0054 | e303 01aa 

  0x00000001225f0f24: ;   {metadata(method data for {method} {0x0000000133647d08} 'createGlyphBoundingBox' '(I)[I' in 'com/sun/javafx/font/coretext/CTFontFile')}
  0x00000001225f0f24: 0434 99d2 | 8481 a6f2 | 2400 c0f2 | 6308 40b9 | 6308 5cd2 | 8980 0891 | 2801 40f9 | 7f00 08eb 
  0x00000001225f0f44: a100 0054 | 8814 41f9 | 0805 0091 | 8814 01f9 | 1c00 0014 | 89c0 0891 | 2801 40f9 | 7f00 08eb 
  0x00000001225f0f64: a100 0054 | 881c 41f9 | 0805 0091 | 881c 01f9 | 1400 0014 | 8980 0891 | 2801 40f9 | c800 00b5 
  0x00000001225f0f84: 2301 00f9 | e803 40b2 | 89a0 0891 | 2801 00f9 | 0c00 0014 | 89c0 0891 | 2801 40f9 | c800 00b5 
  0x00000001225f0fa4: 2301 00f9 | e803 40b2 | 89e0 0891 | 2801 00f9 | 0400 0014 | 8808 41f9 | 0805 0091 | 8808 01f9 
  0x00000001225f0fc4: ;   {metadata(method data for {method} {0x0000000133645fc8} 'isColorGlyph' '(I)Z' in 'com/sun/javafx/font/PrismFontFile')}
  0x00000001225f0fc4: 036f 94d2 | c37d a6f2 | 2300 c0f2 | 64ac 40b9 | 8408 0011 | 64ac 00b9 | 844c 1f12 | 9f00 0071 
  0x00000001225f0fe4: c045 0054 | e303 01aa 

  0x00000001225f0fec: ;   {metadata(method data for {method} {0x0000000133645fc8} 'isColorGlyph' '(I)Z' in 'com/sun/javafx/font/PrismFontFile')}
  0x00000001225f0fec: 046f 94d2 | c47d a6f2 | 2400 c0f2 | 8878 40f9 | 0805 0091 | 8878 00f9 | e303 01aa | e103 03aa 
  0x00000001225f100c: ; ImmutableOopMap {[112]=Oop [136]=Oop }
                      ;*invokevirtual fontSupportsColorGlyphs {reexecute=0 rethrow=0 return_oop=0}
                      ; - com.sun.javafx.font.PrismFontFile::isColorGlyph@1 (line 1424)
                      ; - com.sun.javafx.font.coretext.CTFontFile::createGlyphBoundingBox@44 (line 204)
                      ;   {optimized virtual_call}
  0x00000001225f100c: f17b d895 | 1f00 0071 

  0x00000001225f1014: ;   {metadata(method data for {method} {0x0000000133645fc8} 'isColorGlyph' '(I)Z' in 'com/sun/javafx/font/PrismFontFile')}
  0x00000001225f1014: 026f 94d2 | c27d a6f2 | 2200 c0f2 | 0825 80d2 | 0927 80d2 | 0111 899a | 4068 61f8 | 0004 0091 
  0x00000001225f1034: 4068 21f8 | 6100 0054 | 0000 a052 | 4800 0014 | e13b 40f9 

  0x00000001225f1048: ;   {metadata(method data for {method} {0x0000000133645fc8} 'isColorGlyph' '(I)Z' in 'com/sun/javafx/font/PrismFontFile')}
  0x00000001225f1048: 026f 94d2 | c27d a6f2 | 2200 c0f2 | 2108 40b9 | 2108 5cd2 | 4960 0591 | 2801 40f9 | 3f00 08eb 
  0x00000001225f1068: a100 0054 | 48b0 40f9 | 0805 0091 | 48b0 00f9 | 1c00 0014 | 49a0 0591 | 2801 40f9 | 3f00 08eb 
  0x00000001225f1088: a100 0054 | 48b8 40f9 | 0805 0091 | 48b8 00f9 | 1400 0014 | 4960 0591 | 2801 40f9 | c800 00b5 
  0x00000001225f10a8: 2101 00f9 | e803 40b2 | 4980 0591 | 2801 00f9 | 0c00 0014 | 49a0 0591 | 2801 40f9 | c800 00b5 
  0x00000001225f10c8: 2101 00f9 | e803 40b2 | 49c0 0591 | 2801 00f9 | 0400 0014 | 48a4 40f9 | 0805 0091 | 48a4 00f9 
  0x00000001225f10e8: 022f 8d52 | 426c ae72 | e13b 40f9 

  0x00000001225f10f4: ; ImmutableOopMap {[112]=Oop [136]=Oop }
                      ;*invokevirtual getDirectoryEntry {reexecute=0 rethrow=0 return_oop=0}
                      ; - com.sun.javafx.font.PrismFontFile::isColorGlyph@13 (line 1427)
                      ; - com.sun.javafx.font.coretext.CTFontFile::createGlyphBoundingBox@44 (line 204)
                      ;   {optimized virtual_call}
  0x00000001225f10f4: f737 db95 | e203 1faa | 1f00 02eb 

  0x00000001225f1100: ;   {metadata(method data for {method} {0x0000000133645fc8} 'isColorGlyph' '(I)Z' in 'com/sun/javafx/font/PrismFontFile')}
  0x00000001225f1100: 026f 94d2 | c27d a6f2 | 2200 c0f2 | e807 79b2 | 0932 80d2 | 0101 899a | 4068 61f8 | 0004 0091 
  0x00000001225f1120: 4068 21f8 | c001 0054 | e13b 40f9 

  0x00000001225f112c: ;   {metadata(method data for {method} {0x0000000133645fc8} 'isColorGlyph' '(I)Z' in 'com/sun/javafx/font/PrismFontFile')}
  0x00000001225f112c: 026f 94d2 | c27d a6f2 | 2200 c0f2 | 48d0 40f9 | 0805 0091 | 48d0 00f9 | e27b 40b9 | e13b 40f9 
  0x00000001225f114c: ; ImmutableOopMap {[112]=Oop [136]=Oop }
                      ;*invokevirtual isSbixGlyph {reexecute=0 rethrow=0 return_oop=0}
                      ; - com.sun.javafx.font.PrismFontFile::isColorGlyph@21 (line 1428)
                      ; - com.sun.javafx.font.coretext.CTFontFile::createGlyphBoundingBox@44 (line 204)
                      ;   {optimized virtual_call}
  0x00000001225f114c: 116f df95 | 0100 0012 | e003 01aa | 0200 0014 | 0000 a052 | 1f00 0071 

  0x00000001225f1164: ;   {metadata(method data for {method} {0x0000000133647d08} 'createGlyphBoundingBox' '(I)[I' in 'com/sun/javafx/font/coretext/CTFontFile')}
  0x00000001225f1164: 0134 99d2 | 8181 a6f2 | 2100 c0f2 | 084b 80d2 | 0949 80d2 | 0211 899a | 2368 62f8 | 6304 0091 
  0x00000001225f1184: 2368 22f8 | 4121 0054 | e27b 40b9 | e13b 40f9 | e303 01aa 

  0x00000001225f1198: ;   {metadata(method data for {method} {0x0000000133647d08} 'createGlyphBoundingBox' '(I)[I' in 'com/sun/javafx/font/coretext/CTFontFile')}
  0x00000001225f1198: 0434 99d2 | 8481 a6f2 | 2400 c0f2 | 6308 40b9 | 6308 5cd2 | 8900 0c91 | 2801 40f9 | 7f00 08eb 
  0x00000001225f11b8: a100 0054 | 8884 41f9 | 0805 0091 | 8884 01f9 | 1c00 0014 | 8940 0c91 | 2801 40f9 | 7f00 08eb 
  0x00000001225f11d8: a100 0054 | 888c 41f9 | 0805 0091 | 888c 01f9 | 1400 0014 | 8900 0c91 | 2801 40f9 | c800 00b5 
  0x00000001225f11f8: 2301 00f9 | e803 40b2 | 8920 0c91 | 2801 00f9 | 0c00 0014 | 8940 0c91 | 2801 40f9 | c800 00b5 
  0x00000001225f1218: 2301 00f9 | e803 40b2 | 8960 0c91 | 2801 00f9 | 0400 0014 | 8878 41f9 | 0805 0091 | 8878 01f9 
  0x00000001225f1238: 2368 8079 | 633c 1053 | 637c 1013 

  0x00000001225f1244: ;   {metadata(method data for {method} {0x0000000133647d08} 'createGlyphBoundingBox' '(I)[I' in 'com/sun/javafx/font/coretext/CTFontFile')}
  0x00000001225f1244: 0434 99d2 | 8481 a6f2 | 2400 c0f2 | 8894 41f9 | 0805 0091 | 8894 01f9 | 443c 4093 | e143 40f9 
  0x00000001225f1264: e203 04aa | e447 40f9 

  0x00000001225f126c: ; ImmutableOopMap {[136]=Oop [112]=Oop }
                      ;*invokestatic CTFontGetBoundingRectForGlyphUsingTables {reexecute=0 rethrow=0 return_oop=0}
                      ; - com.sun.javafx.font.coretext.CTFontFile::createGlyphBoundingBox@183 (line 214)
                      ;   {static_call}
  0x00000001225f126c: 19cc de95 | 1f00 0071 

  0x00000001225f1274: ;   {metadata(method data for {method} {0x0000000133647d08} 'createGlyphBoundingBox' '(I)[I' in 'com/sun/javafx/font/coretext/CTFontFile')}
  0x00000001225f1274: 0134 99d2 | 8181 a6f2 | 2100 c0f2 | 0869 80d2 | 0967 80d2 | 0211 899a | 2368 62f8 | 6304 0091 
  0x00000001225f1294: 2368 22f8 | c117 0054 | e27b 40b9 

  0x00000001225f12a0: ;   {metadata(method data for {method} {0x0000000133647d08} 'createGlyphBoundingBox' '(I)[I' in 'com/sun/javafx/font/coretext/CTFontFile')}
  0x00000001225f12a0: 0134 99d2 | 8181 a6f2 | 2100 c0f2 | 28ac 41f9 | 0805 0091 | 28ac 01f9 | 423c 4093 | e143 40f9 
  0x00000001225f12c0: e303 1faa 

  0x00000001225f12c4: ; ImmutableOopMap {[136]=Oop [112]=Oop }
                      ;*invokestatic CTFontCreatePathForGlyph {reexecute=0 rethrow=0 return_oop=0}
                      ; - com.sun.javafx.font.coretext.CTFontFile::createGlyphBoundingBox@197 (line 220)
                      ;   {static_call}
  0x00000001225f12c4: 8f10 be95 | e103 00aa | 3f00 00f1 

  0x00000001225f12d0: ;   {metadata(method data for {method} {0x0000000133647d08} 'createGlyphBoundingBox' '(I)[I' in 'com/sun/javafx/font/coretext/CTFontFile')}
  0x00000001225f12d0: 0134 99d2 | 8181 a6f2 | 2100 c0f2 | 086d 80d2 | 096f 80d2 | 0211 899a | 2368 62f8 | 6304 0091 
  0x00000001225f12f0: 2368 22f8 | 0101 0054 | e003 1faa | fd7b 4da9 | ff83 0391 

  0x00000001225f1304: ;   {poll_return}
  0x00000001225f1304: 88a3 41f9 | ff63 28eb | 882d 0054 | c003 5fd6 

  0x00000001225f1314: ;   {metadata(method data for {method} {0x0000000133647d08} 'createGlyphBoundingBox' '(I)[I' in 'com/sun/javafx/font/coretext/CTFontFile')}
  0x00000001225f1314: 0334 99d2 | 8381 a6f2 | 2300 c0f2 | 68c4 41f9 | 0805 0091 | 68c4 01f9 | e103 00aa | e04b 00f9 
  0x00000001225f1334: ; ImmutableOopMap {[112]=Oop [136]=Oop }
                      ;*invokestatic CGPathGetPathBoundingBox {reexecute=0 rethrow=0 return_oop=0}
                      ; - com.sun.javafx.font.coretext.CTFontFile::createGlyphBoundingBox@213 (line 222)
                      ;   {static_call}
  0x00000001225f1334: 7310 be95 | e04f 00f9 

  0x00000001225f133c: ;   {metadata(method data for {method} {0x0000000133647d08} 'createGlyphBoundingBox' '(I)[I' in 'com/sun/javafx/font/coretext/CTFontFile')}
  0x00000001225f133c: 0134 99d2 | 8181 a6f2 | 2100 c0f2 | 28cc 41f9 | 0805 0091 | 28cc 01f9 | e14b 40f9 

  0x00000001225f1358: ; ImmutableOopMap {[112]=Oop [136]=Oop [152]=Oop }
                      ;*invokestatic CGPathRelease {reexecute=0 rethrow=0 return_oop=0}
                      ; - com.sun.javafx.font.coretext.CTFontFile::createGlyphBoundingBox@220 (line 223)
                      ;   {static_call}
  0x00000001225f1358: 6a10 be95 | e13b 40f9 

  0x00000001225f1360: ;   {metadata(method data for {method} {0x0000000133647d08} 'createGlyphBoundingBox' '(I)[I' in 'com/sun/javafx/font/coretext/CTFontFile')}
  0x00000001225f1360: 0034 99d2 | 8081 a6f2 | 2000 c0f2 | 2108 40b9 | 2108 5cd2 | 09e0 0e91 | 2801 40f9 | 3f00 08eb 
  0x00000001225f1380: a100 0054 | 08e0 41f9 | 0805 0091 | 08e0 01f9 | 1c00 0014 | 0920 0f91 | 2801 40f9 | 3f00 08eb 
  0x00000001225f13a0: a100 0054 | 08e8 41f9 | 0805 0091 | 08e8 01f9 | 1400 0014 | 09e0 0e91 | 2801 40f9 | c800 00b5 
  0x00000001225f13c0: 2101 00f9 | e803 40b2 | 0900 0f91 | 2801 00f9 | 0c00 0014 | 0920 0f91 | 2801 40f9 | c800 00b5 
  0x00000001225f13e0: 2101 00f9 | e803 40b2 | 0940 0f91 | 2801 00f9 | 0400 0014 | 08d4 41f9 | 0805 0091 | 08d4 01f9 
  0x00000001225f1400: ;   {metadata(method data for {method} {0x00000001336442d0} 'getUnitsPerEm' '()I' in 'com/sun/javafx/font/PrismFontFile')}
  0x00000001225f1400: 0058 9dd2 | 2080 a6f2 | 2000 c0f2 | 01ac 40b9 | 2108 0011 | 01ac 00b9 | 214c 1f12 | 3f00 0071 
  0x00000001225f1420: 4025 0054 | e13b 40f9 | 2020 40bd | 0000 381e | 0000 221e | 0110 251e | 0218 211e | e04f 40f9 
  0x00000001225f1440: ; implicit exception: dispatches to 0x00000001225f18e8
  0x00000001225f1440: 010c 40b9 | 21f0 7dd3 

  0x00000001225f1448: ; implicit exception: dispatches to 0x00000001225f18ec
  0x00000001225f1448: 2008 40fd 

  0x00000001225f144c: ;   {metadata(method data for {method} {0x0000000133647d08} 'createGlyphBoundingBox' '(I)[I' in 'com/sun/javafx/font/coretext/CTFontFile')}
  0x00000001225f144c: 0134 99d2 | 8181 a6f2 | 2100 c0f2 | 28f0 41f9 | 0805 0091 | 28f0 01f9 | 41c0 221e | e157 00fd 
  0x00000001225f146c: 0308 611e | 6040 601e | e27f 00bd 

  0x00000001225f1478: ; ImmutableOopMap {[136]=Oop [152]=Oop }
                      ;*invokestatic round {reexecute=0 rethrow=0 return_oop=0}
                      ; - com.sun.javafx.font.coretext.CTFontFile::createGlyphBoundingBox@247 (line 225)
                      ;   {static_call}
  0x00000001225f1478: 2210 be95 | 007c 40d3 | e147 40f9 | 2010 00b9 | e04f 40f9 | 020c 40b9 | 42f0 7dd3 

  0x00000001225f1494: ; implicit exception: dispatches to 0x00000001225f18f0
  0x00000001225f1494: 400c 40fd 

  0x00000001225f1498: ;   {metadata(method data for {method} {0x0000000133647d08} 'createGlyphBoundingBox' '(I)[I' in 'com/sun/javafx/font/coretext/CTFontFile')}
  0x00000001225f1498: 0234 99d2 | 8281 a6f2 | 2200 c0f2 | 48f8 41f9 | 0805 0091 | 48f8 01f9 | e157 40fd | 0208 611e 
  0x00000001225f14b8: 4040 601e 

  0x00000001225f14bc: ; ImmutableOopMap {[152]=Oop [136]=Oop }
                      ;*invokestatic round {reexecute=0 rethrow=0 return_oop=0}
                      ; - com.sun.javafx.font.coretext.CTFontFile::createGlyphBoundingBox@267 (line 226)
                      ;   {static_call}
  0x00000001225f14bc: 1110 be95 | 007c 40d3 | e147 40f9 | 2014 00b9 | e04f 40f9 | 020c 40b9 | 42f0 7dd3 

  0x00000001225f14d8: ; implicit exception: dispatches to 0x00000001225f18f4
  0x00000001225f14d8: 4008 40fd | 0210 40b9 | 42f0 7dd3 

  0x00000001225f14e4: ; implicit exception: dispatches to 0x00000001225f18f8
  0x00000001225f14e4: 4108 40fd 

  0x00000001225f14e8: ;   {metadata(method data for {method} {0x0000000133647d08} 'createGlyphBoundingBox' '(I)[I' in 'com/sun/javafx/font/coretext/CTFontFile')}
  0x00000001225f14e8: 0234 99d2 | 8281 a6f2 | 2200 c0f2 | 4800 42f9 | 0805 0091 | 4800 02f9 | 0028 611e | e157 40fd 
  0x00000001225f1508: 0208 611e | 4040 601e 

  0x00000001225f1510: ; ImmutableOopMap {[152]=Oop [136]=Oop }
                      ;*invokestatic round {reexecute=0 rethrow=0 return_oop=0}
                      ; - com.sun.javafx.font.coretext.CTFontFile::createGlyphBoundingBox@296 (line 227)
                      ;   {static_call}
  0x00000001225f1510: fc0f be95 | 007c 40d3 | e147 40f9 | 2018 00b9 | e04f 40f9 | 020c 40b9 | 42f0 7dd3 

  0x00000001225f152c: ; implicit exception: dispatches to 0x00000001225f18fc
  0x00000001225f152c: 400c 40fd | 0010 40b9 | 00f0 7dd3 

  0x00000001225f1538: ; implicit exception: dispatches to 0x00000001225f1900
  0x00000001225f1538: 010c 40fd 

  0x00000001225f153c: ;   {metadata(method data for {method} {0x0000000133647d08} 'createGlyphBoundingBox' '(I)[I' in 'com/sun/javafx/font/coretext/CTFontFile')}
  0x00000001225f153c: 0034 99d2 | 8081 a6f2 | 2000 c0f2 | 0808 42f9 | 0805 0091 | 0808 02f9 | 0028 611e | e157 40fd 
  0x00000001225f155c: 0208 611e | 4040 601e 

  0x00000001225f1564: ; ImmutableOopMap {[136]=Oop }
                      ;*invokestatic round {reexecute=0 rethrow=0 return_oop=0}
                      ; - com.sun.javafx.font.coretext.CTFontFile::createGlyphBoundingBox@325 (line 228)
                      ;   {static_call}
  0x00000001225f1564: e70f be95 | 007c 40d3 | e347 40f9 | 601c 00b9 | e003 03aa | fd7b 4da9 | ff83 0391 

  0x00000001225f1580: ;   {poll_return}
  0x00000001225f1580: 88a3 41f9 | ff63 28eb | e81b 0054 | c003 5fd6 | e347 40f9 | e003 03aa | fd7b 4da9 | ff83 0391 
  0x00000001225f15a0: ;   {poll_return}
  0x00000001225f15a0: 88a3 41f9 | ff63 28eb | 481b 0054 | c003 5fd6 | e143 40f9 | e27b 40b9 

  0x00000001225f15b8: ;   {metadata(method data for {method} {0x0000000133647d08} 'createGlyphBoundingBox' '(I)[I' in 'com/sun/javafx/font/coretext/CTFontFile')}
  0x00000001225f15b8: 0434 99d2 | 8481 a6f2 | 2400 c0f2 | 8834 41f9 | 0805 0091 | 8834 01f9 | 423c 4093 

  0x00000001225f15d4: ; ImmutableOopMap {[136]=Oop [112]=Oop }
                      ;*invokestatic CTFontGetBoundingRectForGlyphs {reexecute=0 rethrow=0 return_oop=0}
                      ; - com.sun.javafx.font.coretext.CTFontFile::createGlyphBoundingBox@54 (line 205)
                      ;   {static_call}
  0x00000001225f15d4: 8b01 0094 | e053 00f9 | e13b 40f9 

  0x00000001225f15e0: ;   {metadata(method data for {method} {0x0000000133647d08} 'createGlyphBoundingBox' '(I)[I' in 'com/sun/javafx/font/coretext/CTFontFile')}
  0x00000001225f15e0: 0234 99d2 | 8281 a6f2 | 2200 c0f2 | 2108 40b9 | 2108 5cd2 | 4920 0a91 | 2801 40f9 | 3f00 08eb 
  0x00000001225f1600: a100 0054 | 4848 41f9 | 0805 0091 | 4848 01f9 | 1c00 0014 | 4960 0a91 | 2801 40f9 | 3f00 08eb 
  0x00000001225f1620: a100 0054 | 4850 41f9 | 0805 0091 | 4850 01f9 | 1400 0014 | 4920 0a91 | 2801 40f9 | c800 00b5 
  0x00000001225f1640: 2101 00f9 | e803 40b2 | 4940 0a91 | 2801 00f9 | 0c00 0014 | 4960 0a91 | 2801 40f9 | c800 00b5 
  0x00000001225f1660: 2101 00f9 | e803 40b2 | 4980 0a91 | 2801 00f9 | 0400 0014 | 483c 41f9 | 0805 0091 | 483c 01f9 
  0x00000001225f1680: ;   {metadata(method data for {method} {0x00000001336442d0} 'getUnitsPerEm' '()I' in 'com/sun/javafx/font/PrismFontFile')}
  0x00000001225f1680: 0158 9dd2 | 2180 a6f2 | 2100 c0f2 | 22ac 40b9 | 4208 0011 | 22ac 00b9 | 424c 1f12 | 5f00 0071 
  0x00000001225f16a0: e013 0054 | e13b 40f9 | 2020 40bd | 0100 381e | 2000 221e | 0110 251e | 0218 211e 

  0x00000001225f16bc: ; implicit exception: dispatches to 0x00000001225f193c
  0x00000001225f16bc: 010c 40b9 | 21f0 7dd3 

  0x00000001225f16c4: ; implicit exception: dispatches to 0x00000001225f1940
  0x00000001225f16c4: 2008 40fd 

  0x00000001225f16c8: ;   {metadata(method data for {method} {0x0000000133647d08} 'createGlyphBoundingBox' '(I)[I' in 'com/sun/javafx/font/coretext/CTFontFile')}
  0x00000001225f16c8: 0134 99d2 | 8181 a6f2 | 2100 c0f2 | 2858 41f9 | 0805 0091 | 2858 01f9 | 41c0 221e | e15b 00fd 
  0x00000001225f16e8: 0308 611e | 6040 601e | e2bb 00bd 

  0x00000001225f16f4: ; ImmutableOopMap {[136]=Oop [160]=Oop }
                      ;*invokestatic round {reexecute=0 rethrow=0 return_oop=0}
                      ; - com.sun.javafx.font.coretext.CTFontFile::createGlyphBoundingBox@83 (line 207)
                      ;   {static_call}
  0x00000001225f16f4: c3d7 d895 | 007c 40d3 | e147 40f9 | 2010 00b9 | e053 40f9 | 020c 40b9 | 42f0 7dd3 

  0x00000001225f1710: ; implicit exception: dispatches to 0x00000001225f1944
  0x00000001225f1710: 400c 40fd 

  0x00000001225f1714: ;   {metadata(method data for {method} {0x0000000133647d08} 'createGlyphBoundingBox' '(I)[I' in 'com/sun/javafx/font/coretext/CTFontFile')}
  0x00000001225f1714: 0234 99d2 | 8281 a6f2 | 2200 c0f2 | 4860 41f9 | 0805 0091 | 4860 01f9 | e15b 40fd | 0208 611e 
  0x00000001225f1734: 4040 601e 

  0x00000001225f1738: ; ImmutableOopMap {[160]=Oop [136]=Oop }
                      ;*invokestatic round {reexecute=0 rethrow=0 return_oop=0}
                      ; - com.sun.javafx.font.coretext.CTFontFile::createGlyphBoundingBox@103 (line 208)
                      ;   {static_call}
  0x00000001225f1738: b2d7 d895 | 007c 40d3 | e147 40f9 | 2014 00b9 | e053 40f9 | 020c 40b9 | 42f0 7dd3 

  0x00000001225f1754: ; implicit exception: dispatches to 0x00000001225f1948
  0x00000001225f1754: 4008 40fd | 0210 40b9 | 42f0 7dd3 

  0x00000001225f1760: ; implicit exception: dispatches to 0x00000001225f194c
  0x00000001225f1760: 4108 40fd 

  0x00000001225f1764: ;   {metadata(method data for {method} {0x0000000133647d08} 'createGlyphBoundingBox' '(I)[I' in 'com/sun/javafx/font/coretext/CTFontFile')}
  0x00000001225f1764: 0234 99d2 | 8281 a6f2 | 2200 c0f2 | 4868 41f9 | 0805 0091 | 4868 01f9 | 0028 611e | e15b 40fd 
  0x00000001225f1784: 0208 611e | 4040 601e 

  0x00000001225f178c: ; ImmutableOopMap {[136]=Oop [160]=Oop }
                      ;*invokestatic round {reexecute=0 rethrow=0 return_oop=0}
                      ; - com.sun.javafx.font.coretext.CTFontFile::createGlyphBoundingBox@132 (line 209)
                      ;   {static_call}
  0x00000001225f178c: 9dd7 d895 | 007c 40d3 | e147 40f9 | 2018 00b9 | e053 40f9 | 020c 40b9 | 42f0 7dd3 

  0x00000001225f17a8: ; implicit exception: dispatches to 0x00000001225f1950
  0x00000001225f17a8: 400c 40fd | 0010 40b9 | 00f0 7dd3 

  0x00000001225f17b4: ; implicit exception: dispatches to 0x00000001225f1954
  0x00000001225f17b4: 010c 40fd 

  0x00000001225f17b8: ;   {metadata(method data for {method} {0x0000000133647d08} 'createGlyphBoundingBox' '(I)[I' in 'com/sun/javafx/font/coretext/CTFontFile')}
  0x00000001225f17b8: 0034 99d2 | 8081 a6f2 | 2000 c0f2 | 0870 41f9 | 0805 0091 | 0870 01f9 | 0028 611e | e15b 40fd 
  0x00000001225f17d8: 0208 611e | 4040 601e 

  0x00000001225f17e0: ; ImmutableOopMap {[136]=Oop }
                      ;*invokestatic round {reexecute=0 rethrow=0 return_oop=0}
                      ; - com.sun.javafx.font.coretext.CTFontFile::createGlyphBoundingBox@161 (line 210)
                      ;   {static_call}
  0x00000001225f17e0: 88d7 d895 | 007c 40d3 | e147 40f9 | 201c 00b9 | e003 01aa | fd7b 4da9 | ff83 0391 

  0x00000001225f17fc: ;   {poll_return}
  0x00000001225f17fc: 88a3 41f9 | ff63 28eb | a80a 0054 | c003 5fd6 | e003 1faa | fd7b 4da9 | ff83 0391 

  0x00000001225f1818: ;   {poll_return}
  0x00000001225f1818: 88a3 41f9 | ff63 28eb | 280a 0054 | c003 5fd6 

  0x00000001225f1828: ;   {metadata({method} {0x0000000133647d08} 'createGlyphBoundingBox' '(I)[I' in 'com/sun/javafx/font/coretext/CTFontFile')}
  0x00000001225f1828: 08a1 8fd2 | 886c a6f2 | 2800 c0f2 | e807 00f9 | 0800 8092 | e803 00f9 

  0x00000001225f1840: ; ImmutableOopMap {c_rarg1=Oop [112]=Oop }
                      ;*synchronization entry
                      ; - com.sun.javafx.font.coretext.CTFontFile::createGlyphBoundingBox@-1 (line 186)
                      ;   {runtime_call counter_overflow Runtime1 stub}
  0x00000001225f1840: 10f3 c095 | 6ffc ff17 

  0x00000001225f1848: ;   {metadata({method} {0x0000000133645490} 'getStrike' '(FLcom/sun/javafx/geom/transform/BaseTransform;)Lcom/sun/javafx/font/FontStrike;' in 'com/sun/javafx/font/PrismFontFile')}
  0x00000001225f1848: 0892 8ad2 | 886c a6f2 | 2800 c0f2 | e807 00f9 | 0800 8092 | e803 00f9 

  0x00000001225f1860: ; ImmutableOopMap {c_rarg1=Oop [112]=Oop }
                      ;*synchronization entry
                      ; - com.sun.javafx.font.PrismFontFile::getStrike@-1 (line 1184)
                      ; - com.sun.javafx.font.coretext.CTFontFile::createGlyphBoundingBox@8 (line 187)
                      ;   {runtime_call counter_overflow Runtime1 stub}
  0x00000001225f1860: 08f3 c095 | 99fc ff17 

  0x00000001225f1868: ;   {metadata({method} {0x00000001336425d0} 'getDefaultAAMode' '()I' in 'com/sun/javafx/font/PrismFontFile')}
  0x00000001225f1868: 08ba 84d2 | 886c a6f2 | 2800 c0f2 | e807 00f9 | 0800 8092 | e803 00f9 

  0x00000001225f1880: ; ImmutableOopMap {c_rarg1=Oop [112]=Oop }
                      ;*synchronization entry
                      ; - com.sun.javafx.font.PrismFontFile::getDefaultAAMode@-1 (line 154)
                      ; - com.sun.javafx.font.PrismFontFile::getStrike@4 (line 1184)
                      ; - com.sun.javafx.font.coretext.CTFontFile::createGlyphBoundingBox@8 (line 187)
                      ;   {runtime_call counter_overflow Runtime1 stub}
  0x00000001225f1880: 00f3 c095 | c3fc ff17 | e803 00aa 

  0x00000001225f188c: ; ImmutableOopMap {[112]=Oop }
                      ;*checkcast {reexecute=0 rethrow=0 return_oop=0}
                      ; - com.sun.javafx.font.coretext.CTFontFile::createGlyphBoundingBox@11 (line 187)
                      ;   {runtime_call throw_class_cast_exception Runtime1 stub}
  0x00000001225f188c: 9db0 be95 

  0x00000001225f1890: ; ImmutableOopMap {[112]=Oop c_rarg3=Oop }
                      ;*invokevirtual getFontRef {reexecute=0 rethrow=0 return_oop=0}
                      ; - com.sun.javafx.font.coretext.CTFontFile::createGlyphBoundingBox@16 (line 190)
                      ;   {runtime_call throw_null_pointer_exception Runtime1 stub}
  0x00000001225f1890: 1ca2 be95 

  0x00000001225f1894: ; ImmutableOopMap {c_rarg1=Oop [112]=Oop }
                      ;*newarray {reexecute=0 rethrow=0 return_oop=0}
                      ; - com.sun.javafx.font.coretext.CTFontFile::createGlyphBoundingBox@31 (line 192)
                      ;   {runtime_call new_type_array Runtime1 stub}
  0x00000001225f1894: bb9d be95 | 6afd ff17 

  0x00000001225f189c: ;   {metadata({method} {0x0000000133645fc8} 'isColorGlyph' '(I)Z' in 'com/sun/javafx/font/PrismFontFile')}
  0x00000001225f189c: 08f9 8bd2 | 886c a6f2 | 2800 c0f2 | e807 00f9 | 0800 8092 | e803 00f9 

  0x00000001225f18b4: ; ImmutableOopMap {c_rarg1=Oop [112]=Oop [136]=Oop }
                      ;*synchronization entry
                      ; - com.sun.javafx.font.PrismFontFile::isColorGlyph@-1 (line 1424)
                      ; - com.sun.javafx.font.coretext.CTFontFile::createGlyphBoundingBox@44 (line 204)
                      ;   {runtime_call counter_overflow Runtime1 stub}
  0x00000001225f18b4: f3f2 c095 | ccfd ff17 

  0x00000001225f18bc: ;   {internal_word}
  0x00000001225f18bc: 48d2 ff10 | 88af 01f9 

  0x00000001225f18c4: ;   {runtime_call SafepointBlob}
  0x00000001225f18c4: 4f26 be15 

  0x00000001225f18c8: ;   {metadata({method} {0x00000001336442d0} 'getUnitsPerEm' '()I' in 'com/sun/javafx/font/PrismFontFile')}
  0x00000001225f18c8: 085a 88d2 | 886c a6f2 | 2800 c0f2 | e807 00f9 | 0800 8092 | e803 00f9 

  0x00000001225f18e0: ; ImmutableOopMap {[112]=Oop [136]=Oop [152]=Oop }
                      ;*synchronization entry
                      ; - com.sun.javafx.font.PrismFontFile::getUnitsPerEm@-1 (line 755)
                      ; - com.sun.javafx.font.coretext.CTFontFile::createGlyphBoundingBox@224 (line 224)
                      ;   {runtime_call counter_overflow Runtime1 stub}
  0x00000001225f18e0: e8f2 c095 | d0fe ff17 

  0x00000001225f18e8: ; ImmutableOopMap {[136]=Oop c_rarg0=Oop [152]=Oop }
                      ;*getfield origin {reexecute=1 rethrow=0 return_oop=0}
                      ; - (reexecute) com.sun.javafx.font.coretext.CTFontFile::createGlyphBoundingBox@237 (line 225)
                      ;   {runtime_call throw_null_pointer_exception Runtime1 stub}
  0x00000001225f18e8: 06a2 be95 

  0x00000001225f18ec: ; ImmutableOopMap {[136]=Oop c_rarg0=Oop [152]=Oop }
                      ;*getfield x {reexecute=1 rethrow=0 return_oop=0}
                      ; - (reexecute) com.sun.javafx.font.coretext.CTFontFile::createGlyphBoundingBox@240 (line 225)
                      ;   {runtime_call throw_null_pointer_exception Runtime1 stub}
  0x00000001225f18ec: 05a2 be95 

  0x00000001225f18f0: ; ImmutableOopMap {c_rarg1=Oop [136]=Oop c_rarg0=Oop [152]=Oop }
                      ;*getfield y {reexecute=1 rethrow=0 return_oop=0}
                      ; - (reexecute) com.sun.javafx.font.coretext.CTFontFile::createGlyphBoundingBox@260 (line 226)
                      ;   {runtime_call throw_null_pointer_exception Runtime1 stub}
  0x00000001225f18f0: 04a2 be95 

  0x00000001225f18f4: ; ImmutableOopMap {c_rarg1=Oop [136]=Oop c_rarg0=Oop [152]=Oop }
                      ;*getfield x {reexecute=1 rethrow=0 return_oop=0}
                      ; - (reexecute) com.sun.javafx.font.coretext.CTFontFile::createGlyphBoundingBox@280 (line 227)
                      ;   {runtime_call throw_null_pointer_exception Runtime1 stub}
  0x00000001225f18f4: 03a2 be95 

  0x00000001225f18f8: ; ImmutableOopMap {c_rarg1=Oop [136]=Oop c_rarg0=Oop [152]=Oop }
                      ;*getfield width {reexecute=1 rethrow=0 return_oop=0}
                      ; - (reexecute) com.sun.javafx.font.coretext.CTFontFile::createGlyphBoundingBox@288 (line 227)
                      ;   {runtime_call throw_null_pointer_exception Runtime1 stub}
  0x00000001225f18f8: 02a2 be95 

  0x00000001225f18fc: ; ImmutableOopMap {c_rarg1=Oop [136]=Oop c_rarg0=Oop [152]=Oop }
                      ;*getfield y {reexecute=1 rethrow=0 return_oop=0}
                      ; - (reexecute) com.sun.javafx.font.coretext.CTFontFile::createGlyphBoundingBox@309 (line 228)
                      ;   {runtime_call throw_null_pointer_exception Runtime1 stub}
  0x00000001225f18fc: 01a2 be95 

  0x00000001225f1900: ; ImmutableOopMap {c_rarg1=Oop [136]=Oop }
                      ;*getfield height {reexecute=1 rethrow=0 return_oop=0}
                      ; - (reexecute) com.sun.javafx.font.coretext.CTFontFile::createGlyphBoundingBox@317 (line 228)
                      ;   {runtime_call throw_null_pointer_exception Runtime1 stub}
  0x00000001225f1900: 00a2 be95 

  0x00000001225f1904: ;   {internal_word}
  0x00000001225f1904: e8e3 ff10 | 88af 01f9 

  0x00000001225f190c: ;   {runtime_call SafepointBlob}
  0x00000001225f190c: 3d26 be15 

  0x00000001225f1910: ;   {internal_word}
  0x00000001225f1910: 88e4 ff10 | 88af 01f9 

  0x00000001225f1918: ;   {runtime_call SafepointBlob}
  0x00000001225f1918: 3a26 be15 

  0x00000001225f191c: ;   {metadata({method} {0x00000001336442d0} 'getUnitsPerEm' '()I' in 'com/sun/javafx/font/PrismFontFile')}
  0x00000001225f191c: 085a 88d2 | 886c a6f2 | 2800 c0f2 | e807 00f9 | 0800 8092 | e803 00f9 

  0x00000001225f1934: ; ImmutableOopMap {[136]=Oop [112]=Oop c_rarg0=Oop [160]=Oop }
                      ;*synchronization entry
                      ; - com.sun.javafx.font.PrismFontFile::getUnitsPerEm@-1 (line 755)
                      ; - com.sun.javafx.font.coretext.CTFontFile::createGlyphBoundingBox@60 (line 206)
                      ;   {runtime_call counter_overflow Runtime1 stub}
  0x00000001225f1934: d3f2 c095 | 5bff ff17 

  0x00000001225f193c: ; ImmutableOopMap {[136]=Oop c_rarg0=Oop [160]=Oop }
                      ;*getfield origin {reexecute=1 rethrow=0 return_oop=0}
                      ; - (reexecute) com.sun.javafx.font.coretext.CTFontFile::createGlyphBoundingBox@73 (line 207)
                      ;   {runtime_call throw_null_pointer_exception Runtime1 stub}
  0x00000001225f193c: f1a1 be95 

  0x00000001225f1940: ; ImmutableOopMap {[136]=Oop c_rarg0=Oop [160]=Oop }
                      ;*getfield x {reexecute=1 rethrow=0 return_oop=0}
                      ; - (reexecute) com.sun.javafx.font.coretext.CTFontFile::createGlyphBoundingBox@76 (line 207)
                      ;   {runtime_call throw_null_pointer_exception Runtime1 stub}
  0x00000001225f1940: f0a1 be95 

  0x00000001225f1944: ; ImmutableOopMap {c_rarg1=Oop [136]=Oop c_rarg0=Oop [160]=Oop }
                      ;*getfield y {reexecute=1 rethrow=0 return_oop=0}
                      ; - (reexecute) com.sun.javafx.font.coretext.CTFontFile::createGlyphBoundingBox@96 (line 208)
                      ;   {runtime_call throw_null_pointer_exception Runtime1 stub}
  0x00000001225f1944: efa1 be95 

  0x00000001225f1948: ; ImmutableOopMap {c_rarg1=Oop [136]=Oop c_rarg0=Oop [160]=Oop }
                      ;*getfield x {reexecute=1 rethrow=0 return_oop=0}
                      ; - (reexecute) com.sun.javafx.font.coretext.CTFontFile::createGlyphBoundingBox@116 (line 209)
                      ;   {runtime_call throw_null_pointer_exception Runtime1 stub}
  0x00000001225f1948: eea1 be95 

  0x00000001225f194c: ; ImmutableOopMap {c_rarg1=Oop [136]=Oop c_rarg0=Oop [160]=Oop }
                      ;*getfield width {reexecute=1 rethrow=0 return_oop=0}
                      ; - (reexecute) com.sun.javafx.font.coretext.CTFontFile::createGlyphBoundingBox@124 (line 209)
                      ;   {runtime_call throw_null_pointer_exception Runtime1 stub}
  0x00000001225f194c: eda1 be95 

  0x00000001225f1950: ; ImmutableOopMap {c_rarg1=Oop [136]=Oop c_rarg0=Oop [160]=Oop }
                      ;*getfield y {reexecute=1 rethrow=0 return_oop=0}
                      ; - (reexecute) com.sun.javafx.font.coretext.CTFontFile::createGlyphBoundingBox@145 (line 210)
                      ;   {runtime_call throw_null_pointer_exception Runtime1 stub}
  0x00000001225f1950: eca1 be95 

  0x00000001225f1954: ; ImmutableOopMap {c_rarg1=Oop [136]=Oop }
                      ;*getfield height {reexecute=1 rethrow=0 return_oop=0}
                      ; - (reexecute) com.sun.javafx.font.coretext.CTFontFile::createGlyphBoundingBox@153 (line 210)
                      ;   {runtime_call throw_null_pointer_exception Runtime1 stub}
  0x00000001225f1954: eba1 be95 

  0x00000001225f1958: ;   {internal_word}
  0x00000001225f1958: 28f5 ff10 | 88af 01f9 

  0x00000001225f1960: ;   {runtime_call SafepointBlob}
  0x00000001225f1960: 2826 be15 

  0x00000001225f1964: ;   {internal_word}
  0x00000001225f1964: a8f5 ff10 | 88af 01f9 

  0x00000001225f196c: ;   {runtime_call SafepointBlob}
  0x00000001225f196c: 2526 be15 | 1f20 03d5 | 1f20 03d5 | 80eb 41f9 | 9feb 01f9 | 9fef 01f9 | fd7b 4da9 | ff83 0391 
  0x00000001225f198c: ;   {runtime_call unwind_exception Runtime1 stub}
  0x00000001225f198c: dda9 be15 | 0000 0000 | 0000 0000 | 0000 0000 | 0000 0000 | 0000 0000 | 0000 0000 | 0000 0000 
  0x00000001225f19ac: 0000 0000 | 0000 0000 | 0000 0000 | 0000 0000 | 0000 0000 
[Stub Code]
  0x00000001225f19c0: ;   {no_reloc}
  0x00000001225f19c0: df3f 03d5 

  0x00000001225f19c4: ;   {metadata({method} {0x0000000133643128} 'getStrike' '(FLcom/sun/javafx/geom/transform/BaseTransform;I)Lcom/sun/javafx/font/FontStrike;' in 'com/sun/javafx/font/PrismFontFile')}
  0x00000001225f19c4: 0c25 86d2 | 8c6c a6f2 | 2c00 c0f2 | 8858 80d2 | 082d a5f2 | 2800 c0f2 | 0001 1fd6 

  0x00000001225f19e0: ;   {trampoline_stub}
  0x00000001225f19e0: 4800 0058 | 0001 1fd6 | c019 5f22 | 0100 0000 

  0x00000001225f19f0: ;   {static_stub}
  0x00000001225f19f0: df3f 03d5 

  0x00000001225f19f4: ;   {metadata(NULL)}
  0x00000001225f19f4: 0c00 80d2 | 0c00 a0f2 | 0c00 c0f2 | 0800 80d2 | 0800 a0f2 | 0800 c0f2 | 0001 1fd6 

  0x00000001225f1a10: ;   {trampoline_stub}
  0x00000001225f1a10: 4800 0058 | 0001 1fd6 | d0ff c029 | 0100 0000 

  0x00000001225f1a20: ;   {static_stub}
  0x00000001225f1a20: df3f 03d5 

  0x00000001225f1a24: ;   {metadata(NULL)}
  0x00000001225f1a24: 0c00 80d2 | 0c00 a0f2 | 0c00 c0f2 | 0800 80d2 | 0800 a0f2 | 0800 c0f2 | 0001 1fd6 

  0x00000001225f1a40: ;   {trampoline_stub}
  0x00000001225f1a40: 4800 0058 | 0001 1fd6 | d0f0 cb29 | 0100 0000 

  0x00000001225f1a50: ;   {static_stub}
  0x00000001225f1a50: df3f 03d5 

  0x00000001225f1a54: ;   {metadata(NULL)}
  0x00000001225f1a54: 0c00 80d2 | 0c00 a0f2 | 0c00 c0f2 | 0800 80d2 | 0800 a0f2 | 0800 c0f2 | 0001 1fd6 

  0x00000001225f1a70: ;   {trampoline_stub}
  0x00000001225f1a70: 4800 0058 | 0001 1fd6 | 90cd dc29 | 0100 0000 

  0x00000001225f1a80: ;   {static_stub}
  0x00000001225f1a80: df3f 03d5 

  0x00000001225f1a84: ;   {metadata(NULL)}
  0x00000001225f1a84: 0c00 80d2 | 0c00 a0f2 | 0c00 c0f2 | 0800 80d2 | 0800 a0f2 | 0800 c0f2 | 0001 1fd6 

  0x00000001225f1aa0: ;   {trampoline_stub}
  0x00000001225f1aa0: 4800 0058 | 0001 1fd6 | d042 da29 | 0100 0000 

  0x00000001225f1ab0: ;   {static_stub}
  0x00000001225f1ab0: df3f 03d5 

  0x00000001225f1ab4: ;   {metadata(NULL)}
  0x00000001225f1ab4: 0c00 80d2 | 0c00 a0f2 | 0c00 c0f2 | 0800 80d2 | 0800 a0f2 | 0800 c0f2 | 0001 1fd6 

  0x00000001225f1ad0: ;   {trampoline_stub}
  0x00000001225f1ad0: 4800 0058 | 0001 1fd6 | 0055 5729 | 0100 0000 

  0x00000001225f1ae0: ;   {static_stub}
  0x00000001225f1ae0: df3f 03d5 

  0x00000001225f1ae4: ;   {metadata(NULL)}
  0x00000001225f1ae4: 0c00 80d2 | 0c00 a0f2 | 0c00 c0f2 | 0800 80d2 | 0800 a0f2 | 0800 c0f2 | 0001 1fd6 

  0x00000001225f1b00: ;   {trampoline_stub}
  0x00000001225f1b00: 4800 0058 | 0001 1fd6 | 0055 5729 | 0100 0000 

  0x00000001225f1b10: ;   {static_stub}
  0x00000001225f1b10: df3f 03d5 

  0x00000001225f1b14: ;   {metadata(NULL)}
  0x00000001225f1b14: 0c00 80d2 | 0c00 a0f2 | 0c00 c0f2 | 0800 80d2 | 0800 a0f2 | 0800 c0f2 | 0001 1fd6 

  0x00000001225f1b30: ;   {trampoline_stub}
  0x00000001225f1b30: 4800 0058 | 0001 1fd6 | 0055 5729 | 0100 0000 

  0x00000001225f1b40: ;   {static_stub}
  0x00000001225f1b40: df3f 03d5 

  0x00000001225f1b44: ;   {metadata(NULL)}
  0x00000001225f1b44: 0c00 80d2 | 0c00 a0f2 | 0c00 c0f2 | 0800 80d2 | 0800 a0f2 | 0800 c0f2 | 0001 1fd6 

  0x00000001225f1b60: ;   {trampoline_stub}
  0x00000001225f1b60: 4800 0058 | 0001 1fd6 | 0055 5729 | 0100 0000 

  0x00000001225f1b70: ;   {static_stub}
  0x00000001225f1b70: df3f 03d5 

  0x00000001225f1b74: ;   {metadata(NULL)}
  0x00000001225f1b74: 0c00 80d2 | 0c00 a0f2 | 0c00 c0f2 | 0800 80d2 | 0800 a0f2 | 0800 c0f2 | 0001 1fd6 

  0x00000001225f1b90: ;   {trampoline_stub}
  0x00000001225f1b90: 4800 0058 | 0001 1fd6 | 0055 5729 | 0100 0000 

  0x00000001225f1ba0: ;   {static_stub}
  0x00000001225f1ba0: df3f 03d5 

  0x00000001225f1ba4: ;   {metadata(NULL)}
  0x00000001225f1ba4: 0c00 80d2 | 0c00 a0f2 | 0c00 c0f2 | 0800 80d2 | 0800 a0f2 | 0800 c0f2 | 0001 1fd6 

  0x00000001225f1bc0: ;   {trampoline_stub}
  0x00000001225f1bc0: 4800 0058 | 0001 1fd6 | 0055 5729 | 0100 0000 

  0x00000001225f1bd0: ;   {static_stub}
  0x00000001225f1bd0: df3f 03d5 

  0x00000001225f1bd4: ;   {metadata(NULL)}
  0x00000001225f1bd4: 0c00 80d2 | 0c00 a0f2 | 0c00 c0f2 | 0800 80d2 | 0800 a0f2 | 0800 c0f2 | 0001 1fd6 

  0x00000001225f1bf0: ;   {trampoline_stub}
  0x00000001225f1bf0: 4800 0058 | 0001 1fd6 | 0055 5729 | 0100 0000 

  0x00000001225f1c00: ;   {static_stub}
  0x00000001225f1c00: df3f 03d5 

  0x00000001225f1c04: ;   {metadata({method} {0x0000000133e92f80} 'CTFontGetBoundingRectForGlyphs' '(JS)Lcom/sun/javafx/font/coretext/CGRect;' in 'com/sun/javafx/font/coretext/OS')}
  0x00000001225f1c04: 0cf0 85d2 | 2c7d a6f2 | 2c00 c0f2 | 8887 84d2 | a82a a5f2 | 2800 c0f2 | 0001 1fd6 

  0x00000001225f1c20: ;   {trampoline_stub}
  0x00000001225f1c20: 4800 0058 | 0001 1fd6 | 001c 5f22 | 0100 0000 

  0x00000001225f1c30: ;   {static_stub}
  0x00000001225f1c30: df3f 03d5 

  0x00000001225f1c34: ;   {metadata(NULL)}
  0x00000001225f1c34: 0c00 80d2 | 0c00 a0f2 | 0c00 c0f2 | 0800 80d2 | 0800 a0f2 | 0800 c0f2 | 0001 1fd6 

  0x00000001225f1c50: ;   {trampoline_stub}
  0x00000001225f1c50: 4800 0058 | 0001 1fd6 | 0076 c229 | 0100 0000 

  0x00000001225f1c60: ;   {static_stub}
  0x00000001225f1c60: df3f 03d5 

  0x00000001225f1c64: ;   {metadata(NULL)}
  0x00000001225f1c64: 0c00 80d2 | 0c00 a0f2 | 0c00 c0f2 | 0800 80d2 | 0800 a0f2 | 0800 c0f2 | 0001 1fd6 

  0x00000001225f1c80: ;   {trampoline_stub}
  0x00000001225f1c80: 4800 0058 | 0001 1fd6 | 0076 c229 | 0100 0000 

  0x00000001225f1c90: ;   {static_stub}
  0x00000001225f1c90: df3f 03d5 

  0x00000001225f1c94: ;   {metadata(NULL)}
  0x00000001225f1c94: 0c00 80d2 | 0c00 a0f2 | 0c00 c0f2 | 0800 80d2 | 0800 a0f2 | 0800 c0f2 | 0001 1fd6 

  0x00000001225f1cb0: ;   {trampoline_stub}
  0x00000001225f1cb0: 4800 0058 | 0001 1fd6 | 0076 c229 | 0100 0000 

  0x00000001225f1cc0: ;   {static_stub}
  0x00000001225f1cc0: df3f 03d5 

  0x00000001225f1cc4: ;   {metadata(NULL)}
  0x00000001225f1cc4: 0c00 80d2 | 0c00 a0f2 | 0c00 c0f2 | 0800 80d2 | 0800 a0f2 | 0800 c0f2 | 0001 1fd6 

  0x00000001225f1ce0: ;   {trampoline_stub}
  0x00000001225f1ce0: 4800 0058 | 0001 1fd6 | 0076 c229 | 0100 0000 
[Exception Handler]
  0x00000001225f1cf0: ;   {runtime_call handle_exception_from_callee Runtime1 stub}
  0x00000001225f1cf0: 04b1 be95 | c1d5 bbd4 | 0fe8 5d0b | 0100 0000 
[Deopt Handler Code]
  0x00000001225f1d00: 1e00 0010 

  0x00000001225f1d04: ;   {runtime_call DeoptimizationBlob}
  0x00000001225f1d04: 0f26 be15 
[/MachCode]


Compiled method (c2)  260186 8451       4       com.sun.javafx.font.PrismFontFile::getGlyphBoundingBox (165 bytes)
 total in heap  [0x0000000129fa2f90,0x0000000129fa4288] = 4856
 relocation     [0x0000000129fa30e8,0x0000000129fa3230] = 328
 main code      [0x0000000129fa3240,0x0000000129fa3a40] = 2048
 stub code      [0x0000000129fa3a40,0x0000000129fa3c50] = 528
 oops           [0x0000000129fa3c50,0x0000000129fa3c68] = 24
 metadata       [0x0000000129fa3c68,0x0000000129fa3d28] = 192
 scopes data    [0x0000000129fa3d28,0x0000000129fa3fe0] = 696
 scopes pcs     [0x0000000129fa3fe0,0x0000000129fa4190] = 432
 dependencies   [0x0000000129fa4190,0x0000000129fa41b8] = 40
 handler table  [0x0000000129fa41b8,0x0000000129fa4260] = 168
 nul chk table  [0x0000000129fa4260,0x0000000129fa4288] = 40

[Constant Pool (empty)]

[MachCode]
[Entry Point]
  # {method} {0x0000000133643318} 'getGlyphBoundingBox' '(IF[F)[F' in 'com/sun/javafx/font/PrismFontFile'
  # this:     c_rarg1:c_rarg1 
                        = 'com/sun/javafx/font/PrismFontFile'
  # parm0:    c_rarg2   = int
  # parm1:    v0        = float
  # parm2:    c_rarg3:c_rarg3 
                        = '[F'
  #           [sp+0x60]  (sp of caller)
  0x0000000129fa3240: 2808 40b9 | 3f01 086b | 4000 0054 

  0x0000000129fa324c: ;   {runtime_call ic_miss_stub}
  0x0000000129fa324c: 6d46 d717 
[Verified Entry Point]
  0x0000000129fa3250: 1f20 03d5 | e953 40d1 | 3f01 00f9 | ff83 01d1 | fd7b 05a9 | e203 00b9 | e00f 00bd | ea03 01aa 
  0x0000000129fa3270: f503 03aa 

  0x0000000129fa3274: ; implicit exception: dispatches to 0x0000000129fa3978
  0x0000000129fa3274: 740c 40b9 | 2010 40b9 | f703 01aa | 9f12 0071 | 0b2d 0054 | 1f04 0031 | e019 0054 | f303 40b9 
  0x0000000129fa3294: 7f02 006b | 2a2d 0054 

  0x0000000129fa329c: ;   {oop(a 'java/lang/Integer'[256] {0x00000007ff86ccc8})}
  0x0000000129fa329c: 0c99 99d2 | ccf0 bff2 | ec00 c0f2 

  0x0000000129fa32a8: ;   {oop(a 'java/lang/Integer'[256] {0x00000007ff86ccc8})}
  0x0000000129fa32a8: 0a99 99d2 | caf0 bff2 | ea00 c0f2 | eb6e 40b9 | 7602 0211 | 98c9 338b | 0b1b 0034 | 6df1 7dd3 
  0x0000000129fa32c8: df02 0471 | e301 0054 | 8087 40f9 | 8a8f 40f9 | 0b40 0091 | 7f01 0aeb | c21e 0054 | ea03 40b2 
  0x0000000129fa32e8: 8b87 00f9 | 0a00 00f9 

  0x0000000129fa32f0: ;   {metadata('java/lang/Integer')}
  0x0000000129fa32f0: 8a00 a0d2 | 0ae7 81f2 | 0a08 00b9 | 70c1 80f9 | 130c 00b9 | 0300 0014 | 0a13 42b9 | e00f 0a8b 
  0x0000000129fa3310: ; implicit exception: dispatches to 0x0000000129fa396c
  0x0000000129fa3310: aa09 40b9 

  0x0000000129fa3314: ;   {metadata('java/util/HashMap')}
  0x0000000129fa3314: 4c01 a0d2 | 0c09 9df2 | 5f01 0c6b | 6120 0054 | ac25 40b9 | 8bf1 7dd3 | 6a42 534a | 6b14 00b4 
  0x0000000129fa3334: 6c0d 40b9 | 8d05 0051 | ae01 0a0a | 6dc9 2e8b | 9f01 0071 | c925 0054 | ac11 40b9 | 8cf1 7dd3 
  0x0000000129fa3354: 2c09 00b4 | 8b0d 40b9 | 7f01 0a6b | a101 0054 | 8b11 40b9 | 6bf1 7dd3 | 7f01 00eb | 2003 0054 
  0x0000000129fa3374: ; implicit exception: dispatches to 0x0000000129fa398c
  0x0000000129fa3374: 6d09 40b9 

  0x0000000129fa3378: ;   {metadata('java/lang/Integer')}
  0x0000000129fa3378: 8f00 a0d2 | 0fe7 81f2 | bf01 0f6b | 012d 0054 | 6d0d 40b9 | 7f02 0d6b | 2002 0054 | 8d19 40b9 
  0x0000000129fa3398: adf1 7dd3 | 4d07 00b4 | 8b09 40b9 

  0x0000000129fa33a4: ;   {metadata('java/util/HashMap$TreeNode')}
  0x0000000129fa33a4: 6e02 a0d2 | 0eca 89f2 | 7f01 0e6b | 4025 0054 | ac0d 40b9 | 9f01 0a6b | 810c 0054 | ac11 40b9 
  0x0000000129fa33c4: 9df1 7dd3 | bf03 00eb | 610d 0054 | ec03 0daa | 8b15 40b9 | 6cf1 7dd3 | cc11 00b4 | 8b09 40b9 
  0x0000000129fa33e4: ;   {metadata({type array int})}
  0x0000000129fa33e4: 0a00 a0d2 | 0a87 8df2 | 7f01 0a6b | 012b 0054 | f022 40bd | 0b02 381e | 7101 221e | 8a0d 40b9 
  0x0000000129fa3404: f00f 40bd | 101a 311e | 5f0d 0071 | e919 0054 | 8a11 40b9 | 5201 221e | 510a 301e | 9f0e 0071 
  0x0000000129fa3424: c919 0054 | b112 00bd | 8a15 40b9 | 5201 221e | 510a 301e | b116 00bd | 8a19 40b9 | 5201 221e 
  0x0000000129fa3444: 510a 301e | b11a 00bd | 8b1d 40b9 | 7101 221e | 310a 301e | b11e 00bd | e003 15aa | fd7b 45a9 
  0x0000000129fa3464: ff83 0191 

  0x0000000129fa3468: ;   {poll_return}
  0x0000000129fa3468: 88a3 41f9 | ff63 28eb | 482d 0054 | c003 5fd6 | f45b 0429 | ea2b 00b9 | 0300 0014 | f45b 0429 
  0x0000000129fa3488: ea2b 00b9 | f503 00f9 | f30b 00b9 | f763 01a9 | e103 17aa | e203 132a 

  0x0000000129fa34a0: ;   {oop(a 'java/lang/Integer'[256] {0x00000007ff86ccc8})}
  0x0000000129fa34a0: 1d99 99d2 | ddf0 bff2 | fd00 c0f2 

  0x0000000129fa34ac: ; ImmutableOopMap {rfp=Oop [0]=Oop [16]=Oop [24]=Derived_oop_rfp }
                      ;*invokevirtual createGlyphBoundingBox {reexecute=0 rethrow=0 return_oop=1}
                      ; - com.sun.javafx.font.PrismFontFile::getGlyphBoundingBox@81 (line 378)
                      ;   {optimized virtual_call}
  0x0000000129fa34ac: 4535 1996 | ec0b 40f9 | 8a6d 40b9 | 600a 00b4 | 41f1 7dd3 | ea27 40b9 | 5f01 0471 | 2302 0054 
  0x0000000129fa34cc: 8387 40f9 | 8a8f 40f9 | 6b40 0091 | 7f01 0aeb | 2211 0054 | ea03 40b2 | 8b87 00f9 

  0x0000000129fa34e8: ;   {metadata('java/lang/Integer')}
  0x0000000129fa34e8: 8d00 a0d2 | 0de7 81f2 | 6a00 00f9 | 6d08 00b9 | 70c1 80f9 | ea0b 40b9 | 6a0c 00b9 | bf3b 03d5 
  0x0000000129fa3508: 0400 0014 | ea0f 40f9 | 4a11 42b9 | e30f 0a8b | 211b 00b4 | e00b 00f9 | fd03 0caa | e603 0032 
  0x0000000129fa3528: e503 1f2a | e22b 40b9 | e403 00aa 

  0x0000000129fa3534: ; ImmutableOopMap {rfp=Oop [0]=Oop [16]=Oop }
                      ;*invokevirtual putVal {reexecute=0 rethrow=0 return_oop=1}
                      ; - java.util.HashMap::put@9 (line 610)
                      ; - com.sun.javafx.font.PrismFontFile::getGlyphBoundingBox@106 (line 380)
                      ;   {optimized virtual_call}
  0x0000000129fa3534: 7346 d797 | f503 40f9 | ec0b 40f9 | f703 1daa | f423 40b9 | abff ff17 | ab19 40b9 | 8ca7 41f9 
  0x0000000129fa3554: 6df1 7dd3 

  0x0000000129fa3558: ;   {oop(a 'java/lang/Integer'[256] {0x00000007ff86ccc8})}
  0x0000000129fa3558: 0b99 99d2 | cbf0 bff2 

  0x0000000129fa3560: ; ImmutableOopMap {r11=Oop r13=Oop c_rarg0=Oop rdispatch=Oop r23=Oop rlocals=Derived_oop_r11 }
                      ;*ifnonnull {reexecute=1 rethrow=0 return_oop=0}
                      ; - (reexecute) java.util.HashMap::getNode@145 (line 579)
                      ; - java.util.HashMap::get@2 (line 556)
                      ; - com.sun.javafx.font.PrismFontFile::getGlyphBoundingBox@66 (line 376)
  0x0000000129fa3560: eb00 c0f2 

  0x0000000129fa3564: ;   {poll}
  0x0000000129fa3564: 9f01 40b9 | 6df2 ffb5 | f45b 0429 | ea2b 00b9 | c6ff ff17 

  0x0000000129fa3578: ; implicit exception: dispatches to 0x0000000129fa39b4
  0x0000000129fa3578: ac0b 40b9 

  0x0000000129fa357c: ;   {metadata('java/lang/Integer')}
  0x0000000129fa357c: 8b00 a0d2 | 0be7 81f2 | 9f01 0b6b | e11b 0054 | ab0f 40b9 | 7f02 0b6b | e0f1 ff54 | f00f 40bd 
  0x0000000129fa359c: 4117 8012 | fd03 17aa | f303 00b9 | f007 00bd | f583 00a9 | ed0f 00f9 | ea23 00b9 

  0x0000000129fa35b8: ; ImmutableOopMap {rfp=Oop [8]=Oop [16]=Oop [24]=Oop }
                      ;*ifeq {reexecute=1 rethrow=0 return_oop=0}
                      ; - (reexecute) java.util.HashMap::getNode@131 (line 577)
                      ; - java.util.HashMap::get@2 (line 556)
                      ; - com.sun.javafx.font.PrismFontFile::getGlyphBoundingBox@66 (line 376)
                      ;   {runtime_call UncommonTrapBlob}
  0x0000000129fa35b8: b260 d797 | f45b 0429 | ea2b 00b9 | b2ff ff17 | f407 00b9 | e10b 00f9 | fd03 03aa | 020e 8f52 
  0x0000000129fa35d8: 22ac ad72 

  0x0000000129fa35dc: ; ImmutableOopMap {rfp=Oop [16]=Oop }
                      ;*invokevirtual readTable {reexecute=0 rethrow=0 return_oop=1}
                      ; - com.sun.javafx.font.PrismFontFile::getNumGlyphs@11 (line 392)
                      ; - com.sun.javafx.font.PrismFontFile::getGlyphBoundingBox@16 (line 369)
                      ;   {optimized virtual_call}
  0x0000000129fa35dc: 4946 d797 | c017 00b4 | e203 1e32 | e103 00aa 

  0x0000000129fa35ec: ; ImmutableOopMap {rfp=Oop [16]=Oop }
                      ;*invokevirtual getChar {reexecute=0 rethrow=0 return_oop=0}
                      ; - com.sun.javafx.font.PrismFontFile::getNumGlyphs@18 (line 393)
                      ; - com.sun.javafx.font.PrismFontFile::getGlyphBoundingBox@16 (line 369)
                      ;   {optimized virtual_call}
  0x0000000129fa35ec: 4546 d797 | f70b 40f9 | e012 00b9 | f503 1daa | f407 40b9 | 24ff ff17 

  0x0000000129fa3604: ;   {oop([I{0x00000005c08a4538})}
  0x0000000129fa3604: 00a7 88d2 | 4011 b8f2 | a000 c0f2 | abff ff17 | f45b 0429 | ea2b 00b9 | 9cff ff17 | 9987 40f9 
  0x0000000129fa3624: 8a8f 40f9 | 2bc3 0091 | 7f01 0aeb | e212 0054 | ea03 40b2 | 8b87 00f9 | 2a03 00f9 

  0x0000000129fa3640: ;   {metadata('java/util/HashMap')}
  0x0000000129fa3640: 4c01 a0d2 | 0c09 9df2 | 70c1 80f9 | 2c0b 00b9 | 2a43 0091 | 3f0f 00b9 | 5f7d 00a9 | 3f17 00f9 
  0x0000000129fa3660: 0ae8 a7d2 | 2a13 00f9 | bf3b 03d5 | 8be3 c039 | 2b08 0035 | ea03 17aa | eb03 19aa | 6b01 0aca 
  0x0000000129fa3680: 2dff 43d3 | 6bfd 57d3 | ed6e 00b9 | 2b01 00b4 | 4afd 49d3 | 0b00 90d2 | eb3f a1f2 | 2b00 c0f2 
  0x0000000129fa36a0: 6001 0a8b | 0a00 c039 | 5f11 0071 | a107 0054 | 2bff 43d3 | 04ff ff17 | f503 00f9 | f30b 00b9 
  0x0000000129fa36c0: f70b 00f9 | f45b 0329 | f837 02a9 

  0x0000000129fa36cc: ;   {metadata('java/lang/Integer')}
  0x0000000129fa36cc: 01e7 81d2 | 8100 a0f2 | 010e c0f2 

  0x0000000129fa36d8: ;   {oop(a 'java/lang/Integer'[256] {0x00000007ff86ccc8})}
  0x0000000129fa36d8: 1d99 99d2 | ddf0 bff2 | fd00 c0f2 

  0x0000000129fa36e4: ; ImmutableOopMap {rfp=Oop [0]=Oop [16]=Oop [32]=Derived_oop_rfp [40]=Oop }
                      ;*new {reexecute=0 rethrow=0 return_oop=1}
                      ; - java.lang.Integer::valueOf@23 (line 1081)
                      ; - com.sun.javafx.font.PrismFontFile::getGlyphBoundingBox@63 (line 376)
                      ;   {runtime_call _new_instance_Java}
  0x0000000129fa36e4: 17df d797 | f503 40f9 | f30b 40b9 | f70b 40f9 | f45b 4329 | f837 42a9 | 01ff ff17 | e007 01a9 
  0x0000000129fa3704: fd03 0caa 

  0x0000000129fa3708: ;   {metadata('java/lang/Integer')}
  0x0000000129fa3708: 01e7 81d2 | 8100 a0f2 | 010e c0f2 

  0x0000000129fa3714: ; ImmutableOopMap {rfp=Oop [0]=Oop [16]=Oop [24]=Oop }
                      ;*new {reexecute=0 rethrow=0 return_oop=1}
                      ; - java.lang.Integer::valueOf@23 (line 1081)
                      ; - com.sun.javafx.font.PrismFontFile::getGlyphBoundingBox@101 (line 380)
                      ;   {runtime_call _new_instance_Java}
  0x0000000129fa3714: 0bdf d797 | ea03 00aa | ec03 1daa | e007 41a9 | e303 0aaa | 75ff ff17 | f10f 40bd | 2104 8012 
  0x0000000129fa3734: fd03 17aa | f303 00b9 | f107 00bd | f5b7 00a9 | e00f 00f9 

  0x0000000129fa3748: ; ImmutableOopMap {rfp=Oop [8]=Oop [16]=Oop [24]=Oop }
                      ;*invokevirtual get {reexecute=0 rethrow=0 return_oop=0}
                      ; - com.sun.javafx.font.PrismFontFile::getGlyphBoundingBox@66 (line 376)
                      ;   {runtime_call UncommonTrapBlob}
  0x0000000129fa3748: 4e60 d797 | 6103 8012 | f00b 00bd | f533 01a9 

  0x0000000129fa3758: ; ImmutableOopMap {[16]=Oop [24]=Oop }
                      ;*iaload {reexecute=0 rethrow=0 return_oop=0}
                      ; - com.sun.javafx.font.PrismFontFile::getGlyphBoundingBox@124 (line 383)
                      ;   {runtime_call UncommonTrapBlob}
  0x0000000129fa3758: 4a60 d797 | 6103 8012 | ec03 00f9 | f00b 00bd | f10f 00bd | f50b 00f9 

  0x0000000129fa3770: ; ImmutableOopMap {[0]=Oop [16]=Oop }
                      ;*fastore {reexecute=0 rethrow=0 return_oop=0}
                      ; - com.sun.javafx.font.PrismFontFile::getGlyphBoundingBox@129 (line 383)
                      ;   {runtime_call UncommonTrapBlob}
  0x0000000129fa3770: 4460 d797 | ea6e 40b9 | 40f1 7dd3 | c0f7 ffb4 | 8a13 40f9 | ea0a 00b4 | 8b1b 40f9 | 4c21 00d1 
  0x0000000129fa3790: 6a01 0a8b | 4081 1ff8 | 8c13 00f9 | b6ff ff17 | 8a23 40f9 | 8b2b 40f9 | bf3b 03d5 | 0c00 c039 
  0x0000000129fa37b0: 0c02 0034 | 1f00 0039 | ca00 00b4 | 4c21 00d1 | 6a01 0a8b | 4081 1ff8 | 8c23 00f9 | 0900 0014 
  0x0000000129fa37d0: e103 1caa | c900 0010 

  0x0000000129fa37d8: ;   {runtime_call G1BarrierSetRuntime::write_ref_field_post_entry(unsigned char volatile*, JavaThread*)}
  0x0000000129fa37d8: 8873 99d2 | a860 a1f2 | 2800 c0f2 | ff27 bfa9 | 0001 3fd6 | ff43 0091 | eb6e 40b9 | 6af1 7dd3 
  0x0000000129fa37f8: f903 0aaa | adff ff17 | f00f 40bd | 4117 8012 | fd03 17aa | f303 00b9 | f007 00bd | f583 00a9 
  0x0000000129fa3818: eb0f 00f9 | ec27 00b9 

  0x0000000129fa3820: ; ImmutableOopMap {rfp=Oop [8]=Oop [16]=Oop [24]=Oop }
                      ;*ifle {reexecute=1 rethrow=0 return_oop=0}
                      ; - (reexecute) java.util.HashMap::getNode@14 (line 567)
                      ; - java.util.HashMap::get@2 (line 556)
                      ; - com.sun.javafx.font.PrismFontFile::getGlyphBoundingBox@66 (line 376)
                      ;   {runtime_call UncommonTrapBlob}
  0x0000000129fa3820: 1860 d797 | 4117 8012 | fd03 0aaa | e007 00bd | e307 00f9 | f413 00b9 

  0x0000000129fa3838: ; ImmutableOopMap {rfp=Oop [8]=Oop }
                      ;*if_icmpge {reexecute=1 rethrow=0 return_oop=0}
                      ; - (reexecute) com.sun.javafx.font.PrismFontFile::getGlyphBoundingBox@7 (line 366)
                      ;   {runtime_call UncommonTrapBlob}
  0x0000000129fa3838: 1260 d797 | f00f 40bd | 4117 8012 | fd03 17aa | f007 00bd | f507 00f9 | e017 00b9 

  0x0000000129fa3854: ; ImmutableOopMap {rfp=Oop [8]=Oop }
                      ;*if_icmplt {reexecute=1 rethrow=0 return_oop=0}
                      ; - (reexecute) com.sun.javafx.font.PrismFontFile::getGlyphBoundingBox@19 (line 369)
                      ;   {runtime_call UncommonTrapBlob}
  0x0000000129fa3854: 0b60 d797 | f00f 40bd | 4117 8012 | fd03 17aa | f303 00b9 | f007 00bd | f583 00a9 | ecb7 01a9 
  0x0000000129fa3874: ea2b 00b9 

  0x0000000129fa3878: ; ImmutableOopMap {rfp=Oop [8]=Oop [16]=Oop [24]=Oop [32]=Oop }
                      ;*ifeq {reexecute=1 rethrow=0 return_oop=0}
                      ; - (reexecute) java.util.HashMap::getNode@85 (line 573)
                      ; - java.util.HashMap::get@2 (line 556)
                      ; - com.sun.javafx.font.PrismFontFile::getGlyphBoundingBox@66 (line 376)
                      ;   {runtime_call UncommonTrapBlob}
  0x0000000129fa3878: 0260 d797 | e303 00f9 | 2101 8012 | fd03 00aa 

  0x0000000129fa3888: ; ImmutableOopMap {rfp=Oop [0]=Oop }
                      ;*invokevirtual put {reexecute=0 rethrow=0 return_oop=0}
                      ; - com.sun.javafx.font.PrismFontFile::getGlyphBoundingBox@106 (line 380)
                      ;   {runtime_call UncommonTrapBlob}
  0x0000000129fa3888: fe5f d797 | f503 00f9 | f30b 00b9 | f70b 00f9 | f45b 0329 | f813 00f9 

  0x0000000129fa38a0: ;   {metadata('java/util/HashMap')}
  0x0000000129fa38a0: 0109 9dd2 | 4101 a0f2 | 010e c0f2 

  0x0000000129fa38ac: ;   {oop(a 'java/lang/Integer'[256] {0x00000007ff86ccc8})}
  0x0000000129fa38ac: 1d99 99d2 | ddf0 bff2 | fd00 c0f2 

  0x0000000129fa38b8: ; ImmutableOopMap {rfp=Oop [0]=Oop [16]=Oop [32]=Derived_oop_rfp }
                      ;*new {reexecute=0 rethrow=0 return_oop=1}
                      ; - com.sun.javafx.font.PrismFontFile::getGlyphBoundingBox@48 (line 374)
                      ;   {runtime_call _new_instance_Java}
  0x0000000129fa38b8: a2de d797 | f503 40f9 | f30b 40b9 | f70b 40f9 | f45b 4329 | f813 40f9 | f903 00aa | 63ff ff17 
  0x0000000129fa38d8: 2101 8012 

  0x0000000129fa38dc: ; ImmutableOopMap {}
                      ;*invokevirtual getChar {reexecute=0 rethrow=0 return_oop=0}
                      ; - com.sun.javafx.font.PrismFontFile::getNumGlyphs@18 (line 393)
                      ; - com.sun.javafx.font.PrismFontFile::getGlyphBoundingBox@16 (line 369)
                      ;   {runtime_call UncommonTrapBlob}
  0x0000000129fa38dc: e95f d797 | e103 1caa | c900 0010 

  0x0000000129fa38e8: ;   {runtime_call G1BarrierSetRuntime::write_ref_field_pre_entry(oopDesc*, JavaThread*)}
  0x0000000129fa38e8: 886c 99d2 | a860 a1f2 | 2800 c0f2 | ff27 bfa9 | 0001 3fd6 | ff43 0091 | 5dff ff17 | 2104 8012 
  0x0000000129fa3908: f703 00f9 | f30b 00b9 | f50b 00f9 | ed13 00f9 | ea2b 00b9 | e01b 00f9 

  0x0000000129fa3920: ; ImmutableOopMap {rfp=Oop [0]=Oop [16]=Oop [32]=Oop [48]=Oop }
                      ;*instanceof {reexecute=0 rethrow=0 return_oop=0}
                      ; - java.lang.Integer::equals@1 (line 1235)
                      ; - java.util.HashMap::getNode@128 (line 577)
                      ; - java.util.HashMap::get@2 (line 556)
                      ; - com.sun.javafx.font.PrismFontFile::getGlyphBoundingBox@66 (line 376)
                      ;   {runtime_call UncommonTrapBlob}
  0x0000000129fa3920: d85f d797 | f00f 40bd | 2104 8012 | fd03 17aa | f303 00b9 | f007 00bd | f507 00f9 | ec0f 00f9 
  0x0000000129fa3940: ea23 00b9 | e017 00f9 | eb1f 00f9 

  0x0000000129fa394c: ; ImmutableOopMap {rfp=Oop [8]=Oop [24]=Oop [40]=Oop [56]=Oop }
                      ;*instanceof {reexecute=0 rethrow=0 return_oop=0}
                      ; - java.lang.Integer::equals@1 (line 1235)
                      ; - java.util.HashMap::getNode@63 (line 570)
                      ; - java.util.HashMap::get@2 (line 556)
                      ; - com.sun.javafx.font.PrismFontFile::getGlyphBoundingBox@66 (line 376)
                      ;   {runtime_call UncommonTrapBlob}
  0x0000000129fa394c: cd5f d797 | f10f 40bd | 2104 8012 | fd03 17aa | f303 00b9 | f107 00bd | f5b3 00a9 

  0x0000000129fa3968: ; ImmutableOopMap {rfp=Oop [8]=Oop [16]=Oop }
                      ;*checkcast {reexecute=0 rethrow=0 return_oop=0}
                      ; - com.sun.javafx.font.PrismFontFile::getGlyphBoundingBox@69 (line 376)
                      ;   {runtime_call UncommonTrapBlob}
  0x0000000129fa3968: c65f d797 | 2101 8012 | fd03 00aa 

  0x0000000129fa3974: ; ImmutableOopMap {rfp=Oop }
                      ;*invokevirtual get {reexecute=0 rethrow=0 return_oop=0}
                      ; - com.sun.javafx.font.PrismFontFile::getGlyphBoundingBox@66 (line 376)
                      ;   {runtime_call UncommonTrapBlob}
  0x0000000129fa3974: c35f d797 | 4117 8012 | fd03 0aaa | e007 00bd | e30b 00f9 

  0x0000000129fa3988: ; ImmutableOopMap {rfp=Oop [16]=Oop }
                      ;*ifnull {reexecute=1 rethrow=0 return_oop=0}
                      ; - (reexecute) com.sun.javafx.font.PrismFontFile::getGlyphBoundingBox@1 (line 366)
                      ;   {runtime_call UncommonTrapBlob}
  0x0000000129fa3988: be5f d797 | f10f 40bd | 6101 8012 | fd03 17aa | f303 00b9 | f107 00bd | f507 00f9 | ec0f 00f9 
  0x0000000129fa39a8: ea23 00b9 | e017 00f9 

  0x0000000129fa39b0: ; ImmutableOopMap {rfp=Oop [8]=Oop [24]=Oop [40]=Oop }
                      ;*instanceof {reexecute=0 rethrow=0 return_oop=0}
                      ; - java.lang.Integer::equals@1 (line 1235)
                      ; - java.util.HashMap::getNode@63 (line 570)
                      ; - java.util.HashMap::get@2 (line 556)
                      ; - com.sun.javafx.font.PrismFontFile::getGlyphBoundingBox@66 (line 376)
                      ;   {runtime_call UncommonTrapBlob}
  0x0000000129fa39b0: b45f d797 | f10f 40bd | 6101 8012 | fd03 17aa | f303 00b9 | f107 00bd | f507 00f9 | ed0f 00f9 
  0x0000000129fa39d0: ea23 00b9 | e017 00f9 

  0x0000000129fa39d8: ; ImmutableOopMap {rfp=Oop [8]=Oop [24]=Oop [40]=Oop }
                      ;*instanceof {reexecute=0 rethrow=0 return_oop=0}
                      ; - java.lang.Integer::equals@1 (line 1235)
                      ; - java.util.HashMap::getNode@128 (line 577)
                      ; - java.util.HashMap::get@2 (line 556)
                      ; - com.sun.javafx.font.PrismFontFile::getGlyphBoundingBox@66 (line 376)
                      ;   {runtime_call UncommonTrapBlob}
  0x0000000129fa39d8: aa5f d797 | e103 00aa | 0b00 0014 | e103 00aa | 0900 0014 | e103 00aa | 0700 0014 | 0100 0014 
  0x0000000129fa39f8: e103 00aa | 0400 0014 | e103 00aa | 0200 0014 | e103 00aa | fd7b 45a9 | ff83 0191 

  0x0000000129fa3a14: ;   {runtime_call _rethrow_Java}
  0x0000000129fa3a14: cb40 da17 

  0x0000000129fa3a18: ;   {internal_word}
  0x0000000129fa3a18: 88d2 ff10 | 88af 01f9 

  0x0000000129fa3a20: ;   {runtime_call SafepointBlob}
  0x0000000129fa3a20: f85d d717 | 0000 0000 | 0000 0000 | 0000 0000 | 0000 0000 | 0000 0000 | 0000 0000 | 0000 0000 
[Stub Code]
  0x0000000129fa3a40: ;   {no_reloc}
  0x0000000129fa3a40: 4800 0058 | 0001 1fd6 | c009 5f22 | 0100 0000 

  0x0000000129fa3a50: ;   {static_stub}
  0x0000000129fa3a50: df3f 03d5 

  0x0000000129fa3a54: ;   {metadata(NULL)}
  0x0000000129fa3a54: 0c00 80d2 | 0c00 a0f2 | 0c00 c0f2 | 0800 80d2 | 0800 a0f2 | 0800 c0f2 | 0001 1fd6 

  0x0000000129fa3a70: ;   {trampoline_stub}
  0x0000000129fa3a70: 4800 0058 | 0001 1fd6 | 004f 5729 | 0100 0000 

  0x0000000129fa3a80: ;   {static_stub}
  0x0000000129fa3a80: df3f 03d5 

  0x0000000129fa3a84: ;   {metadata(NULL)}
  0x0000000129fa3a84: 0c00 80d2 | 0c00 a0f2 | 0c00 c0f2 | 0800 80d2 | 0800 a0f2 | 0800 c0f2 | 0001 1fd6 

  0x0000000129fa3aa0: ;   {trampoline_stub}
  0x0000000129fa3aa0: 4800 0058 | 0001 1fd6 | 80b8 5729 | 0100 0000 

  0x0000000129fa3ab0: ;   {trampoline_stub}
  0x0000000129fa3ab0: 4800 0058 | 0001 1fd6 | 004f 5729 | 0100 0000 

  0x0000000129fa3ac0: ;   {static_stub}
  0x0000000129fa3ac0: df3f 03d5 

  0x0000000129fa3ac4: ;   {metadata(NULL)}
  0x0000000129fa3ac4: 0c00 80d2 | 0c00 a0f2 | 0c00 c0f2 | 0800 80d2 | 0800 a0f2 | 0800 c0f2 | 0001 1fd6 

  0x0000000129fa3ae0: ;   {trampoline_stub}
  0x0000000129fa3ae0: 4800 0058 | 0001 1fd6 | 004f 5729 | 0100 0000 

  0x0000000129fa3af0: ;   {static_stub}
  0x0000000129fa3af0: df3f 03d5 

  0x0000000129fa3af4: ;   {metadata(NULL)}
  0x0000000129fa3af4: 0c00 80d2 | 0c00 a0f2 | 0c00 c0f2 | 0800 80d2 | 0800 a0f2 | 0800 c0f2 | 0001 1fd6 

  0x0000000129fa3b10: ;   {trampoline_stub}
  0x0000000129fa3b10: 4800 0058 | 0001 1fd6 | 40b3 5929 | 0100 0000 

  0x0000000129fa3b20: ;   {trampoline_stub}
  0x0000000129fa3b20: 4800 0058 | 0001 1fd6 | 40b3 5929 | 0100 0000 

  0x0000000129fa3b30: ;   {trampoline_stub}
  0x0000000129fa3b30: 4800 0058 | 0001 1fd6 | 80b8 5729 | 0100 0000 

  0x0000000129fa3b40: ;   {trampoline_stub}
  0x0000000129fa3b40: 4800 0058 | 0001 1fd6 | 80b8 5729 | 0100 0000 

  0x0000000129fa3b50: ;   {trampoline_stub}
  0x0000000129fa3b50: 4800 0058 | 0001 1fd6 | 80b8 5729 | 0100 0000 

  0x0000000129fa3b60: ;   {trampoline_stub}
  0x0000000129fa3b60: 4800 0058 | 0001 1fd6 | 80b8 5729 | 0100 0000 

  0x0000000129fa3b70: ;   {trampoline_stub}
  0x0000000129fa3b70: 4800 0058 | 0001 1fd6 | 80b8 5729 | 0100 0000 

  0x0000000129fa3b80: ;   {trampoline_stub}
  0x0000000129fa3b80: 4800 0058 | 0001 1fd6 | 80b8 5729 | 0100 0000 

  0x0000000129fa3b90: ;   {trampoline_stub}
  0x0000000129fa3b90: 4800 0058 | 0001 1fd6 | 80b8 5729 | 0100 0000 

  0x0000000129fa3ba0: ;   {trampoline_stub}
  0x0000000129fa3ba0: 4800 0058 | 0001 1fd6 | 80b8 5729 | 0100 0000 

  0x0000000129fa3bb0: ;   {trampoline_stub}
  0x0000000129fa3bb0: 4800 0058 | 0001 1fd6 | 40b3 5929 | 0100 0000 

  0x0000000129fa3bc0: ;   {trampoline_stub}
  0x0000000129fa3bc0: 4800 0058 | 0001 1fd6 | 80b8 5729 | 0100 0000 

  0x0000000129fa3bd0: ;   {trampoline_stub}
  0x0000000129fa3bd0: 4800 0058 | 0001 1fd6 | 80b8 5729 | 0100 0000 

  0x0000000129fa3be0: ;   {trampoline_stub}
  0x0000000129fa3be0: 4800 0058 | 0001 1fd6 | 80b8 5729 | 0100 0000 

  0x0000000129fa3bf0: ;   {trampoline_stub}
  0x0000000129fa3bf0: 4800 0058 | 0001 1fd6 | 80b8 5729 | 0100 0000 

  0x0000000129fa3c00: ;   {trampoline_stub}
  0x0000000129fa3c00: 4800 0058 | 0001 1fd6 | 80b8 5729 | 0100 0000 

  0x0000000129fa3c10: ;   {trampoline_stub}
  0x0000000129fa3c10: 4800 0058 | 0001 1fd6 | 80b8 5729 | 0100 0000 

  0x0000000129fa3c20: ;   {trampoline_stub}
  0x0000000129fa3c20: 4800 0058 | 0001 1fd6 | 80b8 5729 | 0100 0000 

  0x0000000129fa3c30: ;   {trampoline_stub}
  0x0000000129fa3c30: 4800 0058 | 0001 1fd6 | 80b8 5729 | 0100 0000 
[Exception Handler]
  0x0000000129fa3c40: ;   {runtime_call ExceptionBlob}
  0x0000000129fa3c40: 50cb d717 
[Deopt Handler Code]
  0x0000000129fa3c44: 1e00 0010 

  0x0000000129fa3c48: ;   {runtime_call DeoptimizationBlob}
  0x0000000129fa3c48: 3e5e d717 | 0000 0000 
[/MachCode]


---------------  P R O C E S S  ---------------

Threads class SMR info:
_java_thread_list=0x0000000349631870, length=22, elements={
0x0000000121808e00, 0x0000000121008800, 0x0000000121019600, 0x0000000121904a00,
0x0000000121906600, 0x0000000121909600, 0x000000012080a000, 0x000000012080a600,
0x0000000120815200, 0x0000000120846200, 0x0000000120014200, 0x000000013700b200,
0x000000012101da00, 0x0000000121a24a00, 0x0000000137090e00, 0x00000001208d4400,
0x000000010a114000, 0x0000000120c19a00, 0x0000000322029a00, 0x0000000121922600,
0x0000000120bf0a00, 0x0000000372a89200
}

Java Threads: ( => current thread )
  0x0000000121808e00 JavaThread "main" [_thread_blocked, id=5123, stack(0x000000016d780000,0x000000016d983000)]
  0x0000000121008800 JavaThread "Reference Handler" daemon [_thread_blocked, id=23555, stack(0x000000016e5d4000,0x000000016e7d7000)]
  0x0000000121019600 JavaThread "Finalizer" daemon [_thread_blocked, id=31491, stack(0x000000016e7e0000,0x000000016e9e3000)]
  0x0000000121904a00 JavaThread "Signal Dispatcher" daemon [_thread_blocked, id=24579, stack(0x000000016eb04000,0x000000016ed07000)]
  0x0000000121906600 JavaThread "Service Thread" daemon [_thread_blocked, id=24835, stack(0x000000016ed10000,0x000000016ef13000)]
  0x0000000121909600 JavaThread "Monitor Deflation Thread" daemon [_thread_blocked, id=28419, stack(0x000000016ef1c000,0x000000016f11f000)]
  0x000000012080a000 JavaThread "C2 CompilerThread0" daemon [_thread_blocked, id=25347, stack(0x000000016f128000,0x000000016f32b000)]
  0x000000012080a600 JavaThread "C1 CompilerThread0" daemon [_thread_blocked, id=25603, stack(0x000000016f334000,0x000000016f537000)]
  0x0000000120815200 JavaThread "Sweeper thread" daemon [_thread_blocked, id=27651, stack(0x000000016f540000,0x000000016f743000)]
  0x0000000120846200 JavaThread "Common-Cleaner" daemon [_thread_blocked, id=27395, stack(0x000000016f74c000,0x000000016f94f000)]
  0x0000000120014200 JavaThread "Notification Thread" daemon [_thread_blocked, id=32771, stack(0x000000016fd70000,0x000000016ff73000)]
  0x000000013700b200 JavaThread "QuantumRenderer-0" daemon [_thread_blocked, id=33027, stack(0x0000000320210000,0x0000000320413000)]
  0x000000012101da00 JavaThread "InvokeLaterDispatcher" daemon [_thread_blocked, id=43787, stack(0x000000032041c000,0x000000032061f000)]
=>0x0000000121a24a00 JavaThread "JavaFX Application Thread" [_thread_in_native, id=259, stack(0x000000016cef8000,0x000000016d6f4000)]
  0x0000000137090e00 JavaThread "JavaFX-Launcher" [_thread_blocked, id=54283, stack(0x0000000323004000,0x0000000323207000)]
  0x00000001208d4400 JavaThread "mysql-cj-abandoned-connection-cleanup" daemon [_thread_blocked, id=83467, stack(0x0000000323404000,0x0000000323607000)]
  0x000000010a114000 JavaThread "Prism Font Disposer" daemon [_thread_blocked, id=78603, stack(0x000000032e110000,0x000000032e313000)]
  0x0000000120c19a00 JavaThread "Cleaner-0" daemon [_thread_blocked, id=77839, stack(0x00000003464e4000,0x00000003466e7000)]
  0x0000000322029a00 JavaThread "JavaCPP Deallocator" daemon [_thread_blocked, id=121863, stack(0x0000000350ce8000,0x0000000350eeb000)]
  0x0000000121922600 JavaThread "JokeNotifThread" daemon [_thread_blocked, id=101551, stack(0x000000035ef64000,0x000000035f167000)]
  0x0000000120bf0a00 JavaThread "PulseTimer-CVDisplayLink thread" daemon [_thread_in_native, id=95495, stack(0x0000000320e1c000,0x0000000320e9f000)]
  0x0000000372a89200 JavaThread "C2 CompilerThread1" daemon [_thread_blocked, id=93483, stack(0x000000034db44000,0x000000034dd47000)]

Other Threads:
  0x000000011fb344a0 VMThread "VM Thread" [stack: 0x000000016e3c8000,0x000000016e5cb000] [id=19715]
  0x000000011fe1cc90 WatcherThread [stack: 0x0000000320004000,0x0000000320207000] [id=43011]
  0x000000011fb13310 GCTaskThread "GC Thread#0" [stack: 0x000000016d98c000,0x000000016db8f000] [id=13059]
  0x000000010ff43b00 GCTaskThread "GC Thread#1" [stack: 0x0000000323610000,0x0000000323813000] [id=82179]
  0x00000003233115c0 GCTaskThread "GC Thread#2" [stack: 0x000000032381c000,0x0000000323a1f000] [id=81667]
  0x0000000323311e70 GCTaskThread "GC Thread#3" [stack: 0x0000000323a28000,0x0000000323c2b000] [id=69123]
  0x000000010ff444b0 GCTaskThread "GC Thread#4" [stack: 0x0000000323c34000,0x0000000323e37000] [id=69379]
  0x000000010ff44df0 GCTaskThread "GC Thread#5" [stack: 0x0000000323e40000,0x0000000324043000] [id=80899]
  0x000000010ff45730 GCTaskThread "GC Thread#6" [stack: 0x000000032404c000,0x000000032424f000] [id=70147]
  0x000000010ff46070 GCTaskThread "GC Thread#7" [stack: 0x0000000324258000,0x000000032445b000] [id=70659]
  0x000000010ff469b0 GCTaskThread "GC Thread#8" [stack: 0x0000000324464000,0x0000000324667000] [id=70915]
  0x000000010ff472f0 GCTaskThread "GC Thread#9" [stack: 0x0000000324670000,0x0000000324873000] [id=71171]
  0x0000000323312700 GCTaskThread "GC Thread#10" [stack: 0x000000032487c000,0x0000000324a7f000] [id=71683]
  0x000000011fb141e0 ConcurrentGCThread "G1 Main Marker" [stack: 0x000000016db98000,0x000000016dd9b000] [id=14851]
  0x000000011fb14fd0 ConcurrentGCThread "G1 Conc#0" [stack: 0x000000016dda4000,0x000000016dfa7000] [id=13827]
  0x000000011fe6e170 ConcurrentGCThread "G1 Conc#1" [stack: 0x0000000357c94000,0x0000000357e97000] [id=87831]
  0x000000011fe5d1b0 ConcurrentGCThread "G1 Conc#2" [stack: 0x000000035ed14000,0x000000035ef17000] [id=125455]
  0x000000011fb25390 ConcurrentGCThread "G1 Refine#0" [stack: 0x000000016dfb0000,0x000000016e1b3000] [id=21507]
  0x0000000102f46c00 ConcurrentGCThread "G1 Refine#1" [stack: 0x0000000353f44000,0x0000000354147000] [id=1655]
  0x000000010ffb4580 ConcurrentGCThread "G1 Refine#2" [stack: 0x0000000355530000,0x0000000355733000] [id=124087]
  0x0000000102d9ad90 ConcurrentGCThread "G1 Refine#3" [stack: 0x000000035573c000,0x000000035593f000] [id=91579]
  0x0000000324bb5580 ConcurrentGCThread "G1 Refine#4" [stack: 0x0000000355948000,0x0000000355b4b000] [id=94763]
  0x000000011fb26130 ConcurrentGCThread "G1 Service" [stack: 0x000000016e1bc000,0x000000016e3bf000] [id=16899]

Threads with active compile tasks:

VM state: not at safepoint (normal execution)

VM Mutex/Monitor currently owned by a thread: None

Heap address: 0x00000005c0000000, size: 9216 MB, Compressed Oops mode: Zero based, Oop shift amount: 3

CDS archive(s) mapped at: [0x0000007000000000-0x0000007000bc0000-0x0000007000bc0000), size 12320768, SharedBaseAddress: 0x0000007000000000, ArchiveRelocationMode: 1.
Compressed class space mapped at: 0x0000007001000000-0x0000007041000000, reserved size: 1073741824
Narrow klass base: 0x0000007000000000, Narrow klass shift: 0, Narrow klass range: 0x100000000

GC Precious Log:
 CPUs: 14 total, 14 available
 Memory: 36864M
 Large Page Support: Disabled
 NUMA Support: Disabled
 Compressed Oops: Enabled (Zero based)
 Heap Region Size: 8M
 Heap Min Capacity: 8M
 Heap Initial Capacity: 576M
 Heap Max Capacity: 9G
 Pre-touch: Disabled
 Parallel Workers: 11
 Concurrent Workers: 3
 Concurrent Refinement Workers: 11
 Periodic GC: Disabled

Heap:
 garbage-first heap   total 286720K, used 253101K [0x00000005c0000000, 0x0000000800000000)
  region size 8192K, 2 young (16384K), 1 survivors (8192K)
 Metaspace       used 41603K, committed 41920K, reserved 1114112K
  class space    used 4924K, committed 5120K, reserved 1048576K

Heap Regions: E=young(eden), S=young(survivor), O=old, HS=humongous(starts), HC=humongous(continues), CS=collection set, F=free, OA=open archive, CA=closed archive, TAMS=top-at-mark-start (previous, next)
|   0|0x00000005c0000000, 0x00000005c0800000, 0x00000005c0800000|100%|HS|  |TAMS 0x00000005c0800000, 0x00000005c0800000| Complete 
|   1|0x00000005c0800000, 0x00000005c1000000, 0x00000005c1000000|100%| O|  |TAMS 0x00000005c1000000, 0x00000005c1000000| Untracked 
|   2|0x00000005c1000000, 0x00000005c1800000, 0x00000005c1800000|100%| O|  |TAMS 0x00000005c1800000, 0x00000005c1800000| Untracked 
|   3|0x00000005c1800000, 0x00000005c2000000, 0x00000005c2000000|100%| O|  |TAMS 0x00000005c2000000, 0x00000005c2000000| Untracked 
|   4|0x00000005c2000000, 0x00000005c2800000, 0x00000005c2800000|100%| O|  |TAMS 0x00000005c2800000, 0x00000005c2800000| Untracked 
|   5|0x00000005c2800000, 0x00000005c2ab7400, 0x00000005c3000000| 33%| O|  |TAMS 0x00000005c2936600, 0x00000005c2936600| Untracked 
|   6|0x00000005c3000000, 0x00000005c3800000, 0x00000005c3800000|100%|HS|  |TAMS 0x00000005c3000000, 0x00000005c3800000| Complete 
|   7|0x00000005c3800000, 0x00000005c4000000, 0x00000005c4000000|100%|HS|  |TAMS 0x00000005c3800000, 0x00000005c3800000| Complete 
|   8|0x00000005c4000000, 0x00000005c4800000, 0x00000005c4800000|100%|HC|  |TAMS 0x00000005c4000000, 0x00000005c4000000| Complete 
|   9|0x00000005c4800000, 0x00000005c5000000, 0x00000005c5000000|100%|HC|  |TAMS 0x00000005c4800000, 0x00000005c4800000| Complete 
|  10|0x00000005c5000000, 0x00000005c5800000, 0x00000005c5800000|100%|HC|  |TAMS 0x00000005c5000000, 0x00000005c5000000| Complete 
|  11|0x00000005c5800000, 0x00000005c6000000, 0x00000005c6000000|100%|HC|  |TAMS 0x00000005c5800000, 0x00000005c5800000| Complete 
|  12|0x00000005c6000000, 0x00000005c6800000, 0x00000005c6800000|100%|HC|  |TAMS 0x00000005c6000000, 0x00000005c6000000| Complete 
|  13|0x00000005c6800000, 0x00000005c7000000, 0x00000005c7000000|100%|HC|  |TAMS 0x00000005c6800000, 0x00000005c6800000| Complete 
|  14|0x00000005c7000000, 0x00000005c7800000, 0x00000005c7800000|100%|HC|  |TAMS 0x00000005c7000000, 0x00000005c7000000| Complete 
|  15|0x00000005c7800000, 0x00000005c8000000, 0x00000005c8000000|100%|HC|  |TAMS 0x00000005c7800000, 0x00000005c7800000| Complete 
|  16|0x00000005c8000000, 0x00000005c8800000, 0x00000005c8800000|100%|HC|  |TAMS 0x00000005c8000000, 0x00000005c8000000| Complete 
|  17|0x00000005c8800000, 0x00000005c9000000, 0x00000005c9000000|100%|HC|  |TAMS 0x00000005c8800000, 0x00000005c8800000| Complete 
|  18|0x00000005c9000000, 0x00000005c9800000, 0x00000005c9800000|100%|HC|  |TAMS 0x00000005c9000000, 0x00000005c9000000| Complete 
|  19|0x00000005c9800000, 0x00000005ca000000, 0x00000005ca000000|100%|HC|  |TAMS 0x00000005c9800000, 0x00000005c9800000| Complete 
|  20|0x00000005ca000000, 0x00000005ca800000, 0x00000005ca800000|100%|HC|  |TAMS 0x00000005ca000000, 0x00000005ca000000| Complete 
|  21|0x00000005ca800000, 0x00000005cb000000, 0x00000005cb000000|100%|HC|  |TAMS 0x00000005ca800000, 0x00000005ca800000| Complete 
|  22|0x00000005cb000000, 0x00000005cb800000, 0x00000005cb800000|100%|HC|  |TAMS 0x00000005cb000000, 0x00000005cb000000| Complete 
|  23|0x00000005cb800000, 0x00000005cc000000, 0x00000005cc000000|100%|HC|  |TAMS 0x00000005cb800000, 0x00000005cb800000| Complete 
|  24|0x00000005cc000000, 0x00000005cc800000, 0x00000005cc800000|100%|HC|  |TAMS 0x00000005cc000000, 0x00000005cc000000| Complete 
|  25|0x00000005cc800000, 0x00000005cd000000, 0x00000005cd000000|100%|HC|  |TAMS 0x00000005cc800000, 0x00000005cc800000| Complete 
|  26|0x00000005cd000000, 0x00000005cd800000, 0x00000005cd800000|100%|HC|  |TAMS 0x00000005cd000000, 0x00000005cd000000| Complete 
|  27|0x00000005cd800000, 0x00000005ce000000, 0x00000005ce000000|100%|HC|  |TAMS 0x00000005cd800000, 0x00000005cd800000| Complete 
|  28|0x00000005ce000000, 0x00000005ce800000, 0x00000005ce800000|100%|HC|  |TAMS 0x00000005ce000000, 0x00000005ce000000| Complete 
|  29|0x00000005ce800000, 0x00000005cf000000, 0x00000005cf000000|100%|HC|  |TAMS 0x00000005ce800000, 0x00000005ce800000| Complete 
|  62|0x00000005df000000, 0x00000005df000000, 0x00000005df800000|  0%| F|  |TAMS 0x00000005df000000, 0x00000005df000000| Untracked 
|  63|0x00000005df800000, 0x00000005dfc8c270, 0x00000005e0000000| 56%| S|CS|TAMS 0x00000005df800000, 0x00000005df800000| Complete 
|  71|0x00000005e3800000, 0x00000005e3856540, 0x00000005e4000000|  4%| E|  |TAMS 0x00000005e3800000, 0x00000005e3800000| Complete 
|1150|0x00000007ff000000, 0x00000007ff774000, 0x00000007ff800000| 93%|OA|  |TAMS 0x00000007ff774000, 0x00000007ff774000| Untracked 
|1151|0x00000007ff800000, 0x00000007ff874000, 0x0000000800000000|  5%|CA|  |TAMS 0x00000007ff874000, 0x00000007ff874000| Untracked 

Card table byte_map: [0x000000010cdf8000,0x000000010dff8000] _byte_map_base: 0x0000000109ff8000

Marking Bits (Prev, Next): (CMBitMap*) 0x0000000121822050, (CMBitMap*) 0x0000000121822010
 Prev Bits: [0x0000000149000000, 0x0000000152000000)
 Next Bits: [0x0000000140000000, 0x0000000149000000)

Polling page: 0x00000001027a0000

Metaspace:

Usage:
  Non-class:     35.82 MB used.
      Class:      4.81 MB used.
       Both:     40.63 MB used.

Virtual space:
  Non-class space:       64.00 MB reserved,      35.94 MB ( 56%) committed,  1 nodes.
      Class space:        1.00 GB reserved,       5.00 MB ( <1%) committed,  1 nodes.
             Both:        1.06 GB reserved,      40.94 MB (  4%) committed. 

Chunk freelists:
   Non-Class:  10.64 MB
       Class:  11.03 MB
        Both:  21.67 MB

MaxMetaspaceSize: unlimited
CompressedClassSpaceSize: 1.00 GB
Initial GC threshold: 21.00 MB
Current GC threshold: 68.25 MB
CDS: on
MetaspaceReclaimPolicy: balanced
 - commit_granule_bytes: 65536.
 - commit_granule_words: 8192.
 - virtual_space_node_default_size: 8388608.
 - enlarge_chunks_in_place: 1.
 - new_chunks_are_fully_committed: 0.
 - uncommit_free_chunks: 1.
 - use_allocation_guard: 0.
 - handle_deallocations: 1.


Internal statistics:

num_allocs_failed_limit: 9.
num_arena_births: 350.
num_arena_deaths: 0.
num_vsnodes_births: 2.
num_vsnodes_deaths: 0.
num_space_committed: 653.
num_space_uncommitted: 0.
num_chunks_returned_to_freelist: 9.
num_chunks_taken_from_freelist: 1617.
num_chunk_merges: 6.
num_chunk_splits: 1179.
num_chunks_enlarged: 917.
num_inconsistent_stats: 0.

CodeHeap 'non-profiled nmethods': size=120032Kb used=5901Kb max_used=5910Kb free=114130Kb
 bounds [0x0000000129ac8000, 0x000000012a0a8000, 0x0000000131000000]
CodeHeap 'profiled nmethods': size=120016Kb used=16504Kb max_used=17075Kb free=103511Kb
 bounds [0x0000000122000000, 0x00000001230d0000, 0x0000000129534000]
CodeHeap 'non-nmethods': size=5712Kb used=2019Kb max_used=2141Kb free=3692Kb
 bounds [0x0000000129534000, 0x00000001297a4000, 0x0000000129ac8000]
 total_blobs=9013 nmethods=7438 adapters=1491
 compilation: enabled
              stopped_count=0, restarted_count=0
 full_count=0

Compilation events (20 events):
Event: 260.118 Thread 0x000000012080a600 9768       3       sun.net.www.MessageHeader::grow (92 bytes)
Event: 260.118 Thread 0x000000012080a600 nmethod 9768 0x0000000122a97a10 code [0x0000000122a97c00, 0x0000000122a98138]
Event: 260.120 Thread 0x000000012080a000 nmethod 9751 0x0000000129cea110 code [0x0000000129cea400, 0x0000000129ceb3d0]
Event: 260.120 Thread 0x000000012080a000 9758       4       javafx.scene.CssStyleHelper::createStyleHelper (316 bytes)
Event: 260.125 Thread 0x000000012080a600 9769       3       com.sun.javafx.font.FontStrikeDesc::equals (98 bytes)
Event: 260.125 Thread 0x000000012080a600 nmethod 9769 0x000000012285f410 code [0x000000012285f600, 0x000000012285fad8]
Event: 260.130 Thread 0x000000012080a600 9770       3       java.util.concurrent.ConcurrentHashMap::isEmpty (15 bytes)
Event: 260.130 Thread 0x000000012080a600 nmethod 9770 0x0000000122b01190 code [0x0000000122b01340, 0x0000000122b01508]
Event: 260.130 Thread 0x000000012080a600 9772       3       jdk.internal.loader.NativeLibraries::find (72 bytes)
Event: 260.130 Thread 0x000000012080a600 nmethod 9772 0x0000000122866710 code [0x0000000122866980, 0x00000001228672b8]
Event: 260.130 Thread 0x000000012080a600 9771       3       java.lang.ClassLoader::findNative (21 bytes)
Event: 260.130 Thread 0x000000012080a600 nmethod 9771 0x00000001228ea190 code [0x00000001228ea380, 0x00000001228ea5b8]
Event: 260.132 Thread 0x0000000372a89200 nmethod 9734 0x0000000129fb2210 code [0x0000000129fb2900, 0x0000000129fb5c90]
Event: 260.132 Thread 0x0000000372a89200 9756       4       java.util.HashMap::valuesToArray (81 bytes)
Event: 260.134 Thread 0x0000000372a89200 nmethod 9756 0x0000000129ce9a90 code [0x0000000129ce9c40, 0x0000000129ce9f20]
Event: 260.134 Thread 0x0000000372a89200 9752       4       java.util.TimSort::binarySort (223 bytes)
Event: 260.138 Thread 0x0000000372a89200 nmethod 9752 0x0000000129c45310 code [0x0000000129c45500, 0x0000000129c45c80]
Event: 260.138 Thread 0x0000000372a89200 9757       4       javafx.scene.Parent::setChildDirty (74 bytes)
Event: 260.141 Thread 0x0000000372a89200 nmethod 9757 0x0000000129c44590 code [0x0000000129c447c0, 0x0000000129c44fd0]
Event: 260.164 Thread 0x000000012080a600 9773 %     3       com.sun.javafx.font.PrismFontFile::buildSbixStrikeTables @ 161 (216 bytes)

GC Heap History (20 events):
Event: 0.288 GC heap before
{Heap before GC invocations=0 (full 0):
 garbage-first heap   total 606208K, used 24480K [0x00000005c0000000, 0x0000000800000000)
  region size 8192K, 3 young (24576K), 0 survivors (0K)
 Metaspace       used 6605K, committed 6784K, reserved 1114112K
  class space    used 756K, committed 832K, reserved 1048576K
}
Event: 0.289 GC heap after
{Heap after GC invocations=1 (full 0):
 garbage-first heap   total 606208K, used 12906K [0x00000005c0000000, 0x0000000800000000)
  region size 8192K, 1 young (8192K), 1 survivors (8192K)
 Metaspace       used 6605K, committed 6784K, reserved 1114112K
  class space    used 756K, committed 832K, reserved 1048576K
}
Event: 0.447 GC heap before
{Heap before GC invocations=1 (full 0):
 garbage-first heap   total 606208K, used 37482K [0x00000005c0000000, 0x0000000800000000)
  region size 8192K, 4 young (32768K), 1 survivors (8192K)
 Metaspace       used 13815K, committed 14016K, reserved 1114112K
  class space    used 1847K, committed 1984K, reserved 1048576K
}
Event: 0.449 GC heap after
{Heap after GC invocations=2 (full 0):
 garbage-first heap   total 606208K, used 16518K [0x00000005c0000000, 0x0000000800000000)
  region size 8192K, 1 young (8192K), 1 survivors (8192K)
 Metaspace       used 13815K, committed 14016K, reserved 1114112K
  class space    used 1847K, committed 1984K, reserved 1048576K
}
Event: 34.716 GC heap before
{Heap before GC invocations=2 (full 0):
 garbage-first heap   total 606208K, used 254086K [0x00000005c0000000, 0x0000000800000000)
  region size 8192K, 8 young (65536K), 1 survivors (8192K)
 Metaspace       used 21251K, committed 21504K, reserved 1114112K
  class space    used 2888K, committed 3072K, reserved 1048576K
}
Event: 34.720 GC heap after
{Heap after GC invocations=3 (full 0):
 garbage-first heap   total 606208K, used 25008K [0x00000005c0000000, 0x0000000800000000)
  region size 8192K, 2 young (16384K), 2 survivors (16384K)
 Metaspace       used 21251K, committed 21504K, reserved 1114112K
  class space    used 2888K, committed 3072K, reserved 1048576K
}
Event: 68.128 GC heap before
{Heap before GC invocations=4 (full 0):
 garbage-first heap   total 163840K, used 98736K [0x00000005c0000000, 0x0000000800000000)
  region size 8192K, 12 young (98304K), 2 survivors (16384K)
 Metaspace       used 24733K, committed 25024K, reserved 1114112K
  class space    used 3397K, committed 3520K, reserved 1048576K
}
Event: 68.132 GC heap after
{Heap after GC invocations=5 (full 0):
 garbage-first heap   total 163840K, used 30275K [0x00000005c0000000, 0x0000000800000000)
  region size 8192K, 1 young (8192K), 1 survivors (8192K)
 Metaspace       used 24733K, committed 25024K, reserved 1114112K
  class space    used 3397K, committed 3520K, reserved 1048576K
}
Event: 70.735 GC heap before
{Heap before GC invocations=5 (full 0):
 garbage-first heap   total 163840K, used 38467K [0x00000005c0000000, 0x0000000800000000)
  region size 8192K, 2 young (16384K), 1 survivors (8192K)
 Metaspace       used 25218K, committed 25472K, reserved 1114112K
  class space    used 3434K, committed 3520K, reserved 1048576K
}
Event: 70.741 GC heap after
{Heap after GC invocations=6 (full 0):
 garbage-first heap   total 163840K, used 30645K [0x00000005c0000000, 0x0000000800000000)
  region size 8192K, 1 young (8192K), 1 survivors (8192K)
 Metaspace       used 25218K, committed 25472K, reserved 1114112K
  class space    used 3434K, committed 3520K, reserved 1048576K
}
Event: 105.592 GC heap before
{Heap before GC invocations=6 (full 0):
 garbage-first heap   total 163840K, used 79797K [0x00000005c0000000, 0x0000000800000000)
  region size 8192K, 8 young (65536K), 1 survivors (8192K)
 Metaspace       used 33906K, committed 34240K, reserved 1114112K
  class space    used 4060K, committed 4224K, reserved 1048576K
}
Event: 105.597 GC heap after
{Heap after GC invocations=7 (full 0):
 garbage-first heap   total 163840K, used 32819K [0x00000005c0000000, 0x0000000800000000)
  region size 8192K, 1 young (8192K), 1 survivors (8192K)
 Metaspace       used 33906K, committed 34240K, reserved 1114112K
  class space    used 4060K, committed 4224K, reserved 1048576K
}
Event: 120.807 GC heap before
{Heap before GC invocations=7 (full 0):
 garbage-first heap   total 163840K, used 98355K [0x00000005c0000000, 0x0000000800000000)
  region size 8192K, 9 young (73728K), 1 survivors (8192K)
 Metaspace       used 35213K, committed 35520K, reserved 1114112K
  class space    used 4173K, committed 4352K, reserved 1048576K
}
Event: 120.809 GC heap after
{Heap after GC invocations=8 (full 0):
 garbage-first heap   total 163840K, used 52073K [0x00000005c0000000, 0x0000000800000000)
  region size 8192K, 2 young (16384K), 2 survivors (16384K)
 Metaspace       used 35213K, committed 35520K, reserved 1114112K
  class space    used 4173K, committed 4352K, reserved 1048576K
}
Event: 131.354 GC heap before
{Heap before GC invocations=8 (full 0):
 garbage-first heap   total 163840K, used 76649K [0x00000005c0000000, 0x0000000800000000)
  region size 8192K, 6 young (49152K), 2 survivors (16384K)
 Metaspace       used 35840K, committed 36096K, reserved 1114112K
  class space    used 4263K, committed 4416K, reserved 1048576K
}
Event: 131.357 GC heap after
{Heap after GC invocations=9 (full 0):
 garbage-first heap   total 163840K, used 52474K [0x00000005c0000000, 0x0000000800000000)
  region size 8192K, 1 young (8192K), 1 survivors (8192K)
 Metaspace       used 35840K, committed 36096K, reserved 1114112K
  class space    used 4263K, committed 4416K, reserved 1048576K
}
Event: 260.100 GC heap before
{Heap before GC invocations=10 (full 0):
 garbage-first heap   total 163840K, used 101626K [0x00000005c0000000, 0x0000000800000000)
  region size 8192K, 7 young (57344K), 1 survivors (8192K)
 Metaspace       used 41591K, committed 41920K, reserved 1114112K
  class space    used 4924K, committed 5120K, reserved 1048576K
}
Event: 260.102 GC heap after
{Heap after GC invocations=11 (full 0):
 garbage-first heap   total 163840K, used 55378K [0x00000005c0000000, 0x0000000800000000)
  region size 8192K, 1 young (8192K), 1 survivors (8192K)
 Metaspace       used 41591K, committed 41920K, reserved 1114112K
  class space    used 4924K, committed 5120K, reserved 1048576K
}
Event: 260.130 GC heap before
{Heap before GC invocations=12 (full 0):
 garbage-first heap   total 163840K, used 63570K [0x00000005c0000000, 0x0000000800000000)
  region size 8192K, 2 young (16384K), 1 survivors (8192K)
 Metaspace       used 41603K, committed 41920K, reserved 1114112K
  class space    used 4924K, committed 5120K, reserved 1048576K
}
Event: 260.132 GC heap after
{Heap after GC invocations=13 (full 0):
 garbage-first heap   total 163840K, used 64685K [0x00000005c0000000, 0x0000000800000000)
  region size 8192K, 1 young (8192K), 1 survivors (8192K)
 Metaspace       used 41603K, committed 41920K, reserved 1114112K
  class space    used 4924K, committed 5120K, reserved 1048576K
}

Dll operation events (20 events):
Event: 72.425 Loaded shared library /Users/aziz/.javacpp/cache/opencv-4.7.0-1.5.9-macosx-arm64.jar/org/bytedeco/opencv/macosx-arm64/libjniopencv_imgproc.dylib
Event: 72.597 Loaded shared library /Users/aziz/.javacpp/cache/opencv-4.7.0-1.5.9-macosx-arm64.jar/org/bytedeco/opencv/macosx-arm64/libopencv_imgcodecs.407.dylib
Event: 72.749 Loaded shared library /Users/aziz/.javacpp/cache/opencv-4.7.0-1.5.9-macosx-arm64.jar/org/bytedeco/opencv/macosx-arm64/libjniopencv_imgcodecs.dylib
Event: 72.902 Loaded shared library /Users/aziz/.javacpp/cache/opencv-4.7.0-1.5.9-macosx-arm64.jar/org/bytedeco/opencv/macosx-arm64/libopencv_videoio.407.dylib
Event: 73.060 Loaded shared library /Users/aziz/.javacpp/cache/opencv-4.7.0-1.5.9-macosx-arm64.jar/org/bytedeco/opencv/macosx-arm64/libjniopencv_videoio.dylib
Event: 73.218 Loaded shared library /Users/aziz/.javacpp/cache/opencv-4.7.0-1.5.9-macosx-arm64.jar/org/bytedeco/opencv/macosx-arm64/libopencv_highgui.407.dylib
Event: 73.379 Loaded shared library /Users/aziz/.javacpp/cache/opencv-4.7.0-1.5.9-macosx-arm64.jar/org/bytedeco/opencv/macosx-arm64/libjniopencv_highgui.dylib
Event: 73.535 Loaded shared library /Users/aziz/.javacpp/cache/opencv-4.7.0-1.5.9-macosx-arm64.jar/org/bytedeco/opencv/macosx-arm64/libopencv_flann.407.dylib
Event: 73.695 Loaded shared library /Users/aziz/.javacpp/cache/opencv-4.7.0-1.5.9-macosx-arm64.jar/org/bytedeco/opencv/macosx-arm64/libjniopencv_flann.dylib
Event: 73.878 Loaded shared library /Users/aziz/.javacpp/cache/opencv-4.7.0-1.5.9-macosx-arm64.jar/org/bytedeco/opencv/macosx-arm64/libopencv_features2d.407.dylib
Event: 74.042 Loaded shared library /Users/aziz/.javacpp/cache/opencv-4.7.0-1.5.9-macosx-arm64.jar/org/bytedeco/opencv/macosx-arm64/libjniopencv_features2d.dylib
Event: 74.216 Loaded shared library /Users/aziz/.javacpp/cache/opencv-4.7.0-1.5.9-macosx-arm64.jar/org/bytedeco/opencv/macosx-arm64/libopencv_calib3d.407.dylib
Event: 74.372 Loaded shared library /Users/aziz/.javacpp/cache/opencv-4.7.0-1.5.9-macosx-arm64.jar/org/bytedeco/opencv/macosx-arm64/libjniopencv_calib3d.dylib
Event: 74.551 Loaded shared library /Users/aziz/.javacpp/cache/opencv-4.7.0-1.5.9-macosx-arm64.jar/org/bytedeco/opencv/macosx-arm64/libopencv_dnn.407.dylib
Event: 74.714 Loaded shared library /Users/aziz/.javacpp/cache/opencv-4.7.0-1.5.9-macosx-arm64.jar/org/bytedeco/opencv/macosx-arm64/libjniopencv_dnn.dylib
Event: 74.884 Loaded shared library /Users/aziz/.javacpp/cache/opencv-4.7.0-1.5.9-macosx-arm64.jar/org/bytedeco/opencv/macosx-arm64/libopencv_objdetect.407.dylib
Event: 75.039 Loaded shared library /Users/aziz/.javacpp/cache/opencv-4.7.0-1.5.9-macosx-arm64.jar/org/bytedeco/opencv/macosx-arm64/libjniopencv_objdetect.dylib
Event: 90.378 Loaded shared library /opt/homebrew/Cellar/openjdk@17/17.0.15/libexec/openjdk.jdk/Contents/Home/lib/libverify.dylib
Event: 112.600 Loading shared library /Users/aziz/.m2/repository/org/openjfx/javafx-graphics/21.0.2/libjavafx_iio.dylib failed, dlopen(/Users/aziz/.m2/repository/org/openjfx/javafx-graphics/21.0.2/libjavafx_iio.dylib, 0x0001): tried: '/Users/aziz/.m2/repository/org/open
Event: 112.840 Loaded shared library /Users/aziz/.openjfx/cache/21.0.2+5/aarch64/libjavafx_iio.dylib

Deoptimization events (20 events):
Event: 260.125 Thread 0x0000000121a24a00 Uncommon trap: trap_request=0xffffff45 fr.pc=0x0000000129c2e3bc relative=0x000000000000187c
Event: 260.125 Thread 0x0000000121a24a00 Uncommon trap: reason=unstable_if action=reinterpret pc=0x0000000129c2e3bc method=com.sun.javafx.text.PrismTextLayout.shape(Lcom/sun/javafx/text/TextRun;[CLcom/sun/javafx/text/GlyphLayout;)V @ 358 c2
Event: 260.125 Thread 0x0000000121a24a00 DEOPT PACKING pc=0x0000000129c2e3bc sp=0x000000016d6eb430
Event: 260.125 Thread 0x0000000121a24a00 DEOPT UNPACKING pc=0x000000012957b91c sp=0x000000016d6eb3b0 mode 2
Event: 260.125 Thread 0x0000000121a24a00 Uncommon trap: trap_request=0xffffff45 fr.pc=0x0000000129fa6354 relative=0x0000000000000194
Event: 260.125 Thread 0x0000000121a24a00 Uncommon trap: reason=unstable_if action=reinterpret pc=0x0000000129fa6354 method=com.sun.javafx.text.TextRun.getWidth()F @ 30 c2
Event: 260.125 Thread 0x0000000121a24a00 DEOPT PACKING pc=0x0000000129fa6354 sp=0x000000016d6eb490
Event: 260.125 Thread 0x0000000121a24a00 DEOPT UNPACKING pc=0x000000012957b91c sp=0x000000016d6eb410 mode 2
Event: 260.130 Thread 0x0000000121a24a00 Uncommon trap: trap_request=0xffffff45 fr.pc=0x0000000129d5ad48 relative=0x0000000000000088
Event: 260.130 Thread 0x0000000121a24a00 Uncommon trap: reason=unstable_if action=reinterpret pc=0x0000000129d5ad48 method=com.sun.javafx.text.TextRun.getAdvance(I)F @ 8 c2
Event: 260.130 Thread 0x0000000121a24a00 DEOPT PACKING pc=0x0000000129d5ad48 sp=0x000000016d6eb3a0
Event: 260.130 Thread 0x0000000121a24a00 DEOPT UNPACKING pc=0x000000012957b91c sp=0x000000016d6eb320 mode 2
Event: 260.130 Thread 0x0000000121a24a00 Uncommon trap: trap_request=0xffffff45 fr.pc=0x0000000129bf51f8 relative=0x00000000000000b8
Event: 260.130 Thread 0x0000000121a24a00 Uncommon trap: reason=unstable_if action=reinterpret pc=0x0000000129bf51f8 method=com.sun.javafx.text.TextRun.getGlyphCode(I)I @ 21 c2
Event: 260.130 Thread 0x0000000121a24a00 DEOPT PACKING pc=0x0000000129bf51f8 sp=0x000000016d6eb3a0
Event: 260.130 Thread 0x0000000121a24a00 DEOPT UNPACKING pc=0x000000012957b91c sp=0x000000016d6eb330 mode 2
Event: 260.130 Thread 0x0000000121a24a00 Uncommon trap: trap_request=0xffffff45 fr.pc=0x0000000129ebb5c8 relative=0x0000000000001d08
Event: 260.130 Thread 0x0000000121a24a00 Uncommon trap: reason=unstable_if action=reinterpret pc=0x0000000129ebb5c8 method=com.sun.javafx.font.LogicalFont.getSlotResource(I)Lcom/sun/javafx/font/FontResource; @ 23 c2
Event: 260.130 Thread 0x0000000121a24a00 DEOPT PACKING pc=0x0000000129ebb5c8 sp=0x000000016d6eb340
Event: 260.130 Thread 0x0000000121a24a00 DEOPT UNPACKING pc=0x000000012957b91c sp=0x000000016d6eb260 mode 2

Classes loaded (20 events):
Event: 131.642 Loading class sun/net/www/protocol/http/HttpURLConnection$HttpInputStream
Event: 131.642 Loading class sun/net/www/protocol/http/HttpURLConnection$HttpInputStream done
Event: 131.643 Loading class sun/net/www/http/KeepAliveCache$1
Event: 131.643 Loading class sun/net/www/http/KeepAliveCache$1 done
Event: 131.643 Loading class sun/net/www/http/ClientVector
Event: 131.643 Loading class sun/net/www/http/ClientVector done
Event: 131.643 Loading class sun/net/www/http/KeepAliveEntry
Event: 131.643 Loading class sun/net/www/http/KeepAliveEntry done
Event: 131.645 Loading class java/io/StringReader
Event: 131.645 Loading class java/io/StringReader done
Event: 136.648 Loading class sun/security/ssl/Alert
Event: 136.649 Loading class sun/security/ssl/Alert done
Event: 136.649 Loading class sun/security/ssl/Alert$AlertConsumer
Event: 136.649 Loading class sun/security/ssl/Alert$AlertConsumer done
Event: 136.649 Loading class sun/security/ssl/Alert$Level
Event: 136.649 Loading class sun/security/ssl/Alert$Level done
Event: 136.651 Loading class java/net/SocketTimeoutException
Event: 136.651 Loading class java/io/InterruptedIOException
Event: 136.651 Loading class java/io/InterruptedIOException done
Event: 136.651 Loading class java/net/SocketTimeoutException done

Classes unloaded (0 events):
No events

Classes redefined (0 events):
No events

Internal exceptions (20 events):
Event: 56.847 Thread 0x0000000121a24a00 Exception <a 'java/lang/NoSuchMethodError'{0x00000005c497f8b8}: 'int java.lang.invoke.DirectMethodHandle$Holder.invokeSpecial(java.lang.Object, java.lang.Object, int)'> (0x00000005c497f8b8) 
thrown [src/hotspot/share/interpreter/linkResolver.cpp, line 759]
Event: 70.707 Thread 0x0000000121a24a00 Exception <a 'java/lang/NoSuchMethodError'{0x00000005e3d91188}: 'int java.lang.invoke.DirectMethodHandle$Holder.invokeStatic(java.lang.Object, java.lang.Object, java.lang.Object, java.lang.Object)'> (0x00000005e3d91188) 
thrown [src/hotspot/share/interpreter/linkResolver.cpp, line 759]
Event: 70.707 Thread 0x0000000121a24a00 Exception <a 'java/lang/NoSuchMethodError'{0x00000005e3d95380}: 'int java.lang.invoke.DirectMethodHandle$Holder.invokeStaticInit(java.lang.Object, java.lang.Object, java.lang.Object, java.lang.Object)'> (0x00000005e3d95380) 
thrown [src/hotspot/share/interpreter/linkResolver.cpp, line 759]
Event: 70.707 Thread 0x0000000121a24a00 Exception <a 'java/lang/IncompatibleClassChangeError'{0x00000005e3d9e9e8}: Found class java.lang.Object, but interface was expected> (0x00000005e3d9e9e8) 
thrown [src/hotspot/share/interpreter/linkResolver.cpp, line 826]
Event: 90.663 Thread 0x0000000121a24a00 Implicit null exception at 0x0000000129cb7fe8 to 0x0000000129cba634
Event: 90.663 Thread 0x0000000121a24a00 Implicit null exception at 0x0000000129b5fd1c to 0x0000000129b5fe54
Event: 92.722 Thread 0x0000000121a24a00 Implicit null exception at 0x0000000129f77200 to 0x0000000129f79178
Event: 92.757 Thread 0x0000000121a24a00 Exception <a 'java/io/FileNotFoundException'{0x00000005c553bec0}> (0x00000005c553bec0) 
thrown [src/hotspot/share/prims/jni.cpp, line 516]
Event: 112.600 Thread 0x0000000121a24a00 Exception <a 'java/io/FileNotFoundException'{0x00000005df969408}> (0x00000005df969408) 
thrown [src/hotspot/share/prims/jni.cpp, line 516]
Event: 112.862 Thread 0x0000000121a24a00 Implicit null exception at 0x0000000129da9820 to 0x0000000129daad54
Event: 112.941 Thread 0x0000000121a24a00 Exception <a 'java/io/FileNotFoundException'{0x00000005dfd61170}> (0x00000005dfd61170) 
thrown [src/hotspot/share/prims/jni.cpp, line 516]
Event: 120.814 Thread 0x000000013700b200 Implicit null exception at 0x0000000129d5acd4 to 0x0000000129d5ad18
Event: 126.520 Thread 0x0000000121a24a00 Exception <a 'java/io/FileNotFoundException'{0x00000005df1a3448}> (0x00000005df1a3448) 
thrown [src/hotspot/share/prims/jni.cpp, line 516]
Event: 131.543 Thread 0x0000000121922600 Implicit null exception at 0x000000012a065d58 to 0x000000012a065ec0
Event: 138.915 Thread 0x0000000121a24a00 Implicit null exception at 0x0000000129d35c5c to 0x0000000129d37e40
Event: 141.326 Thread 0x0000000121a24a00 Exception <a 'java/io/FileNotFoundException'{0x00000005c5aa3218}> (0x00000005c5aa3218) 
thrown [src/hotspot/share/prims/jni.cpp, line 516]
Event: 260.114 Thread 0x0000000121a24a00 Implicit null exception at 0x0000000129bfc0ac to 0x0000000129bfc85c
Event: 260.114 Thread 0x0000000121a24a00 Implicit null exception at 0x0000000129d546ac to 0x0000000129d56020
Event: 260.118 Thread 0x0000000121a24a00 Exception <a 'java/io/FileNotFoundException'{0x00000005e3d2b908}> (0x00000005e3d2b908) 
thrown [src/hotspot/share/prims/jni.cpp, line 516]
Event: 260.125 Thread 0x0000000121a24a00 Implicit null exception at 0x0000000129c2cdb8 to 0x0000000129c2e39c

VM Operations (20 events):
Event: 247.627 Executing VM operation: Cleanup
Event: 247.627 Executing VM operation: Cleanup done
Event: 249.633 Executing VM operation: Cleanup
Event: 249.633 Executing VM operation: Cleanup done
Event: 250.638 Executing VM operation: Cleanup
Event: 250.638 Executing VM operation: Cleanup done
Event: 254.651 Executing VM operation: Cleanup
Event: 254.651 Executing VM operation: Cleanup done
Event: 257.661 Executing VM operation: Cleanup
Event: 257.661 Executing VM operation: Cleanup done
Event: 259.663 Executing VM operation: Cleanup
Event: 259.663 Executing VM operation: Cleanup done
Event: 260.100 Executing VM operation: G1CollectForAllocation
Event: 260.102 Executing VM operation: G1CollectForAllocation done
Event: 260.108 Executing VM operation: G1PauseRemark
Event: 260.110 Executing VM operation: G1PauseRemark done
Event: 260.112 Executing VM operation: G1PauseCleanup
Event: 260.113 Executing VM operation: G1PauseCleanup done
Event: 260.130 Executing VM operation: G1TryInitiateConcMark
Event: 260.132 Executing VM operation: G1TryInitiateConcMark done

Memory protections (20 events):
Event: 125.922 Protecting memory [0x0000000320e1c000,0x0000000320e28000] with protection modes 3
Event: 126.176 Protecting memory [0x0000000320e1c000,0x0000000320e28000] with protection modes 0
Event: 126.332 Protecting memory [0x000000035ef64000,0x000000035ef70000] with protection modes 0
Event: 127.027 Protecting memory [0x0000000320e1c000,0x0000000320e28000] with protection modes 3
Event: 127.560 Protecting memory [0x0000000320e1c000,0x0000000320e28000] with protection modes 0
Event: 128.322 Protecting memory [0x0000000320e1c000,0x0000000320e28000] with protection modes 3
Event: 128.688 Protecting memory [0x0000000320e1c000,0x0000000320e28000] with protection modes 0
Event: 131.397 Protecting memory [0x0000000349a24000,0x0000000349a30000] with protection modes 0
Event: 131.570 Protecting memory [0x0000000349c30000,0x0000000349c3c000] with protection modes 0
Event: 131.581 Protecting memory [0x0000000349f68000,0x0000000349f74000] with protection modes 0
Event: 131.581 Protecting memory [0x0000000349f68000,0x0000000349f74000] with protection modes 3
Event: 131.643 Protecting memory [0x0000000349f68000,0x0000000349f74000] with protection modes 0
Event: 132.418 Protecting memory [0x0000000349c30000,0x0000000349c3c000] with protection modes 3
Event: 132.768 Protecting memory [0x0000000349a24000,0x0000000349a30000] with protection modes 3
Event: 136.652 Protecting memory [0x0000000349f68000,0x0000000349f74000] with protection modes 3
Event: 139.693 Protecting memory [0x0000000320e1c000,0x0000000320e28000] with protection modes 3
Event: 140.889 Protecting memory [0x0000000320e1c000,0x0000000320e28000] with protection modes 0
Event: 143.201 Protecting memory [0x0000000320e1c000,0x0000000320e28000] with protection modes 3
Event: 240.864 Protecting memory [0x0000000320e1c000,0x0000000320e28000] with protection modes 0
Event: 260.098 Protecting memory [0x000000034db44000,0x000000034db50000] with protection modes 0

Nmethod flushes (20 events):
Event: 131.914 Thread 0x0000000120815200 flushing  nmethod 0x0000000123021710
Event: 131.914 Thread 0x0000000120815200 flushing  nmethod 0x0000000123021d90
Event: 131.914 Thread 0x0000000120815200 flushing  nmethod 0x0000000123023c10
Event: 131.914 Thread 0x0000000120815200 flushing  nmethod 0x000000012302f390
Event: 131.914 Thread 0x0000000120815200 flushing  nmethod 0x000000012302f990
Event: 131.914 Thread 0x0000000120815200 flushing  nmethod 0x000000012302fe90
Event: 131.914 Thread 0x0000000120815200 flushing  nmethod 0x0000000123030390
Event: 131.914 Thread 0x0000000120815200 flushing  nmethod 0x0000000123035310
Event: 131.914 Thread 0x0000000120815200 flushing  nmethod 0x0000000123035810
Event: 131.914 Thread 0x0000000120815200 flushing  nmethod 0x0000000123035b10
Event: 131.914 Thread 0x0000000120815200 flushing  nmethod 0x0000000123038290
Event: 131.914 Thread 0x0000000120815200 flushing  nmethod 0x0000000123040190
Event: 131.914 Thread 0x0000000120815200 flushing  nmethod 0x0000000123042110
Event: 131.914 Thread 0x0000000120815200 flushing  nmethod 0x000000012305dc10
Event: 131.914 Thread 0x0000000120815200 flushing  nmethod 0x000000012305e690
Event: 131.914 Thread 0x0000000120815200 flushing  nmethod 0x000000012305f090
Event: 131.914 Thread 0x0000000120815200 flushing  nmethod 0x0000000123060590
Event: 131.914 Thread 0x0000000120815200 flushing  nmethod 0x0000000123060d10
Event: 131.914 Thread 0x0000000120815200 flushing  nmethod 0x0000000123077890
Event: 131.914 Thread 0x0000000120815200 flushing  nmethod 0x0000000123077c90

Events (20 events):
Event: 125.923 Thread 0x00000003228c5800 Thread exited: 0x00000003228c5800
Event: 126.176 Thread 0x0000000154c76200 Thread added: 0x0000000154c76200
Event: 126.332 Thread 0x0000000121a24a00 Thread added: 0x0000000121922600
Event: 127.027 Thread 0x0000000154c76200 Thread exited: 0x0000000154c76200
Event: 127.560 Thread 0x0000000321858800 Thread added: 0x0000000321858800
Event: 128.322 Thread 0x0000000321858800 Thread exited: 0x0000000321858800
Event: 128.688 Thread 0x000000015604a600 Thread added: 0x000000015604a600
Event: 131.397 Thread 0x000000012080a600 Thread added: 0x0000000120812400
Event: 131.570 Thread 0x0000000120812400 Thread added: 0x0000000372d1fe00
Event: 131.581 Thread 0x0000000121922600 Thread added: 0x0000000120c0ce00
Event: 131.581 Thread 0x0000000120c0ce00 Thread exited: 0x0000000120c0ce00
Event: 131.643 Thread 0x0000000121922600 Thread added: 0x0000000121999400
Event: 132.418 Thread 0x0000000372d1fe00 Thread exited: 0x0000000372d1fe00
Event: 132.768 Thread 0x0000000120812400 Thread exited: 0x0000000120812400
Event: 136.652 Thread 0x0000000121999400 Thread exited: 0x0000000121999400
Event: 139.693 Thread 0x000000015604a600 Thread exited: 0x000000015604a600
Event: 140.889 Thread 0x0000000322808800 Thread added: 0x0000000322808800
Event: 143.201 Thread 0x0000000322808800 Thread exited: 0x0000000322808800
Event: 240.864 Thread 0x0000000120bf0a00 Thread added: 0x0000000120bf0a00
Event: 260.098 Thread 0x000000012080a600 Thread added: 0x0000000372a89200


Dynamic libraries:
0x0000000102744000 	/opt/homebrew/Cellar/openjdk@17/17.0.15/libexec/openjdk.jdk/Contents/Home/lib/libjli.dylib
0x00000001ab36c000 	/usr/lib/libz.1.dylib
0x00000001ab422000 	/usr/lib/libSystem.B.dylib
0x00000001ab41c000 	/usr/lib/system/libcache.dylib
0x00000001ab3d7000 	/usr/lib/system/libcommonCrypto.dylib
0x00000001ab402000 	/usr/lib/system/libcompiler_rt.dylib
0x00000001ab3f7000 	/usr/lib/system/libcopyfile.dylib
0x000000019cf23000 	/usr/lib/system/libcorecrypto.dylib
0x000000019d00a000 	/usr/lib/system/libdispatch.dylib
0x000000019d1ca000 	/usr/lib/system/libdyld.dylib
0x00000001ab412000 	/usr/lib/system/libkeymgr.dylib
0x00000001ab3ba000 	/usr/lib/system/libmacho.dylib
0x00000001aa7e7000 	/usr/lib/system/libquarantine.dylib
0x00000001ab40f000 	/usr/lib/system/libremovefile.dylib
0x00000001a31c0000 	/usr/lib/system/libsystem_asl.dylib
0x000000019ceb8000 	/usr/lib/system/libsystem_blocks.dylib
0x000000019d054000 	/usr/lib/system/libsystem_c.dylib
0x00000001ab406000 	/usr/lib/system/libsystem_collections.dylib
0x00000001a97d7000 	/usr/lib/system/libsystem_configuration.dylib
0x00000001a856d000 	/usr/lib/system/libsystem_containermanager.dylib
0x00000001aaefd000 	/usr/lib/system/libsystem_coreservices.dylib
0x00000001a0cc4000 	/usr/lib/system/libsystem_darwin.dylib
0x0000000285c54000 	/usr/lib/system/libsystem_darwindirectory.dylib
0x00000001ab413000 	/usr/lib/system/libsystem_dnssd.dylib
0x0000000285c58000 	/usr/lib/system/libsystem_eligibility.dylib
0x000000019d051000 	/usr/lib/system/libsystem_featureflags.dylib
0x000000019d202000 	/usr/lib/system/libsystem_info.dylib
0x00000001ab37b000 	/usr/lib/system/libsystem_m.dylib
0x000000019cfc2000 	/usr/lib/system/libsystem_malloc.dylib
0x00000001a3129000 	/usr/lib/system/libsystem_networkextension.dylib
0x00000001a1126000 	/usr/lib/system/libsystem_notify.dylib
0x00000001a97dc000 	/usr/lib/system/libsystem_sandbox.dylib
0x0000000285c60000 	/usr/lib/system/libsystem_sanitizers.dylib
0x00000001ab40b000 	/usr/lib/system/libsystem_secinit.dylib
0x000000019d181000 	/usr/lib/system/libsystem_kernel.dylib
0x000000019d1fa000 	/usr/lib/system/libsystem_platform.dylib
0x000000019d1bd000 	/usr/lib/system/libsystem_pthread.dylib
0x00000001a4d1d000 	/usr/lib/system/libsystem_symptoms.dylib
0x000000019cf07000 	/usr/lib/system/libsystem_trace.dylib
0x00000001ab3e5000 	/usr/lib/system/libunwind.dylib
0x000000019cebc000 	/usr/lib/system/libxpc.dylib
0x000000019cdc8000 	/usr/lib/libobjc.A.dylib
0x000000019d232000 	/System/Library/Frameworks/CoreFoundation.framework/Versions/A/CoreFoundation
0x00000001ae991000 	/usr/lib/swift/libswiftCore.dylib
0x000000019d163000 	/usr/lib/libc++abi.dylib
0x0000000284829000 	/usr/lib/libRosetta.dylib
0x000000019d0d6000 	/usr/lib/libc++.1.dylib
0x000000019e823000 	/System/Library/Frameworks/Foundation.framework/Versions/C/Foundation
0x00000001b75c3000 	/usr/lib/swift/libswiftObjectiveC.dylib
0x00000001a0fc2000 	/System/Library/PrivateFrameworks/CoreServicesInternal.framework/Versions/A/CoreServicesInternal
0x00000001ab3ef000 	/usr/lib/liboah.dylib
0x00000001ab424000 	/usr/lib/libfakelink.dylib
0x00000001a09f8000 	/usr/lib/libicucore.A.dylib
0x00000001ab427000 	/System/Library/PrivateFrameworks/SoftLinking.framework/Versions/A/SoftLinking
0x00000001b2e47000 	/System/Library/Frameworks/CoreServices.framework/Versions/A/CoreServices
0x00000001a05f3000 	/System/Library/Frameworks/Security.framework/Versions/A/Security
0x00000001a1043000 	/System/Library/Frameworks/IOKit.framework/Versions/A/IOKit
0x00000001b6abc000 	/System/Library/PrivateFrameworks/DiskImages.framework/Versions/A/DiskImages
0x00000001c2fc8000 	/System/Library/Frameworks/NetFS.framework/Versions/A/NetFS
0x00000001a2d5f000 	/System/Library/Frameworks/CFNetwork.framework/Versions/A/CFNetwork
0x00000001a69f0000 	/System/Library/Frameworks/CoreServices.framework/Versions/A/Frameworks/FSEvents.framework/Versions/A/FSEvents
0x00000001a0ccf000 	/System/Library/Frameworks/CoreServices.framework/Versions/A/Frameworks/CarbonCore.framework/Versions/A/CarbonCore
0x00000001a5e64000 	/System/Library/Frameworks/CoreServices.framework/Versions/A/Frameworks/Metadata.framework/Versions/A/Metadata
0x00000001aaf04000 	/System/Library/Frameworks/CoreServices.framework/Versions/A/Frameworks/OSServices.framework/Versions/A/OSServices
0x00000001ab571000 	/System/Library/Frameworks/CoreServices.framework/Versions/A/Frameworks/SearchKit.framework/Versions/A/SearchKit
0x00000001a4c98000 	/System/Library/Frameworks/CoreServices.framework/Versions/A/Frameworks/AE.framework/Versions/A/AE
0x000000019d771000 	/System/Library/Frameworks/CoreServices.framework/Versions/A/Frameworks/LaunchServices.framework/Versions/A/LaunchServices
0x00000001ac988000 	/System/Library/Frameworks/CoreServices.framework/Versions/A/Frameworks/DictionaryServices.framework/Versions/A/DictionaryServices
0x00000001a69fe000 	/System/Library/Frameworks/CoreServices.framework/Versions/A/Frameworks/SharedFileList.framework/Versions/A/SharedFileList
0x000000019e486000 	/System/Library/Frameworks/SystemConfiguration.framework/Versions/A/SystemConfiguration
0x00000001ab607000 	/usr/lib/libapple_nghttp2.dylib
0x00000001ab650000 	/usr/lib/libcompression.dylib
0x00000001a48f9000 	/usr/lib/libsqlite3.dylib
0x00000001a5dd0000 	/System/Library/PrivateFrameworks/CoreAnalytics.framework/Versions/A/CoreAnalytics
0x00000001a3722000 	/System/Library/Frameworks/CoreGraphics.framework/Versions/A/CoreGraphics
0x00000001af63f000 	/System/Library/Frameworks/GSS.framework/Versions/A/GSS
0x00000001adc1c000 	/System/Library/PrivateFrameworks/InternationalSupport.framework/Versions/A/InternationalSupport
0x00000001a4c2f000 	/System/Library/PrivateFrameworks/RunningBoardServices.framework/Versions/A/RunningBoardServices
0x00000001a3144000 	/usr/lib/libenergytrace.dylib
0x00000001a4d26000 	/System/Library/Frameworks/Network.framework/Versions/A/Network
0x00000001a5e01000 	/usr/lib/libDiagnosticMessagesClient.dylib
0x00000001aa80e000 	/usr/lib/libbsm.0.dylib
0x00000001ab3be000 	/usr/lib/system/libkxld.dylib
0x0000000247069000 	/System/Library/PrivateFrameworks/AppleKeyStore.framework/Versions/A/AppleKeyStore
0x0000000284681000 	/usr/lib/libCoreEntitlements.dylib
0x0000000262057000 	/System/Library/PrivateFrameworks/MessageSecurity.framework/Versions/A/MessageSecurity
0x00000001a48de000 	/System/Library/PrivateFrameworks/ProtocolBuffer.framework/Versions/A/ProtocolBuffer
0x00000001a3146000 	/usr/lib/libMobileGestalt.dylib
0x00000001aaee4000 	/System/Library/PrivateFrameworks/AppleFSCompression.framework/Versions/A/AppleFSCompression
0x00000001aa7f6000 	/usr/lib/libcoretls.dylib
0x00000001ac9fe000 	/usr/lib/libcoretls_cfhelpers.dylib
0x00000001ab64a000 	/usr/lib/libpam.2.dylib
0x00000001aca72000 	/usr/lib/libxar.1.dylib
0x00000001a6a2c000 	/System/Library/PrivateFrameworks/CoreAutoLayout.framework/Versions/A/CoreAutoLayout
0x00000001a5eef000 	/System/Library/Frameworks/DiskArbitration.framework/Versions/A/DiskArbitration
0x00000001ab479000 	/usr/lib/libarchive.2.dylib
0x00000001a6a76000 	/usr/lib/libxml2.2.dylib
0x00000001a97ea000 	/usr/lib/liblangid.dylib
0x00000001b0d42000 	/System/Library/Frameworks/Combine.framework/Versions/A/Combine
0x000000024b202000 	/System/Library/PrivateFrameworks/CollectionsInternal.framework/Versions/A/CollectionsInternal
0x000000026b0b2000 	/System/Library/PrivateFrameworks/ReflectionInternal.framework/Versions/A/ReflectionInternal
0x000000026bd89000 	/System/Library/PrivateFrameworks/RuntimeInternal.framework/Versions/A/RuntimeInternal
0x00000001c6136000 	/usr/lib/swift/libswiftCoreFoundation.dylib
0x00000001c349f000 	/usr/lib/swift/libswiftDarwin.dylib
0x00000001b4940000 	/usr/lib/swift/libswiftDispatch.dylib
0x00000001c6191000 	/usr/lib/swift/libswiftIOKit.dylib
0x00000002858b0000 	/usr/lib/swift/libswiftSystem.dylib
0x00000001c6148000 	/usr/lib/swift/libswiftXPC.dylib
0x000000028591f000 	/usr/lib/swift/libswift_Builtin_float.dylib
0x0000000285922000 	/usr/lib/swift/libswift_Concurrency.dylib
0x0000000285a81000 	/usr/lib/swift/libswift_StringProcessing.dylib
0x0000000285b14000 	/usr/lib/swift/libswift_errno.dylib
0x0000000285b16000 	/usr/lib/swift/libswift_math.dylib
0x0000000285b19000 	/usr/lib/swift/libswift_signal.dylib
0x0000000285b1a000 	/usr/lib/swift/libswift_stdio.dylib
0x0000000285b1b000 	/usr/lib/swift/libswift_time.dylib
0x00000001b75c7000 	/usr/lib/swift/libswiftos.dylib
0x0000000285b1c000 	/usr/lib/swift/libswiftsys_time.dylib
0x0000000285b1d000 	/usr/lib/swift/libswiftunistd.dylib
0x00000001a97e5000 	/System/Library/PrivateFrameworks/AppleSystemInfo.framework/Versions/A/AppleSystemInfo
0x00000001c6021000 	/System/Library/PrivateFrameworks/LoggingSupport.framework/Versions/A/LoggingSupport
0x00000001b3e01000 	/System/Library/PrivateFrameworks/PowerLog.framework/Versions/A/PowerLog
0x0000000203bad000 	/System/Library/Frameworks/SwiftData.framework/Versions/A/SwiftData
0x00000001a27d6000 	/System/Library/Frameworks/UniformTypeIdentifiers.framework/Versions/A/UniformTypeIdentifiers
0x00000001a6c01000 	/System/Library/PrivateFrameworks/UserManagement.framework/Versions/A/UserManagement
0x00000001a2c8d000 	/usr/lib/libboringssl.dylib
0x00000001a4d0c000 	/usr/lib/libdns_services.dylib
0x00000001c51d0000 	/usr/lib/libquic.dylib
0x00000001ae920000 	/usr/lib/libusrtcp.dylib
0x00000001e9b1c000 	/System/Library/PrivateFrameworks/InternalSwiftProtobuf.framework/Versions/A/InternalSwiftProtobuf
0x000000028580d000 	/usr/lib/swift/libswiftDistributed.dylib
0x0000000285839000 	/usr/lib/swift/libswiftObservation.dylib
0x00000002858a6000 	/usr/lib/swift/libswiftSynchronization.dylib
0x00000001a2d5e000 	/usr/lib/libnetwork.dylib
0x00000001d6cd7000 	/System/Library/PrivateFrameworks/OSAnalytics.framework/Versions/A/OSAnalytics
0x00000001ab5e2000 	/System/Library/PrivateFrameworks/AppleSauce.framework/Versions/A/AppleSauce
0x00000001b50d6000 	/System/Library/PrivateFrameworks/CoreSymbolication.framework/Versions/A/CoreSymbolication
0x00000001e57e5000 	/System/Library/PrivateFrameworks/Symbolication.framework/Versions/A/Symbolication
0x00000001b50b2000 	/System/Library/PrivateFrameworks/DebugSymbols.framework/Versions/A/DebugSymbols
0x000000028454c000 	/usr/lib/libAppleArchive.dylib
0x00000001aaef0000 	/usr/lib/libbz2.1.0.dylib
0x00000001ac9df000 	/usr/lib/liblzma.5.dylib
0x00000001aa4e2000 	/System/Library/PrivateFrameworks/IOMobileFramebuffer.framework/Versions/A/IOMobileFramebuffer
0x00000001a859e000 	/System/Library/Frameworks/IOSurface.framework/Versions/A/IOSurface
0x00000001c60aa000 	/System/Library/PrivateFrameworks/MallocStackLogging.framework/Versions/A/MallocStackLogging
0x00000001acbcd000 	/System/Library/PrivateFrameworks/CrashReporterSupport.framework/Versions/A/CrashReporterSupport
0x000000019e27d000 	/System/Library/PrivateFrameworks/Lexicon.framework/Versions/A/Lexicon
0x000000025a396000 	/System/Library/PrivateFrameworks/IO80211.framework/Versions/A/IO80211
0x00000001b4bd8000 	/System/Library/PrivateFrameworks/FrontBoardServices.framework/Versions/A/FrontBoardServices
0x00000001aa71e000 	/System/Library/Frameworks/SecurityFoundation.framework/Versions/A/SecurityFoundation
0x00000001aa880000 	/usr/lib/libgermantok.dylib
0x00000001a9909000 	/System/Library/PrivateFrameworks/LinguisticData.framework/Versions/A/LinguisticData
0x00000001a4b4a000 	/System/Library/PrivateFrameworks/BaseBoard.framework/Versions/A/BaseBoard
0x00000001b4ca5000 	/System/Library/PrivateFrameworks/BoardServices.framework/Versions/A/BoardServices
0x00000001aa70f000 	/System/Library/PrivateFrameworks/AssertionServices.framework/Versions/A/AssertionServices
0x00000001b68f6000 	/System/Library/PrivateFrameworks/BackBoardServices.framework/Versions/A/BackBoardServices
0x00000001a8fe8000 	/System/Library/Frameworks/ImageIO.framework/Versions/A/ImageIO
0x00000001a31fb000 	/System/Library/PrivateFrameworks/SkyLight.framework/Versions/A/SkyLight
0x00000001a89b8000 	/System/Library/PrivateFrameworks/FontServices.framework/libFontParser.dylib
0x00000001b30f3000 	/System/Library/Frameworks/Accelerate.framework/Versions/A/Accelerate
0x00000001a31d8000 	/System/Library/PrivateFrameworks/TCC.framework/Versions/A/TCC
0x00000001ba2f1000 	/System/Library/PrivateFrameworks/IOSurfaceAccelerator.framework/Versions/A/IOSurfaceAccelerator
0x00000001ad4b8000 	/System/Library/PrivateFrameworks/WatchdogClient.framework/Versions/A/WatchdogClient
0x000000019f7c8000 	/System/Library/Frameworks/CoreDisplay.framework/Versions/A/CoreDisplay
0x00000001a885c000 	/System/Library/Frameworks/CoreMedia.framework/Versions/A/CoreMedia
0x00000001a85b7000 	/System/Library/PrivateFrameworks/IOAccelerator.framework/Versions/A/IOAccelerator
0x00000001a85c1000 	/System/Library/Frameworks/Metal.framework/Versions/A/Metal
0x00000001a6b60000 	/System/Library/Frameworks/CoreVideo.framework/Versions/A/CoreVideo
0x00000001ab648000 	/System/Library/Frameworks/MetalPerformanceShaders.framework/Versions/A/MetalPerformanceShaders
0x00000001ad4ba000 	/System/Library/PrivateFrameworks/MultitouchSupport.framework/Versions/A/MultitouchSupport
0x00000001a6309000 	/System/Library/Frameworks/QuartzCore.framework/Versions/A/QuartzCore
0x000000026a3f0000 	/System/Library/PrivateFrameworks/ProDisplayLibrary.framework/Versions/A/ProDisplayLibrary
0x00000001ad500000 	/System/Library/Frameworks/VideoToolbox.framework/Versions/A/VideoToolbox
0x00000001d2d01000 	/usr/lib/swift/libswiftMetal.dylib
0x00000001e1ca7000 	/usr/lib/swift/libswiftOSLog.dylib
0x00000001d80a3000 	/usr/lib/swift/libswiftQuartzCore.dylib
0x00000001dc6ff000 	/usr/lib/swift/libswiftUniformTypeIdentifiers.dylib
0x00000001c99ea000 	/usr/lib/swift/libswiftsimd.dylib
0x00000001aa6f2000 	/System/Library/PrivateFrameworks/MobileKeyBag.framework/Versions/A/MobileKeyBag
0x00000001a97e3000 	/System/Library/PrivateFrameworks/AggregateDictionary.framework/Versions/A/AggregateDictionary
0x00000001aca00000 	/System/Library/PrivateFrameworks/APFS.framework/Versions/A/APFS
0x00000001aca81000 	/usr/lib/libutil.dylib
0x0000000275317000 	/System/Library/PrivateFrameworks/SwiftASN1Internal.framework/Versions/A/SwiftASN1Internal
0x00000001a5ef9000 	/System/Library/Frameworks/Accelerate.framework/Versions/A/Frameworks/vImage.framework/Versions/A/vImage
0x00000001b2e22000 	/System/Library/Frameworks/Accelerate.framework/Versions/A/Frameworks/vecLib.framework/Versions/A/vecLib
0x00000001acab9000 	/System/Library/Frameworks/Accelerate.framework/Versions/A/Frameworks/vecLib.framework/Versions/A/libvMisc.dylib
0x000000019dbe9000 	/System/Library/Frameworks/Accelerate.framework/Versions/A/Frameworks/vecLib.framework/Versions/A/libBLAS.dylib
0x00000001b7009000 	/System/Library/Frameworks/ApplicationServices.framework/Versions/A/ApplicationServices
0x00000001a3e53000 	/System/Library/Frameworks/ColorSync.framework/Versions/A/ColorSync
0x000000019fca1000 	/System/Library/Frameworks/CoreText.framework/Versions/A/CoreText
0x00000001af24c000 	/System/Library/Frameworks/ApplicationServices.framework/Versions/A/Frameworks/ATS.framework/Versions/A/ATS
0x00000001a4009000 	/System/Library/Frameworks/ApplicationServices.framework/Versions/A/Frameworks/HIServices.framework/Versions/A/HIServices
0x00000001adb05000 	/System/Library/Frameworks/ApplicationServices.framework/Versions/A/Frameworks/PrintCore.framework/Versions/A/PrintCore
0x00000001af609000 	/System/Library/Frameworks/ApplicationServices.framework/Versions/A/Frameworks/QD.framework/Versions/A/QD
0x00000001af600000 	/System/Library/Frameworks/ApplicationServices.framework/Versions/A/Frameworks/ColorSyncLegacy.framework/Versions/A/ColorSyncLegacy
0x00000001af21e000 	/System/Library/Frameworks/ApplicationServices.framework/Versions/A/Frameworks/SpeechSynthesis.framework/Versions/A/SpeechSynthesis
0x00000001aa4af000 	/System/Library/PrivateFrameworks/CoreEmoji.framework/Versions/A/CoreEmoji
0x000000025145b000 	/System/Library/PrivateFrameworks/FontServices.framework/Versions/A/FontServices
0x00000001ad006000 	/System/Library/PrivateFrameworks/OTSVG.framework/Versions/A/OTSVG
0x00000001a66dd000 	/System/Library/Frameworks/ApplicationServices.framework/Versions/A/Frameworks/ATS.framework/Versions/A/Resources/libFontRegistry.dylib
0x0000000284c0e000 	/usr/lib/libhvf.dylib
0x00000002662f4000 	/System/Library/PrivateFrameworks/ParsingInternal.framework/Versions/A/ParsingInternal
0x0000000285856000 	/usr/lib/swift/libswiftRegexBuilder.dylib
0x00000002859de000 	/usr/lib/swift/libswift_RegexParser.dylib
0x00000001ad381000 	/System/Library/PrivateFrameworks/AppleJPEG.framework/Versions/A/AppleJPEG
0x00000001ace22000 	/usr/lib/libexpat.1.dylib
0x00000001ad9db000 	/System/Library/Frameworks/ImageIO.framework/Versions/A/Resources/libPng.dylib
0x00000001ada06000 	/System/Library/Frameworks/ImageIO.framework/Versions/A/Resources/libTIFF.dylib
0x00000001adaf0000 	/System/Library/Frameworks/ImageIO.framework/Versions/A/Resources/libGIF.dylib
0x00000001ad3c7000 	/System/Library/Frameworks/ImageIO.framework/Versions/A/Resources/libJP2.dylib
0x00000001acb33000 	/usr/lib/libate.dylib
0x00000001ada97000 	/System/Library/Frameworks/ImageIO.framework/Versions/A/Resources/libJPEG.dylib
0x00000001ada8e000 	/System/Library/Frameworks/ImageIO.framework/Versions/A/Resources/libRadiance.dylib
0x000000025612a000 	/System/Library/PrivateFrameworks/GPUCompiler.framework/Versions/32023/Libraries/libllvm-flatbuffers.dylib
0x0000000251526000 	/System/Library/PrivateFrameworks/FramePacing.framework/Versions/A/FramePacing
0x00000001fd69b000 	/System/Library/Frameworks/OpenGL.framework/Versions/A/Libraries/libCoreFSCache.dylib
0x000000025209b000 	/System/Library/PrivateFrameworks/GPUCompiler.framework/Versions/32023/Libraries/libGPUCompilerUtils.dylib
0x000000025145c000 	/System/Library/PrivateFrameworks/FontServices.framework/libXTFontStaticRegistryData.dylib
0x00000001a936c000 	/System/Library/Frameworks/CoreImage.framework/Versions/A/CoreImage
0x00000001b8706000 	/System/Library/PrivateFrameworks/ASEProcessing.framework/Versions/A/ASEProcessing
0x000000026955d000 	/System/Library/PrivateFrameworks/PhotosensitivityProcessing.framework/Versions/A/PhotosensitivityProcessing
0x00000001fd6a9000 	/System/Library/Frameworks/OpenGL.framework/Versions/A/OpenGL
0x00000001acffa000 	/System/Library/PrivateFrameworks/GraphVisualizer.framework/Versions/A/GraphVisualizer
0x00000001fd6f9000 	/System/Library/Frameworks/OpenGL.framework/Versions/A/Libraries/libGLU.dylib
0x00000001fd6bd000 	/System/Library/Frameworks/OpenGL.framework/Versions/A/Libraries/libGFXShared.dylib
0x00000001fd885000 	/System/Library/Frameworks/OpenGL.framework/Versions/A/Libraries/libGL.dylib
0x00000001fd6c6000 	/System/Library/Frameworks/OpenGL.framework/Versions/A/Libraries/libGLImage.dylib
0x00000001fd6ba000 	/System/Library/Frameworks/OpenGL.framework/Versions/A/Libraries/libCVMSPluginSupport.dylib
0x00000001fd6a3000 	/System/Library/Frameworks/OpenGL.framework/Versions/A/Libraries/libCoreVMClient.dylib
0x00000001a9727000 	/System/Library/Frameworks/MetalPerformanceShaders.framework/Versions/A/Frameworks/MPSCore.framework/Versions/A/MPSCore
0x00000001aae4f000 	/System/Library/Frameworks/MetalPerformanceShaders.framework/Versions/A/Frameworks/MPSImage.framework/Versions/A/MPSImage
0x00000001aa898000 	/System/Library/Frameworks/MetalPerformanceShaders.framework/Versions/A/Frameworks/MPSNeuralNetwork.framework/Versions/A/MPSNeuralNetwork
0x00000001aaccf000 	/System/Library/Frameworks/MetalPerformanceShaders.framework/Versions/A/Frameworks/MPSMatrix.framework/Versions/A/MPSMatrix
0x00000001aaae4000 	/System/Library/Frameworks/MetalPerformanceShaders.framework/Versions/A/Frameworks/MPSRayIntersector.framework/Versions/A/MPSRayIntersector
0x00000001aad01000 	/System/Library/Frameworks/MetalPerformanceShaders.framework/Versions/A/Frameworks/MPSNDArray.framework/Versions/A/MPSNDArray
0x0000000200f9b000 	/System/Library/Frameworks/MetalPerformanceShaders.framework/Versions/A/Frameworks/MPSFunctions.framework/Versions/A/MPSFunctions
0x0000000200f7d000 	/System/Library/Frameworks/MetalPerformanceShaders.framework/Versions/A/Frameworks/MPSBenchmarkLoop.framework/Versions/A/MPSBenchmarkLoop
0x000000019da64000 	/System/Library/PrivateFrameworks/MetalTools.framework/Versions/A/MetalTools
0x00000001cad93000 	/System/Library/PrivateFrameworks/IOAccelMemoryInfo.framework/Versions/A/IOAccelMemoryInfo
0x00000001d8498000 	/System/Library/PrivateFrameworks/kperf.framework/Versions/A/kperf
0x00000001c6111000 	/System/Library/PrivateFrameworks/GPURawCounter.framework/Versions/A/GPURawCounter
0x00000001adac2000 	/System/Library/Frameworks/ApplicationServices.framework/Versions/A/Frameworks/ATSUI.framework/Versions/A/ATSUI
0x00000001af594000 	/usr/lib/libcups.2.dylib
0x00000001af62e000 	/System/Library/Frameworks/Kerberos.framework/Versions/A/Kerberos
0x00000001af294000 	/usr/lib/libresolv.9.dylib
0x00000001ab45e000 	/usr/lib/libiconv.2.dylib
0x00000001ad058000 	/System/Library/PrivateFrameworks/Heimdal.framework/Versions/A/Heimdal
0x00000001b751a000 	/System/Library/Frameworks/Kerberos.framework/Versions/A/Libraries/libHeimdalProxy.dylib
0x00000001ace3d000 	/usr/lib/libheimdal-asn1.dylib
0x00000001a69c3000 	/System/Library/Frameworks/OpenDirectory.framework/Versions/A/OpenDirectory
0x00000001af691000 	/System/Library/PrivateFrameworks/CommonAuth.framework/Versions/A/CommonAuth
0x00000001a69d1000 	/System/Library/Frameworks/OpenDirectory.framework/Versions/A/Frameworks/CFOpenDirectory.framework/Versions/A/CFOpenDirectory
0x00000001ab3b9000 	/usr/lib/libcharset.1.dylib
0x00000001fdc21000 	/System/Library/Frameworks/AVFAudio.framework/Versions/A/AVFAudio
0x00000001bf9fd000 	/System/Library/PrivateFrameworks/AXCoreUtilities.framework/Versions/A/AXCoreUtilities
0x00000001aeffc000 	/System/Library/Frameworks/AudioToolbox.framework/Versions/A/AudioToolbox
0x000000019fec0000 	/System/Library/Frameworks/CoreAudio.framework/Versions/A/CoreAudio
0x000000025dccf000 	/System/Library/PrivateFrameworks/IsolatedCoreAudioClient.framework/Versions/A/IsolatedCoreAudioClient
0x00000001af205000 	/usr/lib/libAudioStatistics.dylib
0x00000001a8834000 	/System/Library/PrivateFrameworks/caulk.framework/Versions/A/caulk
0x000000019f8e9000 	/System/Library/PrivateFrameworks/AudioToolboxCore.framework/Versions/A/AudioToolboxCore
0x00000001b9810000 	/System/Library/Frameworks/CoreMIDI.framework/Versions/A/CoreMIDI
0x00000001af1a7000 	/System/Library/PrivateFrameworks/AudioSession.framework/Versions/A/AudioSession
0x00000001b0aaa000 	/System/Library/Frameworks/IOBluetooth.framework/Versions/A/IOBluetooth
0x00000001acf27000 	/System/Library/PrivateFrameworks/MediaExperience.framework/Versions/A/MediaExperience
0x0000000277ddb000 	/System/Library/PrivateFrameworks/Tightbeam.framework/Versions/A/Tightbeam
0x000000024bcc0000 	/System/Library/PrivateFrameworks/CoreAudioOrchestration.framework/Versions/A/CoreAudioOrchestration
0x00000001dcdd1000 	/System/Library/PrivateFrameworks/AFKUser.framework/Versions/A/AFKUser
0x00000001f0e55000 	/System/Library/PrivateFrameworks/FeatureFlags.framework/Versions/A/FeatureFlags
0x00000001c6115000 	/usr/lib/swift/libswiftCoreAudio.dylib
0x00000001ad047000 	/System/Library/PrivateFrameworks/AppServerSupport.framework/Versions/A/AppServerSupport
0x00000001af612000 	/System/Library/PrivateFrameworks/perfdata.framework/Versions/A/perfdata
0x00000001c52c9000 	/System/Library/PrivateFrameworks/SystemPolicy.framework/Versions/A/SystemPolicy
0x00000001af4b3000 	/usr/lib/libSMC.dylib
0x00000001ad9a5000 	/usr/lib/libAudioToolboxUtility.dylib
0x00000001af620000 	/usr/lib/libperfcheck.dylib
0x0000000247be7000 	/System/Library/PrivateFrameworks/AudioAnalytics.framework/Versions/A/AudioAnalytics
0x00000001e98e3000 	/System/Library/Frameworks/OSLog.framework/Versions/A/OSLog
0x00000001c60dc000 	/usr/lib/libmis.dylib
0x00000001aefb5000 	/System/Library/PrivateFrameworks/AudioSession.framework/libSessionUtility.dylib
0x00000001adaf6000 	/System/Library/PrivateFrameworks/CMCaptureCore.framework/Versions/A/CMCaptureCore
0x00000001ad051000 	/usr/lib/libspindump.dylib
0x00000001ff2ca000 	/System/Library/Frameworks/ExtensionFoundation.framework/Versions/A/ExtensionFoundation
0x00000001b51e3000 	/System/Library/PrivateFrameworks/CoreTime.framework/Versions/A/CoreTime
0x00000001acd21000 	/System/Library/PrivateFrameworks/PlugInKit.framework/Versions/A/PlugInKit
0x00000001b3d0a000 	/System/Library/Frameworks/CoreBluetooth.framework/Versions/A/CoreBluetooth
0x00000001b751b000 	/System/Library/Frameworks/AudioUnit.framework/Versions/A/AudioUnit
0x00000001aa573000 	/System/Library/PrivateFrameworks/CoreUtils.framework/Versions/A/CoreUtils
0x000000024ec73000 	/System/Library/PrivateFrameworks/CoreUtilsExtras.framework/Versions/A/CoreUtilsExtras
0x00000001b3143000 	/System/Library/Frameworks/MediaAccessibility.framework/Versions/A/MediaAccessibility
0x00000001ce733000 	/System/Library/PrivateFrameworks/AttributeGraph.framework/Versions/A/AttributeGraph
0x00000002844ca000 	/usr/lib/libAXSafeCategoryBundle.dylib
0x00000001bfab9000 	/usr/lib/libAccessibility.dylib
0x00000001aa3bd000 	/System/Library/Frameworks/Accelerate.framework/Versions/A/Frameworks/vecLib.framework/Versions/A/libvDSP.dylib
0x00000001ab726000 	/System/Library/Frameworks/Accelerate.framework/Versions/A/Frameworks/vecLib.framework/Versions/A/libLAPACK.dylib
0x00000001aa883000 	/System/Library/Frameworks/Accelerate.framework/Versions/A/Frameworks/vecLib.framework/Versions/A/libLinearAlgebra.dylib
0x00000001ab621000 	/System/Library/Frameworks/Accelerate.framework/Versions/A/Frameworks/vecLib.framework/Versions/A/libSparseBLAS.dylib
0x00000001ab721000 	/System/Library/Frameworks/Accelerate.framework/Versions/A/Frameworks/vecLib.framework/Versions/A/libQuadrature.dylib
0x00000001a9910000 	/System/Library/Frameworks/Accelerate.framework/Versions/A/Frameworks/vecLib.framework/Versions/A/libBNNS.dylib
0x000000019e38a000 	/System/Library/Frameworks/Accelerate.framework/Versions/A/Frameworks/vecLib.framework/Versions/A/libSparse.dylib
0x000000025f446000 	/System/Library/PrivateFrameworks/MIL.framework/Versions/A/MIL
0x00000001ada89000 	/System/Library/PrivateFrameworks/GPUWrangler.framework/Versions/A/GPUWrangler
0x00000001ada69000 	/System/Library/PrivateFrameworks/IOPresentment.framework/Versions/A/IOPresentment
0x00000001ada91000 	/System/Library/PrivateFrameworks/DSExternalDisplay.framework/Versions/A/DSExternalDisplay
0x00000001e9cea000 	/System/Library/PrivateFrameworks/HIDDisplay.framework/Versions/A/HIDDisplay
0x00000001becd7000 	/System/Library/PrivateFrameworks/HID.framework/Versions/A/HID
0x000000027b61d000 	/System/Library/PrivateFrameworks/VideoToolboxParavirtualizationSupport.framework/Versions/A/VideoToolboxParavirtualizationSupport
0x00000001acdd9000 	/System/Library/PrivateFrameworks/AppleVA.framework/Versions/A/AppleVA
0x00000001b4d52000 	/System/Library/PrivateFrameworks/GraphicsServices.framework/Versions/A/GraphicsServices
0x00000001a4483000 	/System/Library/Frameworks/CoreData.framework/Versions/A/CoreData
0x00000001af804000 	/System/Library/PrivateFrameworks/CorePhoneNumbers.framework/Versions/A/CorePhoneNumbers
0x00000001b3ef2000 	/System/Library/PrivateFrameworks/MediaKit.framework/Versions/A/MediaKit
0x00000001b3e3d000 	/System/Library/Frameworks/DiscRecording.framework/Versions/A/DiscRecording
0x00000001febf5000 	/System/Library/Frameworks/CoreTransferable.framework/Versions/A/CoreTransferable
0x00000001af5f3000 	/System/Library/PrivateFrameworks/NetAuth.framework/Versions/A/NetAuth
0x00000001ace94000 	/System/Library/PrivateFrameworks/IconServices.framework/Versions/A/IconServices
0x00000001a6bc1000 	/System/Library/PrivateFrameworks/login.framework/Versions/A/Frameworks/loginsupport.framework/Versions/A/loginsupport
0x00000001c6190000 	/usr/lib/swift/libswiftCoreImage.dylib
0x00000001ace47000 	/System/Library/PrivateFrameworks/IconFoundation.framework/Versions/A/IconFoundation
0x00000001a672f000 	/System/Library/PrivateFrameworks/CoreUI.framework/Versions/A/CoreUI
0x00000001adb7c000 	/System/Library/PrivateFrameworks/TextureIO.framework/Versions/A/TextureIO
0x00000001a8fad000 	/System/Library/PrivateFrameworks/CoreSVG.framework/Versions/A/CoreSVG
0x00000001dc70e000 	/usr/lib/swift/libswiftAccelerate.dylib
0x00000001acbc4000 	/usr/lib/libIOReport.dylib
0x00000002477f7000 	/System/Library/PrivateFrameworks/AppleMobileFileIntegrity.framework/Versions/A/AppleMobileFileIntegrity
0x000000028488c000 	/usr/lib/libTLE.dylib
0x00000001fa6f7000 	/System/Library/PrivateFrameworks/ConfigProfileHelper.framework/Versions/A/ConfigProfileHelper
0x00000001aa820000 	/usr/lib/libmecab.dylib
0x000000019e51a000 	/usr/lib/libCRFSuite.dylib
0x00000001a97ec000 	/System/Library/PrivateFrameworks/CoreNLP.framework/Versions/A/CoreNLP
0x00000001ab5d9000 	/usr/lib/libThaiTokenizer.dylib
0x00000001adf24000 	/System/Library/PrivateFrameworks/DataDetectorsCore.framework/Versions/A/DataDetectorsCore
0x00000001c9a93000 	/System/Library/PrivateFrameworks/TextInput.framework/Versions/A/TextInput
0x00000001a2624000 	/System/Library/PrivateFrameworks/UIFoundation.framework/Versions/A/UIFoundation
0x00000001aa7ea000 	/usr/lib/libCheckFix.dylib
0x00000001a5e03000 	/System/Library/PrivateFrameworks/MetadataUtilities.framework/Versions/A/MetadataUtilities
0x000000025ac7a000 	/System/Library/PrivateFrameworks/InstalledContentLibrary.framework/Versions/A/InstalledContentLibrary
0x00000001a1002000 	/System/Library/PrivateFrameworks/CoreServicesStore.framework/Versions/A/CoreServicesStore
0x00000001a6a28000 	/usr/lib/libapp_launch_measurement.dylib
0x00000001d85a2000 	/System/Library/PrivateFrameworks/MobileSystemServices.framework/Versions/A/MobileSystemServices
0x00000001aca85000 	/usr/lib/libxslt.1.dylib
0x00000001aa7ad000 	/System/Library/PrivateFrameworks/BackgroundTaskManagement.framework/Versions/A/BackgroundTaskManagement
0x00000001b6c7a000 	/usr/lib/libcurl.4.dylib
0x0000000284ac0000 	/usr/lib/libcrypto.46.dylib
0x00000002855ea000 	/usr/lib/libssl.48.dylib
0x00000001b6952000 	/System/Library/Frameworks/LDAP.framework/Versions/A/LDAP
0x00000001b698e000 	/System/Library/PrivateFrameworks/TrustEvaluationAgent.framework/Versions/A/TrustEvaluationAgent
0x00000001af2b1000 	/usr/lib/libsasl2.2.dylib
0x00000001b99e3000 	/System/Library/Frameworks/Cocoa.framework/Versions/A/Cocoa
0x00000001a1193000 	/System/Library/Frameworks/AppKit.framework/Versions/C/AppKit
0x000000024b1de000 	/System/Library/PrivateFrameworks/CollectionViewCore.framework/Versions/A/CollectionViewCore
0x00000001a8fa7000 	/System/Library/PrivateFrameworks/XCTTargetBootstrap.framework/Versions/A/XCTTargetBootstrap
0x00000001adf73000 	/System/Library/PrivateFrameworks/UserActivity.framework/Versions/A/UserActivity
0x0000000279b68000 	/System/Library/PrivateFrameworks/UIIntelligenceSupport.framework/Versions/A/UIIntelligenceSupport
0x0000000203ce8000 	/System/Library/Frameworks/SwiftUICore.framework/Versions/A/SwiftUICore
0x000000027ebee000 	/System/Library/PrivateFrameworks/WritingTools.framework/Versions/A/WritingTools
0x000000027dc32000 	/System/Library/PrivateFrameworks/WindowManagement.framework/Versions/A/WindowManagement
0x00000001a8f92000 	/System/Library/PrivateFrameworks/DFRFoundation.framework/Versions/A/DFRFoundation
0x00000001a8c8b000 	/System/Library/Frameworks/Carbon.framework/Versions/A/Frameworks/HIToolbox.framework/Versions/A/HIToolbox
0x00000001b2a50000 	/System/Library/Frameworks/Carbon.framework/Versions/A/Frameworks/SpeechRecognition.framework/Versions/A/SpeechRecognition
0x00000001be037000 	/System/Library/PrivateFrameworks/RenderBox.framework/Versions/A/RenderBox
0x00000001a69b9000 	/System/Library/PrivateFrameworks/PerformanceAnalysis.framework/Versions/A/PerformanceAnalysis
0x00000001b2dc8000 	/System/Library/Frameworks/Accessibility.framework/Versions/A/Accessibility
0x00000001ff17a000 	/System/Library/Frameworks/DataDetection.framework/Versions/A/DataDetection
0x00000001ff17d000 	/System/Library/Frameworks/DeveloperToolsSupport.framework/Versions/A/DeveloperToolsSupport
0x00000002048ab000 	/System/Library/Frameworks/Symbols.framework/Versions/A/Symbols
0x000000028580c000 	/usr/lib/swift/libswiftDataDetection.dylib
0x00000001c349e000 	/usr/lib/swift/libswiftCoreGraphics.dylib
0x00000001b3772000 	/usr/lib/swift/libswiftFoundation.dylib
0x00000001fa181000 	/usr/lib/swift/libswiftSwiftOnoneSupport.dylib
0x00000001e5f96000 	/System/Library/PrivateFrameworks/CoreMaterial.framework/Versions/A/CoreMaterial
0x000000026be80000 	/System/Library/PrivateFrameworks/SFSymbols.framework/Versions/A/SFSymbols
0x00000001b2a3d000 	/System/Library/PrivateFrameworks/SpeechRecognitionCore.framework/Versions/A/SpeechRecognitionCore
0x000000010adbc000 	/opt/homebrew/Cellar/openjdk@17/17.0.15/libexec/openjdk.jdk/Contents/Home/lib/server/libjvm.dylib
0x00000001027b4000 	/opt/homebrew/Cellar/openjdk@17/17.0.15/libexec/openjdk.jdk/Contents/Home/lib/libjimage.dylib
0x000000010283c000 	/opt/homebrew/Cellar/openjdk@17/17.0.15/libexec/openjdk.jdk/Contents/Home/lib/libjava.dylib
0x0000000102b40000 	/opt/homebrew/Cellar/openjdk@17/17.0.15/libexec/openjdk.jdk/Contents/Home/lib/libnio.dylib
0x0000000102b84000 	/opt/homebrew/Cellar/openjdk@17/17.0.15/libexec/openjdk.jdk/Contents/Home/lib/libnet.dylib
0x0000000102b60000 	/opt/homebrew/Cellar/openjdk@17/17.0.15/libexec/openjdk.jdk/Contents/Home/lib/libzip.dylib
0x0000000102ba8000 	/Users/aziz/.openjfx/cache/21.0.2+5/aarch64/libprism_es2.dylib
0x00000001c4cec000 	/System/Library/Frameworks/Carbon.framework/Versions/A/Carbon
0x00000001bbd22000 	/System/Library/Frameworks/Carbon.framework/Versions/A/Frameworks/CommonPanels.framework/Versions/A/CommonPanels
0x00000001b6c65000 	/System/Library/Frameworks/Carbon.framework/Versions/A/Frameworks/Help.framework/Versions/A/Help
0x00000001bbd26000 	/System/Library/Frameworks/Carbon.framework/Versions/A/Frameworks/ImageCapture.framework/Versions/A/ImageCapture
0x00000001bbd02000 	/System/Library/Frameworks/Carbon.framework/Versions/A/Frameworks/OpenScripting.framework/Versions/A/OpenScripting
0x00000001bbd21000 	/System/Library/Frameworks/Carbon.framework/Versions/A/Frameworks/Ink.framework/Versions/A/Ink
0x00000001bbd1e000 	/System/Library/Frameworks/Carbon.framework/Versions/A/Frameworks/SecurityHI.framework/Versions/A/SecurityHI
0x00000001fd88f000 	/System/Library/Frameworks/OpenGL.framework/Versions/A/Resources/GLEngine.bundle/GLEngine
0x00000001fd734000 	/System/Library/Frameworks/OpenGL.framework/Versions/A/Libraries/libGLProgrammability.dylib
0x000000010acc8000 	/System/Library/Extensions/AppleMetalOpenGLRenderer.bundle/Contents/MacOS/AppleMetalOpenGLRenderer
0x00000001fd9f0000 	/System/Library/Frameworks/OpenGL.framework/Versions/A/Resources/GLRendererFloat.bundle/GLRendererFloat
0x000000010f1f8000 	/System/Library/Extensions/AGXMetalG15X_M1.bundle/Contents/MacOS/AGXMetalG15X_M1
0x00000001bece8000 	/System/Library/PrivateFrameworks/IOGPU.framework/Versions/A/IOGPU
0x000000010fb20000 	/Users/aziz/.openjfx/cache/21.0.2+5/aarch64/libglass.dylib
0x00000001a6888000 	/System/Library/PrivateFrameworks/ViewBridge.framework/Versions/A/ViewBridge
0x00000001cc1ab000 	/System/Library/Frameworks/Accelerate.framework/Versions/A/Frameworks/vImage.framework/Versions/A/Libraries/libCGInterfaces.dylib
0x000000011fde4000 	/usr/lib/libobjc-trampolines.dylib
0x00000002844ce000 	/usr/lib/libAccessibilityBaseImplementations.dylib
0x000000027ebf3000 	/System/Library/PrivateFrameworks/WritingToolsUI.framework/Versions/A/WritingToolsUI
0x0000000257285000 	/System/Library/PrivateFrameworks/GenerativeAssistantSettings.framework/Versions/A/GenerativeAssistantSettings
0x000000027601d000 	/System/Library/PrivateFrameworks/TextComposer.framework/Versions/A/TextComposer
0x00000001c613d000 	/usr/lib/swift/libswiftIntents.dylib
0x0000000285868000 	/usr/lib/swift/libswiftSpatial.dylib
0x00000001fdd7a000 	/System/Library/Frameworks/AppIntents.framework/Versions/A/AppIntents
0x00000001cd00b000 	/System/Library/Frameworks/SwiftUI.framework/Versions/A/SwiftUI
0x00000001c357a000 	/System/Library/Frameworks/WebKit.framework/Versions/A/WebKit
0x0000000242d0e000 	/System/Library/Frameworks/_AuthenticationServices_SwiftUI.framework/Versions/A/_AuthenticationServices_SwiftUI
0x00000002458ee000 	/System/Library/PrivateFrameworks/Anvil.framework/Versions/A/Anvil
0x00000001cc680000 	/System/Library/PrivateFrameworks/AppStoreDaemon.framework/Versions/A/AppStoreDaemon
0x00000001b9a2b000 	/System/Library/PrivateFrameworks/AppleMediaServices.framework/Versions/A/AppleMediaServices
0x00000001c90ff000 	/System/Library/PrivateFrameworks/AppleMediaServicesUI.framework/Versions/A/AppleMediaServicesUI
0x000000025725f000 	/System/Library/PrivateFrameworks/GenerativeAssistantCommon.framework/Versions/A/GenerativeAssistantCommon
0x00000001f9798000 	/System/Library/PrivateFrameworks/JetEngine.framework/Versions/A/JetEngine
0x000000025eda7000 	/System/Library/PrivateFrameworks/LinkMetadata.framework/Versions/A/LinkMetadata
0x00000001c69bf000 	/System/Library/PrivateFrameworks/OnBoardingKit.framework/Versions/A/OnBoardingKit
0x000000026ccfb000 	/System/Library/PrivateFrameworks/Settings.framework/Versions/A/Settings
0x00000001ab229000 	/System/Library/Frameworks/CoreSpotlight.framework/Versions/A/CoreSpotlight
0x000000025efe8000 	/System/Library/PrivateFrameworks/LinkServices.framework/Versions/A/LinkServices
0x000000024f904000 	/System/Library/PrivateFrameworks/DoNotDisturb.framework/Versions/A/DoNotDisturb
0x00000001caea3000 	/System/Library/PrivateFrameworks/IntentsCore.framework/Versions/A/IntentsCore
0x0000000247fd4000 	/System/Library/PrivateFrameworks/AvailabilityKit.framework/Versions/A/AvailabilityKit
0x0000000245b3e000 	/System/Library/PrivateFrameworks/AppIntentSchemas.framework/Versions/A/AppIntentSchemas
0x0000000274b33000 	/System/Library/PrivateFrameworks/StatusKit.framework/Versions/A/StatusKit
0x000000026b02d000 	/System/Library/PrivateFrameworks/RecapPerformanceTesting.framework/Versions/A/RecapPerformanceTesting
0x00000001c69af000 	/System/Library/PrivateFrameworks/SignpostCollection.framework/Versions/A/SignpostCollection
0x000000028488b000 	/usr/lib/libSpatial.dylib
0x00000001b9421000 	/System/Library/Frameworks/WebKit.framework/Versions/A/Frameworks/WebKitLegacy.framework/Versions/A/WebKitLegacy
0x00000001b7367000 	/System/Library/PrivateFrameworks/CorePrediction.framework/Versions/A/CorePrediction
0x00000001a787b000 	/System/Library/Frameworks/WebKit.framework/Versions/A/Frameworks/WebCore.framework/Versions/A/Frameworks/libwebrtc.dylib
0x00000001c3506000 	/System/Library/PrivateFrameworks/SafariSafeBrowsing.framework/Versions/A/SafariSafeBrowsing
0x00000001af33a000 	/System/Library/Frameworks/SecurityInterface.framework/Versions/A/SecurityInterface
0x00000001c69be000 	/System/Library/PrivateFrameworks/WebInspectorUI.framework/Versions/A/WebInspectorUI
0x00000001bbd29000 	/System/Library/Frameworks/JavaScriptCore.framework/Versions/A/JavaScriptCore
0x00000001bfaea000 	/System/Library/Frameworks/WebKit.framework/Versions/A/Frameworks/WebCore.framework/Versions/A/WebCore
0x00000001fe758000 	/System/Library/Frameworks/BrowserEngineCore.framework/Versions/A/BrowserEngineCore
0x000000024286c000 	/System/Library/Frameworks/WebKit.framework/Versions/A/Frameworks/WebCore.framework/Versions/A/Frameworks/libANGLE-shared.dylib
0x000000027d7ea000 	/System/Library/PrivateFrameworks/WebGPU.framework/Versions/A/WebGPU
0x00000001c8791000 	/System/Library/Frameworks/SceneKit.framework/Versions/A/SceneKit
0x00000001d8dc9000 	/System/Library/Frameworks/ModelIO.framework/Versions/A/ModelIO
0x00000001b0c75000 	/System/Library/Frameworks/MetalKit.framework/Versions/A/MetalKit
0x00000001b2d54000 	/System/Library/Frameworks/GLKit.framework/Versions/A/GLKit
0x0000000285da1000 	/usr/lib/usd/libusd_ms.dylib
0x0000000279e32000 	/System/Library/PrivateFrameworks/USDLib_FormatLoaderProxy.framework/Versions/A/USDLib_FormatLoaderProxy
0x00000001c5bc5000 	/System/Library/PrivateFrameworks/CoreOptimization.framework/Versions/A/CoreOptimization
0x0000000247ea7000 	/System/Library/PrivateFrameworks/AuthenticationServicesCore.framework/Versions/A/AuthenticationServicesCore
0x00000001cf928000 	/System/Library/Frameworks/AuthenticationServices.framework/Versions/A/AuthenticationServices
0x00000001accfd000 	/System/Library/PrivateFrameworks/SharedWebCredentials.framework/Versions/A/SharedWebCredentials
0x00000001c77fb000 	/System/Library/PrivateFrameworks/SafariCore.framework/Versions/A/SafariCore
0x00000001cf47a000 	/System/Library/PrivateFrameworks/SafariFoundation.framework/Versions/A/SafariFoundation
0x0000000248f31000 	/System/Library/PrivateFrameworks/CBORLibrary.framework/Versions/A/CBORLibrary
0x0000000249cd9000 	/System/Library/PrivateFrameworks/Chirp.framework/Versions/A/Chirp
0x00000001faa2c000 	/System/Library/PrivateFrameworks/RemoteManagement.framework/Versions/A/RemoteManagement
0x000000026b383000 	/System/Library/PrivateFrameworks/RemoteManagementModel.framework/Versions/A/RemoteManagementModel
0x000000026b410000 	/System/Library/PrivateFrameworks/RemoteManagementStore.framework/Versions/A/RemoteManagementStore
0x00000001b0c93000 	/usr/lib/libxcselect.dylib
0x00000001cf3e9000 	/System/Library/PrivateFrameworks/DifferentialPrivacy.framework/Versions/A/DifferentialPrivacy
0x00000001b3a23000 	/System/Library/Frameworks/Contacts.framework/Versions/A/Contacts
0x000000027a656000 	/System/Library/PrivateFrameworks/VDAF.framework/Versions/A/VDAF
0x00000001b3840000 	/System/Library/PrivateFrameworks/ContactsPersistence.framework/Versions/A/ContactsPersistence
0x00000001b2a57000 	/System/Library/PrivateFrameworks/AppleLDAP.framework/Versions/A/AppleLDAP
0x00000001b700e000 	/System/Library/Frameworks/ClassKit.framework/Versions/A/ClassKit
0x00000001b914d000 	/System/Library/PrivateFrameworks/CoreSuggestions.framework/Versions/A/CoreSuggestions
0x00000001b3773000 	/System/Library/PrivateFrameworks/ContactsFoundation.framework/Versions/A/ContactsFoundation
0x00000001b4d14000 	/System/Library/PrivateFrameworks/vCard.framework/Versions/A/vCard
0x000000024b4fc000 	/System/Library/PrivateFrameworks/ContactsMetrics.framework/Versions/A/ContactsMetrics
0x00000001ad119000 	/System/Library/PrivateFrameworks/login.framework/Versions/A/login
0x0000000261130000 	/System/Library/PrivateFrameworks/ManagedOrganizationContacts.framework/Versions/A/ManagedOrganizationContacts
0x00000001a6fe7000 	/System/Library/PrivateFrameworks/CloudDocs.framework/Versions/A/CloudDocs
0x00000001b873c000 	/System/Library/PrivateFrameworks/ConfigurationProfiles.framework/Versions/A/ConfigurationProfiles
0x000000024ee83000 	/System/Library/PrivateFrameworks/DMCUtilities.framework/Versions/A/DMCUtilities
0x000000025f3c3000 	/System/Library/PrivateFrameworks/MDMClientLibrary.framework/Versions/A/MDMClientLibrary
0x000000026b404000 	/System/Library/PrivateFrameworks/RemoteManagementProtocol.framework/Versions/A/RemoteManagementProtocol
0x0000000284697000 	/usr/lib/libEndpointSecuritySystem.dylib
0x00000001b317d000 	/System/Library/PrivateFrameworks/SystemAdministration.framework/Versions/A/SystemAdministration
0x00000001bd62f000 	/System/Library/PrivateFrameworks/PowerlogControl.framework/Versions/A/PowerlogControl
0x00000001aa7dc000 	/System/Library/Frameworks/ServiceManagement.framework/Versions/A/ServiceManagement
0x00000001bd631000 	/usr/lib/libUniversalAccess.dylib
0x00000001ba2fc000 	/System/Library/PrivateFrameworks/FamilyControls.framework/Versions/A/FamilyControls
0x00000001b2a08000 	/System/Library/Frameworks/DirectoryService.framework/Versions/A/DirectoryService
0x00000001b6cfc000 	/System/Library/PrivateFrameworks/LoginUIKit.framework/Versions/A/Frameworks/LoginUICore.framework/Versions/A/LoginUICore
0x00000001ad309000 	/usr/lib/libodfde.dylib
0x00000001ba2f6000 	/System/Library/PrivateFrameworks/UniversalAccess.framework/Versions/A/Libraries/libUAPreferences.dylib
0x00000001ba320000 	/System/Library/PrivateFrameworks/CommerceKit.framework/Versions/A/Frameworks/CommerceCore.framework/Versions/A/CommerceCore
0x000000024ee31000 	/System/Library/PrivateFrameworks/DEPClientLibrary.framework/Versions/A/DEPClientLibrary
0x000000024ee51000 	/System/Library/PrivateFrameworks/DMCEnrollmentLibrary.framework/Versions/A/DMCEnrollmentLibrary
0x00000001bd715000 	/System/Library/PrivateFrameworks/SetupAssistantFramework.framework/Versions/A/SetupAssistantFramework
0x00000001b73c1000 	/System/Library/PrivateFrameworks/AuthKitUI.framework/Versions/A/AuthKitUI
0x00000001b6d46000 	/System/Library/PrivateFrameworks/AppSSO.framework/Versions/A/AppSSO
0x00000001cc3e6000 	/System/Library/PrivateFrameworks/LocalAuthenticationUI.framework/Versions/A/LocalAuthenticationUI
0x00000002695c2000 	/System/Library/PrivateFrameworks/PlatformSSO.framework/Versions/A/PlatformSSO
0x00000001ccdd3000 	/System/Library/PrivateFrameworks/AOSUI.framework/Versions/A/AOSUI
0x00000001bf1a6000 	/System/Library/Frameworks/ContactsUI.framework/Versions/A/ContactsUI
0x00000001b3c5a000 	/System/Library/PrivateFrameworks/FamilyCircle.framework/Versions/A/FamilyCircle
0x00000001da479000 	/System/Library/Frameworks/LinkPresentation.framework/Versions/A/LinkPresentation
0x000000026968e000 	/System/Library/PrivateFrameworks/PlatformSSOCore.framework/Versions/A/PlatformSSOCore
0x00000001beeb8000 	/System/Library/PrivateFrameworks/IASUtilities.framework/Versions/A/IASUtilities
0x000000025a2c6000 	/System/Library/PrivateFrameworks/IASUtilitiesCore.framework/Versions/A/IASUtilitiesCore
0x000000025f2ab000 	/System/Library/PrivateFrameworks/LocalAuthenticationCoreUI.framework/Versions/A/LocalAuthenticationCoreUI
0x00000001c5e5a000 	/System/Library/Frameworks/LocalAuthentication.framework/Support/DaemonUtils.framework/Versions/A/DaemonUtils
0x00000001c90c6000 	/System/Library/PrivateFrameworks/BridgeXPC.framework/Versions/A/BridgeXPC
0x00000001ad13d000 	/System/Library/PrivateFrameworks/CoreBrightness.framework/Versions/A/CoreBrightness
0x00000001c6a98000 	/System/Library/PrivateFrameworks/CoreKDL.framework/Versions/A/CoreKDL
0x00000001c52c2000 	/System/Library/PrivateFrameworks/EmbeddedOSSupportHost.framework/Versions/A/EmbeddedOSSupportHost
0x0000000275846000 	/System/Library/PrivateFrameworks/SystemStatus.framework/Versions/A/SystemStatus
0x00000001d454f000 	/System/Library/PrivateFrameworks/StorageKit.framework/Versions/A/StorageKit
0x00000001fc0a6000 	/System/Library/Frameworks/DeviceCheck.framework/Versions/A/DeviceCheck
0x00000001ff3d1000 	/System/Library/Frameworks/FSKit.framework/Versions/A/FSKit
0x000000024f621000 	/System/Library/PrivateFrameworks/DiskImages2.framework/Versions/A/DiskImages2
0x000000025f138000 	/System/Library/PrivateFrameworks/LiveFS.framework/Versions/A/LiveFS
0x0000000281f36000 	/System/Library/PrivateFrameworks/icloudMCCKit.framework/Versions/A/icloudMCCKit
0x000000024683c000 	/System/Library/PrivateFrameworks/AppleAccountUI.framework/Versions/A/AppleAccountUI
0x000000024a7ff000 	/System/Library/PrivateFrameworks/CloudSubscriptionFeatures.framework/Versions/A/CloudSubscriptionFeatures
0x00000001e5f62000 	/System/Library/PrivateFrameworks/PreferencePanesSupport.framework/Versions/A/PreferencePanesSupport
0x00000001ccf83000 	/System/Library/PrivateFrameworks/FindMyDeviceUI.framework/Versions/A/FindMyDeviceUI
0x000000027fb6e000 	/System/Library/PrivateFrameworks/iCloudQuotaUI.framework/Versions/A/iCloudQuotaUI
0x00000001e6115000 	/System/Library/PrivateFrameworks/CoreCDPUI.framework/Versions/A/CoreCDPUI
0x00000001c7562000 	/System/Library/PrivateFrameworks/CoreFollowUpUI.framework/Versions/A/CoreFollowUpUI
0x00000001af373000 	/System/Library/PrivateFrameworks/CoreFollowUp.framework/Versions/A/CoreFollowUp
0x00000001d32ca000 	/System/Library/PrivateFrameworks/IMCore.framework/Versions/A/IMCore
0x00000001bd697000 	/System/Library/PrivateFrameworks/CoreCDP.framework/Versions/A/CoreCDP
0x00000001b9a1d000 	/System/Library/PrivateFrameworks/AskPermission.framework/Versions/A/AskPermission
0x00000001cae1e000 	/System/Library/Frameworks/Quartz.framework/Versions/A/Quartz
0x00000001d6df4000 	/System/Library/PrivateFrameworks/CloudPhotoServicesConfiguration.framework/Versions/A/CloudPhotoServicesConfiguration
0x00000001c9834000 	/System/Library/PrivateFrameworks/CommerceKit.framework/Versions/A/CommerceKit
0x00000001d8734000 	/System/Library/PrivateFrameworks/FindMyMac.framework/Versions/A/FindMyMac
0x00000001d860b000 	/System/Library/Frameworks/PreferencePanes.framework/Versions/A/PreferencePanes
0x00000001cc4de000 	/System/Library/Frameworks/AddressBook.framework/Versions/A/AddressBook
0x00000001b8a05000 	/System/Library/PrivateFrameworks/AOSAccounts.framework/Versions/A/AOSAccounts
0x00000001b3177000 	/System/Library/PrivateFrameworks/AppleSRP.framework/Versions/A/AppleSRP
0x00000001c5d74000 	/System/Library/Frameworks/SafariServices.framework/Versions/A/SafariServices
0x00000001b7523000 	/System/Library/PrivateFrameworks/NetFSServer.framework/Versions/A/NetFSServer
0x00000001c866a000 	/System/Library/Frameworks/PDFKit.framework/Versions/A/PDFKit
0x00000001d962c000 	/System/Library/PrivateFrameworks/EmailFoundation.framework/Versions/A/EmailFoundation
0x00000001d8668000 	/System/Library/PrivateFrameworks/EmailCore.framework/Versions/A/EmailCore
0x00000001dc459000 	/System/Library/PrivateFrameworks/EmailAddressing.framework/Versions/A/EmailAddressing
0x00000001dc465000 	/System/Library/PrivateFrameworks/Email.framework/Versions/A/Email
0x00000002048c2000 	/System/Library/Frameworks/TabularData.framework/Versions/A/TabularData
0x0000000285848000 	/usr/lib/swift/libswiftPassKit.dylib
0x0000000248116000 	/System/Library/PrivateFrameworks/BackgroundSystemTasks.framework/Versions/A/BackgroundSystemTasks
0x000000025f33a000 	/System/Library/PrivateFrameworks/LockdownMode.framework/Versions/A/LockdownMode
0x00000001b3c54000 	/System/Library/PrivateFrameworks/CommunicationsFilter.framework/Versions/A/CommunicationsFilter
0x00000001e9c26000 	/System/Library/Frameworks/PassKit.framework/Versions/A/PassKit
0x00000001bae20000 	/System/Library/PrivateFrameworks/PassKitCore.framework/Versions/A/PassKitCore
0x0000000266b79000 	/System/Library/PrivateFrameworks/PassKitMacHelperTemp.framework/Versions/A/PassKitMacHelperTemp
0x0000000245b7b000 	/System/Library/PrivateFrameworks/AppIntentsServices.framework/Versions/A/AppIntentsServices
0x00000001b861b000 	/System/Library/PrivateFrameworks/CoreRecents.framework/Versions/A/CoreRecents
0x00000001c5ea7000 	/System/Library/PrivateFrameworks/BiometricKit.framework/Versions/A/BiometricKit
0x000000026bdc1000 	/System/Library/PrivateFrameworks/SEService.framework/Versions/A/SEService
0x00000001b9219000 	/System/Library/Frameworks/EventKit.framework/Versions/A/EventKit
0x00000001caec3000 	/System/Library/PrivateFrameworks/NearField.framework/Versions/A/NearField
0x00000001ccbfb000 	/System/Library/PrivateFrameworks/FTClientServices.framework/Versions/A/FTClientServices
0x00000001e5983000 	/System/Library/PrivateFrameworks/DiagnosticRequest.framework/Versions/A/DiagnosticRequest
0x0000000284845000 	/usr/lib/libSESShared.dylib
0x000000026bf62000 	/System/Library/PrivateFrameworks/STSXPCHelperClient.framework/Versions/A/STSXPCHelperClient
0x0000000275619000 	/System/Library/PrivateFrameworks/Symptoms.framework/Versions/A/Frameworks/SymptomPresentationFeed.framework/Versions/A/SymptomPresentationFeed
0x00000002470ef000 	/System/Library/PrivateFrameworks/AppleMediaServicesKitInternal.framework/Versions/A/AppleMediaServicesKitInternal
0x0000000275394000 	/System/Library/PrivateFrameworks/SymptomShared.framework/Versions/A/SymptomShared
0x0000000249869000 	/System/Library/PrivateFrameworks/CalendarDatabase.framework/Versions/A/CalendarDatabase
0x00000002497bd000 	/System/Library/PrivateFrameworks/CalendarDaemon.framework/Versions/A/CalendarDaemon
0x00000001b8670000 	/System/Library/PrivateFrameworks/CalendarFoundation.framework/Versions/A/CalendarFoundation
0x00000001b862c000 	/System/Library/PrivateFrameworks/iCalendar.framework/Versions/A/iCalendar
0x000000024f0b8000 	/System/Library/PrivateFrameworks/DataAccessExpress.framework/Versions/A/DataAccessExpress
0x00000001bed4a000 	/System/Library/PrivateFrameworks/CoreDAV.framework/Versions/A/CoreDAV
0x00000001b90ee000 	/System/Library/PrivateFrameworks/CalDAV.framework/Versions/A/CalDAV
0x00000001c3263000 	/System/Library/PrivateFrameworks/TelephonyUtilities.framework/Versions/A/TelephonyUtilities
0x00000001c762d000 	/System/Library/Frameworks/CallKit.framework/Versions/A/CallKit
0x00000001ef274000 	/System/Library/PrivateFrameworks/IMTransferServices.framework/Versions/A/IMTransferServices
0x00000001c5bdf000 	/System/Library/PrivateFrameworks/IncomingCallFilter.framework/Versions/A/IncomingCallFilter
0x0000000264484000 	/System/Library/PrivateFrameworks/NeighborhoodActivityConduit.framework/Versions/A/NeighborhoodActivityConduit
0x000000028466d000 	/usr/lib/libBASupport.dylib
0x00000001d3074000 	/System/Library/PrivateFrameworks/SpotlightReceiver.framework/Versions/A/SpotlightReceiver
0x00000001cc89c000 	/usr/lib/libnfshared.dylib
0x00000001ec454000 	/System/Library/PrivateFrameworks/PassKitUIFoundation.framework/Versions/A/PassKitUIFoundation
0x00000001b2a69000 	/System/Library/Frameworks/MapKit.framework/Versions/A/MapKit
0x00000001ff395000 	/System/Library/Frameworks/ExtensionKit.framework/Versions/A/ExtensionKit
0x00000002576e8000 	/System/Library/PrivateFrameworks/GeoAnalytics.framework/Versions/A/GeoAnalytics
0x00000001c6bed000 	/System/Library/PrivateFrameworks/SearchFoundation.framework/Versions/A/SearchFoundation
0x00000001cc8d2000 	/System/Library/PrivateFrameworks/Navigation.framework/Versions/A/Navigation
0x00000001d5914000 	/System/Library/PrivateFrameworks/VectorKit.framework/Versions/A/VectorKit
0x00000001bef80000 	/System/Library/PrivateFrameworks/VirtualGarage.framework/Versions/A/VirtualGarage
0x00000001cca4b000 	/System/Library/Frameworks/ExternalAccessory.framework/ExternalAccessory
0x00000001cca65000 	/System/Library/PrivateFrameworks/IAP.framework/Versions/A/IAP
0x00000001b2d1c000 	/System/Library/PrivateFrameworks/IOPlatformPluginFamily.framework/Versions/A/IOPlatformPluginFamily
0x0000000247fd7000 	/System/Library/PrivateFrameworks/AvatarKit.framework/Versions/A/AvatarKit
0x000000024808f000 	/System/Library/PrivateFrameworks/AvatarPersistence.framework/Versions/A/AvatarPersistence
0x000000026b479000 	/System/Library/PrivateFrameworks/RemoteUI.framework/Versions/A/RemoteUI
0x00000001b2e20000 	/usr/lib/libCTGreenTeaLogger.dylib
0x0000000204aec000 	/System/Library/Frameworks/TipKit.framework/Versions/A/TipKit
0x00000001e7bdd000 	/System/Library/PrivateFrameworks/AppleCVA.framework/Versions/A/AppleCVA
0x000000024808e000 	/System/Library/PrivateFrameworks/AvatarKitContent.framework/Versions/A/AvatarKitContent
0x00000001b2e48000 	/System/Library/PrivateFrameworks/CoreAppleCVA.framework/Versions/A/CoreAppleCVA
0x000000025e176000 	/System/Library/PrivateFrameworks/LiftUI.framework/Versions/A/LiftUI
0x000000024a76e000 	/System/Library/PrivateFrameworks/CloudSettings.framework/Versions/A/CloudSettings
0x00000001c5809000 	/System/Library/PrivateFrameworks/CoreRoutine.framework/Versions/A/CoreRoutine
0x00000001d40a4000 	/System/Library/PrivateFrameworks/Categories.framework/Versions/A/Categories
0x000000024ac6e000 	/System/Library/PrivateFrameworks/Coherence.framework/Versions/A/Coherence
0x00000001c315e000 	/System/Library/PrivateFrameworks/CoreParsec.framework/Versions/A/CoreParsec
0x0000000267208000 	/System/Library/PrivateFrameworks/PegasusAPI.framework/Versions/A/PegasusAPI
0x0000000267ed6000 	/System/Library/PrivateFrameworks/PegasusConfiguration.framework/Versions/A/PegasusConfiguration
0x000000025f311000 	/System/Library/PrivateFrameworks/LocalStatusKit.framework/Versions/A/LocalStatusKit
0x00000001c77e1000 	/System/Library/PrivateFrameworks/ContextKit.framework/Versions/A/ContextKit
0x000000024b62a000 	/System/Library/PrivateFrameworks/ContextKitCore.framework/Versions/A/ContextKitCore
0x00000001ccbff000 	/System/Library/PrivateFrameworks/CharacterPicker.framework/Versions/A/CharacterPicker
0x00000001c5ce6000 	/System/Library/PrivateFrameworks/ContactsDonation.framework/Versions/A/ContactsDonation
0x00000001bf0a2000 	/System/Library/PrivateFrameworks/ContactsUICore.framework/Versions/A/ContactsUICore
0x00000001c55ec000 	/System/Library/PrivateFrameworks/DataDetectors.framework/Versions/A/DataDetectors
0x00000001b90da000 	/System/Library/Frameworks/MediaLibrary.framework/Versions/A/MediaLibrary
0x00000001b3c43000 	/System/Library/PrivateFrameworks/PersonaKit.framework/Versions/A/PersonaKit
0x00000001bf090000 	/System/Library/PrivateFrameworks/PersonaUI.framework/Versions/A/PersonaUI
0x000000025ab87000 	/System/Library/PrivateFrameworks/InputToolKitUI.framework/Versions/A/InputToolKitUI
0x000000025ab72000 	/System/Library/PrivateFrameworks/InputToolKit.framework/Versions/A/InputToolKit
0x0000000274c6c000 	/System/Library/PrivateFrameworks/Stickers.framework/Versions/A/Stickers
0x000000025aae0000 	/System/Library/PrivateFrameworks/InputAnalytics.framework/Versions/A/InputAnalytics
0x00000001ce776000 	/System/Library/PrivateFrameworks/EmojiFoundation.framework/Versions/A/EmojiFoundation
0x0000000250a5a000 	/System/Library/PrivateFrameworks/FeedbackService.framework/Versions/A/FeedbackService
0x00000001b38bf000 	/System/Library/PrivateFrameworks/AddressBookCore.framework/Versions/A/AddressBookCore
0x00000001c74e2000 	/System/Library/PrivateFrameworks/IntlPreferences.framework/Versions/A/IntlPreferences
0x00000001cc661000 	/System/Library/PrivateFrameworks/ToneKit.framework/Versions/A/ToneKit
0x00000001c7528000 	/System/Library/PrivateFrameworks/ToneLibrary.framework/Versions/A/ToneLibrary
0x000000024b4c2000 	/System/Library/PrivateFrameworks/ContactsAccounts.framework/Versions/A/ContactsAccounts
0x00000001d8029000 	/System/Library/PrivateFrameworks/Transparency.framework/Versions/A/Transparency
0x00000001cad3b000 	/System/Library/PrivateFrameworks/Lookup.framework/Versions/A/Lookup
0x0000000202cc0000 	/System/Library/Frameworks/QuickLookUI.framework/Versions/A/QuickLookUI
0x00000002036a0000 	/System/Library/Frameworks/ScreenCaptureKit.framework/Versions/A/ScreenCaptureKit
0x00000001c817e000 	/System/Library/Frameworks/Quartz.framework/Versions/A/Frameworks/QuartzComposer.framework/Versions/A/QuartzComposer
0x00000001c74b9000 	/System/Library/Frameworks/Quartz.framework/Versions/A/Frameworks/QuartzFilters.framework/Versions/A/QuartzFilters
0x00000001c659f000 	/System/Library/Frameworks/Quartz.framework/Versions/A/Frameworks/ImageKit.framework/Versions/A/ImageKit
0x00000001fda15000 	/System/Library/Frameworks/OpenCL.framework/Versions/A/OpenCL
0x00000001c4ceb000 	/System/Library/PrivateFrameworks/CorePDF.framework/Versions/A/CorePDF
0x00000001b0c0c000 	/System/Library/Frameworks/QuickLook.framework/Versions/A/QuickLook
0x00000001bad25000 	/System/Library/PrivateFrameworks/DisplayServices.framework/Versions/A/DisplayServices
0x00000001c7429000 	/System/Library/Frameworks/ImageCaptureCore.framework/Versions/A/ImageCaptureCore
0x000000027c10b000 	/System/Library/PrivateFrameworks/VisionKitCore.framework/Versions/A/VisionKitCore
0x00000001c312e000 	/System/Library/PrivateFrameworks/QuickLookSupport.framework/Versions/A/QuickLookSupport
0x000000026199a000 	/System/Library/PrivateFrameworks/MediaAnalysisServices.framework/Versions/A/MediaAnalysisServices
0x00000001c9d2a000 	/System/Library/PrivateFrameworks/PhotoLibraryServices.framework/Versions/A/PhotoLibraryServices
0x00000001c7072000 	/System/Library/Frameworks/Photos.framework/Versions/A/Photos
0x00000001da85a000 	/System/Library/PrivateFrameworks/PhotosFormats.framework/Versions/A/PhotosFormats
0x00000001d6e26000 	/System/Library/PrivateFrameworks/CloudPhotoLibrary.framework/Versions/A/CloudPhotoLibrary
0x00000001dfe4b000 	/System/Library/PrivateFrameworks/CloudPhotoServices.framework/Versions/A/CloudPhotoServices
0x00000001dc5e2000 	/System/Library/PrivateFrameworks/CoreMediaStream.framework/Versions/A/CoreMediaStream
0x00000001b426f000 	/System/Library/PrivateFrameworks/CPAnalytics.framework/Versions/A/CPAnalytics
0x00000001d8cce000 	/System/Library/PrivateFrameworks/MediaConversionService.framework/Versions/A/MediaConversionService
0x00000001ba992000 	/System/Library/PrivateFrameworks/PhotoFoundation.framework/Versions/A/PhotoFoundation
0x000000026846e000 	/System/Library/PrivateFrameworks/PhotoLibraryServicesCore.framework/Versions/A/PhotoLibraryServicesCore
0x00000001d2a25000 	/System/Library/PrivateFrameworks/MMCS.framework/Versions/A/MMCS
0x00000001b8f43000 	/System/Library/PrivateFrameworks/ChunkingLibrary.framework/Versions/A/ChunkingLibrary
0x00000001b3122000 	/System/Library/PrivateFrameworks/AssetCacheServices.framework/Versions/A/AssetCacheServices
0x00000001b4e4a000 	/System/Library/PrivateFrameworks/AVFoundationCF.framework/Versions/A/AVFoundationCF
0x00000001ef171000 	/usr/lib/swift/libswiftDemangle.dylib
0x00000001c5869000 	/System/Library/PrivateFrameworks/MediaStream.framework/Versions/A/MediaStream
0x00000001d91e8000 	/System/Library/PrivateFrameworks/NeutrinoCore.framework/Versions/A/NeutrinoCore
0x00000001a4389000 	/System/Library/PrivateFrameworks/NLP.framework/Versions/A/NLP
0x00000001debf7000 	/System/Library/PrivateFrameworks/PhotoImaging.framework/Versions/A/PhotoImaging
0x00000001dfe0c000 	/System/Library/PrivateFrameworks/PhotosImagingFoundation.framework/Versions/A/PhotosImagingFoundation
0x0000000268f49000 	/System/Library/PrivateFrameworks/PhotosIntelligenceCore.framework/Versions/A/PhotosIntelligenceCore
0x00000001b52e1000 	/System/Library/PrivateFrameworks/EmbeddedAcousticRecognition.framework/Versions/A/EmbeddedAcousticRecognition
0x00000001d708d000 	/System/Library/PrivateFrameworks/SDAPI.framework/Versions/A/SDAPI
0x00000001dfe59000 	/System/Library/PrivateFrameworks/AutoLoop.framework/Versions/A/AutoLoop
0x00000002699b2000 	/System/Library/PrivateFrameworks/Portrait.framework/Versions/A/Portrait
0x00000002468e5000 	/System/Library/PrivateFrameworks/AppleDepth.framework/Versions/A/AppleDepth
0x00000002515f0000 	/System/Library/PrivateFrameworks/FusionTracker.framework/Versions/A/FusionTracker
0x00000002469d3000 	/System/Library/PrivateFrameworks/AppleDepthCore.framework/Versions/A/AppleDepthCore
0x00000001c7c3e000 	/System/Library/PrivateFrameworks/iTunesCloud.framework/Versions/A/iTunesCloud
0x00000001d04ea000 	/System/Library/PrivateFrameworks/DAAPKit.framework/Versions/A/DAAPKit
0x00000002858cc000 	/usr/lib/swift/libswiftVideoToolbox.dylib
0x00000001c343f000 	/System/Library/PrivateFrameworks/DeviceManagement.framework/Versions/A/DeviceManagement
0x00000001e58e2000 	/System/Library/PrivateFrameworks/ScreenTimeUI.framework/Versions/A/ScreenTimeUI
0x00000001c55e6000 	/System/Library/PrivateFrameworks/QuickLookNonBaseSystem.framework/Versions/A/QuickLookNonBaseSystem
0x00000001c5db5000 	/System/Library/PrivateFrameworks/Catalyst.framework/Versions/A/Catalyst
0x0000000261136000 	/System/Library/PrivateFrameworks/ManagedSettingsObjC.framework/Versions/A/ManagedSettingsObjC
0x00000001c76cf000 	/System/Library/PrivateFrameworks/ScreenTimeCore.framework/Versions/A/ScreenTimeCore
0x00000001d9dbc000 	/System/Library/PrivateFrameworks/ScreenTimeServiceUI.framework/Versions/A/ScreenTimeServiceUI
0x00000001d2bb0000 	/System/Library/PrivateFrameworks/ConfigurationEngineModel.framework/Versions/A/ConfigurationEngineModel
0x00000001d58d0000 	/System/Library/PrivateFrameworks/UsageTracking.framework/Versions/A/UsageTracking
0x00000001ff196000 	/System/Library/Frameworks/DeviceActivity.framework/Versions/A/DeviceActivity
0x00000001d58a0000 	/System/Library/PrivateFrameworks/KnowledgeMonitor.framework/Versions/A/KnowledgeMonitor
0x00000001ec3f9000 	/System/Library/PrivateFrameworks/BluetoothManager.framework/Versions/A/BluetoothManager
0x00000002002f1000 	/System/Library/Frameworks/ManagedSettings.framework/Versions/A/ManagedSettings
0x000000026116f000 	/System/Library/PrivateFrameworks/ManagedSettingsSupport.framework/Versions/A/ManagedSettingsSupport
0x00000001e9cf6000 	/System/Library/Frameworks/ReplayKit.framework/Versions/A/ReplayKit
0x00000001bbcbe000 	/System/Library/PrivateFrameworks/MarkupUI.framework/Versions/A/MarkupUI
0x00000001c55be000 	/System/Library/PrivateFrameworks/SidecarCore.framework/Versions/A/SidecarCore
0x00000001c803f000 	/System/Library/PrivateFrameworks/AnnotationKit.framework/Versions/A/AnnotationKit
0x0000000204c4c000 	/System/Library/Frameworks/Translation.framework/Versions/A/Translation
0x00000001e1821000 	/System/Library/PrivateFrameworks/RevealCore.framework/Versions/A/RevealCore
0x00000001e1815000 	/System/Library/PrivateFrameworks/Reveal.framework/Versions/A/Reveal
0x0000000278f13000 	/System/Library/PrivateFrameworks/TranslationUIServices.framework/Versions/A/TranslationUIServices
0x00000001c67e5000 	/System/Library/Frameworks/PencilKit.framework/Versions/A/PencilKit
0x00000001c699a000 	/System/Library/PrivateFrameworks/SidecarUI.framework/Versions/A/SidecarUI
0x00000001c6192000 	/System/Library/PrivateFrameworks/CoreHandwriting.framework/Versions/A/CoreHandwriting
0x000000019e54f000 	/usr/lib/libmecabra.dylib
0x00000001bf519000 	/System/Library/PrivateFrameworks/Calculate.framework/Versions/A/Calculate
0x00000001acab1000 	/usr/lib/libChineseTokenizer.dylib
0x00000001fa955000 	/System/Library/PrivateFrameworks/ScreenReaderCore.framework/Versions/A/ScreenReaderCore
0x0000000275043000 	/System/Library/PrivateFrameworks/StocksKit.framework/Versions/A/StocksKit
0x00000001be692000 	/System/Library/PrivateFrameworks/OAuth.framework/Versions/A/OAuth
0x0000000274cf0000 	/System/Library/PrivateFrameworks/StocksCore.framework/Versions/A/StocksCore
0x0000000275d54000 	/System/Library/PrivateFrameworks/TeaFoundation.framework/Versions/A/TeaFoundation
0x0000000275f3d000 	/System/Library/PrivateFrameworks/TeaSettings.framework/Versions/A/TeaSettings
0x00000001f053b000 	/System/Library/PrivateFrameworks/NewsCore.framework/Versions/A/NewsCore
0x0000000275cf1000 	/System/Library/PrivateFrameworks/TeaDB.framework/Versions/A/TeaDB
0x00000001ed1e2000 	/System/Library/PrivateFrameworks/RemoteConfiguration.framework/Versions/A/RemoteConfiguration
0x00000001f0175000 	/System/Library/PrivateFrameworks/NewsTransport.framework/Versions/A/NewsTransport
0x00000001f052b000 	/System/Library/PrivateFrameworks/NewsFoundation.framework/Versions/A/NewsFoundation
0x00000002649cc000 	/System/Library/PrivateFrameworks/NewsURLBucket.framework/Versions/A/NewsURLBucket
0x00000001c9a5e000 	/System/Library/PrivateFrameworks/MobileInstallation.framework/Versions/A/MobileInstallation
0x0000000277f5a000 	/System/Library/PrivateFrameworks/TipKitCore.framework/Versions/A/TipKitCore
0x00000001ce7f9000 	/System/Library/PrivateFrameworks/CoreCDPInternal.framework/Versions/A/CoreCDPInternal
0x00000001be5e4000 	/System/Library/PrivateFrameworks/AccountsDaemon.framework/Versions/A/AccountsDaemon
0x000000026b0bb000 	/System/Library/PrivateFrameworks/RegulatoryDomain.framework/Versions/A/RegulatoryDomain
0x00000001e6112000 	/System/Library/PrivateFrameworks/MachineSettings.framework/Versions/A/MachineSettings
0x00000001d858e000 	/System/Library/PrivateFrameworks/BezelServices.framework/Versions/A/BezelServices
0x00000001d0573000 	/System/Library/PrivateFrameworks/SPOwner.framework/Versions/A/SPOwner
0x00000001c9899000 	/System/Library/PrivateFrameworks/FMCore.framework/Versions/A/FMCore
0x000000027facb000 	/System/Library/PrivateFrameworks/iCloudQuota.framework/Versions/A/iCloudQuota
0x00000001bf015000 	/System/Library/PrivateFrameworks/CoreRecognition.framework/Versions/A/CoreRecognition
0x00000001d8643000 	/System/Library/PrivateFrameworks/InAppMessages.framework/Versions/A/InAppMessages
0x00000001f969f000 	/System/Library/PrivateFrameworks/JetUI.framework/Versions/A/JetUI
0x000000025ded2000 	/System/Library/PrivateFrameworks/JetPack.framework/Versions/A/JetPack
0x00000001d863a000 	/System/Library/PrivateFrameworks/InAppMessagesCore.framework/Versions/A/InAppMessagesCore
0x000000027f1c3000 	/System/Library/PrivateFrameworks/_JetEngine_SwiftUI.framework/Versions/A/_JetEngine_SwiftUI
0x0000000275641000 	/System/Library/PrivateFrameworks/Synapse.framework/Versions/A/Synapse
0x0000000249659000 	/System/Library/PrivateFrameworks/CSExattrCrypto.framework/Versions/A/CSExattrCrypto
0x00000001ba9a3000 	/System/Library/PrivateFrameworks/IMSharedUtilities.framework/Versions/A/IMSharedUtilities
0x00000001d395e000 	/System/Library/Frameworks/InstantMessage.framework/Versions/A/InstantMessage
0x00000001cc3df000 	/System/Library/PrivateFrameworks/IDSKVStore.framework/Versions/A/IDSKVStore
0x00000001cc21f000 	/System/Library/PrivateFrameworks/IMDPersistence.framework/Versions/A/IMDPersistence
0x00000002857e8000 	/usr/lib/swift/libswiftAppleArchive.dylib
0x000000027a648000 	/System/Library/PrivateFrameworks/UserSafety.framework/Versions/A/UserSafety
0x00000001eb64b000 	/System/Library/PrivateFrameworks/BlastDoor.framework/Versions/A/BlastDoor
0x0000000203724000 	/System/Library/Frameworks/SensitiveContentAnalysis.framework/Versions/A/SensitiveContentAnalysis
0x000000025efb8000 	/System/Library/PrivateFrameworks/LinkPresentationStyleSheetParsing.framework/Versions/A/LinkPresentationStyleSheetParsing
0x00000001c5c3e000 	/System/Library/PrivateFrameworks/CoreSDB.framework/Versions/A/CoreSDB
0x0000000247a2d000 	/System/Library/PrivateFrameworks/AskToCore.framework/Versions/A/AskToCore
0x00000001caa28000 	/System/Library/PrivateFrameworks/StoreFoundation.framework/Versions/A/StoreFoundation
0x00000001c9893000 	/System/Library/PrivateFrameworks/ServerInformation.framework/Versions/A/ServerInformation
0x00000001c9304000 	/System/Library/PrivateFrameworks/Install.framework/Frameworks/DistributionKit.framework/Versions/A/DistributionKit
0x00000001c2efb000 	/System/Library/PrivateFrameworks/PackageKit.framework/Versions/A/PackageKit
0x00000001c9327000 	/System/Library/PrivateFrameworks/OSPersonalization.framework/Versions/A/OSPersonalization
0x00000001caf94000 	/System/Library/PrivateFrameworks/BridgeOSSoftwareUpdate.framework/Versions/A/BridgeOSSoftwareUpdate
0x00000001c60ba000 	/System/Library/PrivateFrameworks/StorageManagement.framework/Versions/A/StorageManagement
0x00000001d9945000 	/usr/lib/libauthinstall.dylib
0x00000001caf9d000 	/System/Library/PrivateFrameworks/InstallerDiagnostics.framework/Versions/A/InstallerDiagnostics
0x00000001d9f78000 	/usr/lib/libcrypto.42.dylib
0x00000001caf82000 	/System/Library/PrivateFrameworks/GPUInfo.framework/Versions/A/GPUInfo
0x00000001d873a000 	/System/Library/PrivateFrameworks/MobileActivationMacOS.framework/Versions/A/MobileActivationMacOS
0x00000001b4216000 	/System/Library/PrivateFrameworks/GenerationalStorage.framework/Versions/A/GenerationalStorage
0x00000001af776000 	/System/Library/PrivateFrameworks/CacheDelete.framework/Versions/A/CacheDelete
0x00000001b7655000 	/System/Library/Frameworks/QuickLookThumbnailing.framework/Versions/A/QuickLookThumbnailing
0x00000001b4048000 	/System/Library/Frameworks/FileProvider.framework/Versions/A/FileProvider
0x00000001a27ec000 	/System/Library/PrivateFrameworks/DesktopServicesPriv.framework/Versions/A/DesktopServicesPriv
0x00000001a4aae000 	/System/Library/Frameworks/Accounts.framework/Versions/A/Accounts
0x00000001cafe1000 	/System/Library/PrivateFrameworks/AOSKit.framework/Versions/A/AOSKit
0x00000001acbe1000 	/System/Library/PrivateFrameworks/AppSSOCore.framework/Versions/A/AppSSOCore
0x00000001b6d02000 	/System/Library/PrivateFrameworks/AppSupport.framework/Versions/A/AppSupport
0x00000001c50c4000 	/System/Library/Frameworks/AVFoundation.framework/Versions/A/AVFoundation
0x00000001b7578000 	/System/Library/PrivateFrameworks/DuetActivityScheduler.framework/Versions/A/DuetActivityScheduler
0x00000001c5be5000 	/System/Library/PrivateFrameworks/FTServices.framework/Versions/A/FTServices
0x00000001d6d5f000 	/System/Library/PrivateFrameworks/NetworkServiceProxy.framework/Versions/A/NetworkServiceProxy
0x00000001b753e000 	/System/Library/PrivateFrameworks/StreamingZip.framework/Versions/A/StreamingZip
0x00000001b662e000 	/System/Library/PrivateFrameworks/CoreWiFi.framework/Versions/A/CoreWiFi
0x00000001af6a2000 	/System/Library/PrivateFrameworks/MobileAsset.framework/Versions/A/MobileAsset
0x00000001b51ee000 	/System/Library/PrivateFrameworks/Rapport.framework/Versions/A/Rapport
0x00000002753a4000 	/System/Library/PrivateFrameworks/Symptoms.framework/Versions/A/Frameworks/SymptomAnalytics.framework/Versions/A/SymptomAnalytics
0x00000001b2d8e000 	/usr/lib/libnetworkextension.dylib
0x00000002850ce000 	/usr/lib/libmrc.dylib
0x000000025a3f3000 	/System/Library/PrivateFrameworks/IPConfiguration.framework/Versions/A/IPConfiguration
0x00000001e5f5a000 	/System/Library/PrivateFrameworks/Netrb.framework/Versions/A/Netrb
0x00000001f0edd000 	/System/Library/PrivateFrameworks/WiFiPeerToPeer.framework/Versions/A/WiFiPeerToPeer
0x00000001ccb7f000 	/System/Library/PrivateFrameworks/SoftwareUpdateCoreSupport.framework/Versions/A/SoftwareUpdateCoreSupport
0x00000001d4520000 	/System/Library/PrivateFrameworks/SoftwareUpdateCoreConnect.framework/Versions/A/SoftwareUpdateCoreConnect
0x00000001b6bba000 	/System/Library/PrivateFrameworks/RemoteServiceDiscovery.framework/Versions/A/RemoteServiceDiscovery
0x00000001cc805000 	/System/Library/PrivateFrameworks/MSUDataAccessor.framework/Versions/A/MSUDataAccessor
0x00000001c7ffa000 	/usr/lib/libbootpolicy.dylib
0x00000001b6bd0000 	/System/Library/PrivateFrameworks/RemoteXPC.framework/Versions/A/RemoteXPC
0x00000001d396e000 	/usr/lib/libFDR.dylib
0x00000001d9a18000 	/usr/lib/libamsupport.dylib
0x0000000284821000 	/usr/lib/libReverseProxyDevice.dylib
0x0000000246a53000 	/System/Library/PrivateFrameworks/AppleDeviceQuerySupport.framework/Versions/A/AppleDeviceQuerySupport
0x00000001dc906000 	/usr/lib/libpartition2_dynamic.dylib
0x00000001ab1db000 	/System/Library/Frameworks/UserNotifications.framework/Versions/A/UserNotifications
0x00000001ec20f000 	/System/Library/Frameworks/CryptoKit.framework/Versions/A/CryptoKit
0x00000001b7516000 	/System/Library/PrivateFrameworks/CryptoKitCBridging.framework/Versions/A/CryptoKitCBridging
0x00000001b4d64000 	/System/Library/Frameworks/CryptoTokenKit.framework/Versions/A/CryptoTokenKit
0x00000001e0463000 	/usr/lib/swift/libswiftCryptoTokenKit.dylib
0x00000001b4dc8000 	/System/Library/Frameworks/LocalAuthentication.framework/Versions/A/LocalAuthentication
0x000000025f18d000 	/System/Library/PrivateFrameworks/LocalAuthenticationCore.framework/Versions/A/LocalAuthenticationCore
0x00000001b4e1d000 	/System/Library/Frameworks/LocalAuthentication.framework/Support/SharedUtils.framework/Versions/A/SharedUtils
0x00000001af80e000 	/usr/lib/libTelephonyUtilDynamic.dylib
0x00000001b3df1000 	/System/Library/PrivateFrameworks/SymptomDiagnosticReporter.framework/Versions/A/SymptomDiagnosticReporter
0x000000024ed6f000 	/System/Library/PrivateFrameworks/CryptoKitPrivate.framework/Versions/A/CryptoKitPrivate
0x00000001a6bc4000 	/System/Library/PrivateFrameworks/ApplePushService.framework/Versions/A/ApplePushService
0x00000001c52ef000 	/System/Library/PrivateFrameworks/FindMyDevice.framework/Versions/A/FindMyDevice
0x00000001a4b33000 	/System/Library/PrivateFrameworks/CommonUtilities.framework/Versions/A/CommonUtilities
0x00000001db390000 	/System/Library/PrivateFrameworks/DeviceIdentity.framework/Versions/A/DeviceIdentity
0x00000001ad30b000 	/System/Library/PrivateFrameworks/Bom.framework/Versions/A/Bom
0x00000001af2d2000 	/usr/lib/libParallelCompression.dylib
0x00000001af2c4000 	/System/Library/PrivateFrameworks/MultiverseSupport.framework/Versions/A/MultiverseSupport
0x00000001bae00000 	/System/Library/PrivateFrameworks/FMCoreLite.framework/Versions/A/FMCoreLite
0x00000001aaf37000 	/System/Library/PrivateFrameworks/AuthKit.framework/Versions/A/AuthKit
0x00000001b3f24000 	/System/Library/PrivateFrameworks/DiskManagement.framework/Versions/A/DiskManagement
0x00000001b3e30000 	/System/Library/PrivateFrameworks/AppleIDAuthSupport.framework/Versions/A/AppleIDAuthSupport
0x00000002436af000 	/System/Library/PrivateFrameworks/AAAFoundation.framework/Versions/A/AAAFoundation
0x00000001af7c2000 	/System/Library/PrivateFrameworks/KeychainCircle.framework/Versions/A/KeychainCircle
0x00000001bf9f3000 	/System/Library/PrivateFrameworks/URLFormatting.framework/Versions/A/URLFormatting
0x00000001b6c6e000 	/usr/lib/libcsfde.dylib
0x00000001acd6b000 	/usr/lib/libCoreStorage.dylib
0x00000001b0b81000 	/System/Library/PrivateFrameworks/ProtectedCloudStorage.framework/Versions/A/ProtectedCloudStorage
0x00000001b6c69000 	/System/Library/PrivateFrameworks/EFILogin.framework/Versions/A/EFILogin
0x00000001bec9b000 	/System/Library/PrivateFrameworks/CloudServices.framework/Versions/A/CloudServices
0x00000001b423d000 	/System/Library/PrivateFrameworks/OctagonTrust.framework/Versions/A/OctagonTrust
0x00000001b4957000 	/System/Library/PrivateFrameworks/AVFCore.framework/Versions/A/AVFCore
0x00000001bd725000 	/System/Library/PrivateFrameworks/AVFCapture.framework/Versions/A/AVFCapture
0x00000001adfe1000 	/System/Library/Frameworks/MediaToolbox.framework/Versions/A/MediaToolbox
0x00000001b4019000 	/System/Library/PrivateFrameworks/CoreAVCHD.framework/Versions/A/CoreAVCHD
0x00000001b4015000 	/System/Library/PrivateFrameworks/Mangrove.framework/Versions/A/Mangrove
0x0000000249549000 	/System/Library/PrivateFrameworks/CMPhoto.framework/Versions/A/CMPhoto
0x00000001b4774000 	/System/Library/Frameworks/CoreTelephony.framework/Versions/A/CoreTelephony
0x00000001b4008000 	/System/Library/PrivateFrameworks/CoreAUC.framework/Versions/A/CoreAUC
0x0000000246e95000 	/System/Library/PrivateFrameworks/AppleJPEGXL.framework/Versions/A/AppleJPEGXL
0x0000000249375000 	/System/Library/PrivateFrameworks/CMImaging.framework/Versions/A/CMImaging
0x00000001bd93d000 	/System/Library/PrivateFrameworks/Quagga.framework/Versions/A/Quagga
0x00000001bda70000 	/System/Library/PrivateFrameworks/CMCapture.framework/Versions/A/CMCapture
0x00000001af3a6000 	/System/Library/Frameworks/CoreMediaIO.framework/Versions/A/CoreMediaIO
0x00000001b76a1000 	/System/Library/PrivateFrameworks/Espresso.framework/Versions/A/Espresso
0x00000001fad11000 	/System/Library/PrivateFrameworks/ANECompiler.framework/Versions/A/ANECompiler
0x00000001b9687000 	/System/Library/PrivateFrameworks/AppleNeuralEngine.framework/Versions/A/AppleNeuralEngine
0x0000000200fb0000 	/System/Library/Frameworks/MetalPerformanceShadersGraph.framework/Versions/A/MetalPerformanceShadersGraph
0x000000025fc85000 	/System/Library/PrivateFrameworks/MLCompilerServices.framework/Versions/A/MLCompilerServices
0x00000001b855d000 	/System/Library/PrivateFrameworks/ANEServices.framework/Versions/A/ANEServices
0x00000001cad56000 	/usr/lib/libncurses.5.4.dylib
0x00000001a1138000 	/usr/lib/libsandbox.1.dylib
0x00000001acd63000 	/usr/lib/libMatch.1.dylib
0x000000025fc29000 	/System/Library/PrivateFrameworks/MLCompilerRuntime.framework/Versions/A/MLCompilerRuntime
0x00000002492ab000 	/System/Library/PrivateFrameworks/CMCaptureDevice.framework/Versions/A/CMCaptureDevice
0x000000024a09b000 	/System/Library/PrivateFrameworks/CinematicFraming.framework/Versions/A/CinematicFraming
0x00000001c4ced000 	/System/Library/Frameworks/CoreMotion.framework/Versions/A/CoreMotion
0x00000001d3a17000 	/System/Library/PrivateFrameworks/TimeSync.framework/Versions/A/TimeSync
0x000000024f80f000 	/System/Library/PrivateFrameworks/DistributedSensing.framework/Versions/A/DistributedSensing
0x00000001cf8e6000 	/System/Library/PrivateFrameworks/MobileBluetooth.framework/Versions/A/MobileBluetooth
0x00000001aef7a000 	/System/Library/PrivateFrameworks/LocationSupport.framework/Versions/A/LocationSupport
0x00000001d54d9000 	/System/Library/PrivateFrameworks/IOKitten.framework/Versions/A/IOKitten
0x00000001a2a57000 	/System/Library/PrivateFrameworks/CoreDuet.framework/Versions/A/CoreDuet
0x00000001b5f86000 	/System/Library/PrivateFrameworks/CoreDuetContext.framework/Versions/A/CoreDuetContext
0x00000001d0493000 	/System/Library/PrivateFrameworks/BiomeFoundation.framework/Versions/A/BiomeFoundation
0x00000002481da000 	/System/Library/PrivateFrameworks/BiomeLibrary.framework/Versions/A/BiomeLibrary
0x00000001d3a95000 	/System/Library/PrivateFrameworks/BiomeStreams.framework/Versions/A/BiomeStreams
0x00000001d9dc3000 	/System/Library/PrivateFrameworks/BiomePubSub.framework/Versions/A/BiomePubSub
0x00000001a6c2c000 	/System/Library/Frameworks/CloudKit.framework/Versions/A/CloudKit
0x00000001b5fdc000 	/System/Library/Frameworks/Intents.framework/Versions/A/Intents
0x00000001b8705000 	/System/Library/PrivateFrameworks/CoreDuetDaemonProtocol.framework/Versions/A/CoreDuetDaemonProtocol
0x00000001b858b000 	/System/Library/PrivateFrameworks/ProactiveSupport.framework/Versions/A/ProactiveSupport
0x0000000269919000 	/System/Library/PrivateFrameworks/PoirotSchematizer.framework/Versions/A/PoirotSchematizer
0x0000000248874000 	/System/Library/PrivateFrameworks/BiomeSync.framework/Versions/A/BiomeSync
0x00000002481bb000 	/System/Library/PrivateFrameworks/BiomeFlexibleStorage.framework/Versions/A/BiomeFlexibleStorage
0x000000024819f000 	/System/Library/PrivateFrameworks/BiomeDSL.framework/Versions/A/BiomeDSL
0x00000001d9e20000 	/System/Library/PrivateFrameworks/BiomeStorage.framework/Versions/A/BiomeStorage
0x0000000269986000 	/System/Library/PrivateFrameworks/PoirotUDFs.framework/Versions/A/PoirotUDFs
0x00000002698e8000 	/System/Library/PrivateFrameworks/PoirotSQLite.framework/Versions/A/PoirotSQLite
0x00000001b700a000 	/System/Library/PrivateFrameworks/InternationalTextSearch.framework/Versions/A/InternationalTextSearch
0x000000025d7b1000 	/System/Library/PrivateFrameworks/IntelligencePlatformLibrary.framework/Versions/A/IntelligencePlatformLibrary
0x0000000249c60000 	/System/Library/PrivateFrameworks/CascadeSets.framework/Versions/A/CascadeSets
0x00000001b0260000 	/System/Library/PrivateFrameworks/IDS.framework/Versions/A/IDS
0x00000001aef00000 	/System/Library/PrivateFrameworks/IMFoundation.framework/Versions/A/IMFoundation
0x00000001befca000 	/System/Library/PrivateFrameworks/Marco.framework/Versions/A/Marco
0x00000001b042d000 	/System/Library/PrivateFrameworks/IDSFoundation.framework/Versions/A/IDSFoundation
0x00000001bbcea000 	/System/Library/PrivateFrameworks/Engram.framework/Versions/A/Engram
0x00000001bbc8a000 	/usr/lib/libtidy.A.dylib
0x00000001d357e000 	/System/Library/PrivateFrameworks/FTAWD.framework/Versions/A/FTAWD
0x00000002037e4000 	/System/Library/Frameworks/SharedWithYouCore.framework/Versions/A/SharedWithYouCore
0x00000001b70d5000 	/System/Library/PrivateFrameworks/AppleAccount.framework/Versions/A/AppleAccount
0x00000001b75fb000 	/System/Library/PrivateFrameworks/C2.framework/Versions/A/C2
0x00000001a841e000 	/System/Library/Frameworks/CoreLocation.framework/Versions/A/CoreLocation
0x000000024a449000 	/System/Library/PrivateFrameworks/CloudAssets.framework/Versions/A/CloudAssets
0x00000001b75f2000 	/System/Library/Frameworks/PushKit.framework/Versions/A/PushKit
0x00000001e1f37000 	/usr/lib/swift/libswiftAVFoundation.dylib
0x00000001cc1c6000 	/usr/lib/swift/libswiftCoreLocation.dylib
0x00000001cc1dc000 	/usr/lib/swift/libswiftCoreMIDI.dylib
0x00000001e0465000 	/usr/lib/swift/libswiftCoreMedia.dylib
0x00000001b06c1000 	/System/Library/PrivateFrameworks/Sharing.framework/Versions/A/Sharing
0x00000001b662d000 	/System/Library/PrivateFrameworks/Apple80211.framework/Versions/A/Apple80211
0x00000001aa4f3000 	/System/Library/Frameworks/CoreWLAN.framework/Versions/A/CoreWLAN
0x00000001ba6f5000 	/System/Library/PrivateFrameworks/AssistantServices.framework/Versions/A/AssistantServices
0x00000001b4ff1000 	/System/Library/PrivateFrameworks/SAObjects.framework/Versions/A/SAObjects
0x00000001ba32d000 	/System/Library/PrivateFrameworks/MediaRemote.framework/Versions/A/MediaRemote
0x00000001cb438000 	/System/Library/PrivateFrameworks/SiriInstrumentation.framework/Versions/A/SiriInstrumentation
0x000000026d1b6000 	/System/Library/PrivateFrameworks/SiriAnalytics.framework/Versions/A/SiriAnalytics
0x0000000272d6e000 	/System/Library/PrivateFrameworks/SiriTTSService.framework/Versions/A/SiriTTSService
0x000000026db72000 	/System/Library/PrivateFrameworks/SiriCrossDeviceArbitration.framework/Versions/A/SiriCrossDeviceArbitration
0x00000001c90d1000 	/System/Library/PrivateFrameworks/FeedbackLogger.framework/Versions/A/FeedbackLogger
0x000000026dbc6000 	/System/Library/PrivateFrameworks/SiriCrossDeviceArbitrationFeedback.framework/Versions/A/SiriCrossDeviceArbitrationFeedback
0x00000002575b1000 	/System/Library/PrivateFrameworks/GenerativeModels.framework/Versions/A/GenerativeModels
0x00000001bee36000 	/System/Library/PrivateFrameworks/MediaServices.framework/Versions/A/MediaServices
0x00000001acfce000 	/System/Library/PrivateFrameworks/PersistentConnection.framework/Versions/A/PersistentConnection
0x00000001b0e5a000 	/System/Library/PrivateFrameworks/GeoServices.framework/Versions/A/GeoServices
0x00000002577d9000 	/System/Library/PrivateFrameworks/GeoServicesCore.framework/Versions/A/GeoServicesCore
0x00000001bf9f1000 	/System/Library/PrivateFrameworks/PhoneNumbers.framework/Versions/A/PhoneNumbers
0x000000024f277000 	/System/Library/PrivateFrameworks/Dendrite.framework/Versions/A/Dendrite
0x0000000247b53000 	/System/Library/PrivateFrameworks/AtomicsInternal.framework/Versions/A/AtomicsInternal
0x00000001ccfd6000 	/usr/lib/libtailspin.dylib
0x00000001dff61000 	/System/Library/PrivateFrameworks/Osprey.framework/Versions/A/Osprey
0x00000002723ed000 	/System/Library/PrivateFrameworks/SiriTTS.framework/Versions/A/SiriTTS
0x00000001c5d02000 	/System/Library/Frameworks/NaturalLanguage.framework/Versions/A/NaturalLanguage
0x0000000271127000 	/System/Library/PrivateFrameworks/SiriPowerInstrumentation.framework/Versions/A/SiriPowerInstrumentation
0x00000001c6b27000 	/System/Library/PrivateFrameworks/Trial.framework/Versions/A/Trial
0x00000001c6aa9000 	/System/Library/PrivateFrameworks/TrialProto.framework/Versions/A/TrialProto
0x0000000279ebe000 	/System/Library/PrivateFrameworks/UnifiedAssetFramework.framework/Versions/A/UnifiedAssetFramework
0x00000001f0e61000 	/usr/lib/swift/libswiftNaturalLanguage.dylib
0x0000000275cef000 	/System/Library/PrivateFrameworks/TailspinSymbolication.framework/Versions/A/TailspinSymbolication
0x000000024ef86000 	/System/Library/PrivateFrameworks/Darwinup.framework/Versions/A/Darwinup
0x00000001d8d3b000 	/System/Library/PrivateFrameworks/SignpostSupport.framework/Versions/A/SignpostSupport
0x00000001c5bcb000 	/System/Library/PrivateFrameworks/FeatureFlagsSupport.framework/Versions/A/FeatureFlagsSupport
0x00000001d849e000 	/System/Library/PrivateFrameworks/ktrace.framework/Versions/A/ktrace
0x00000001d8fbb000 	/System/Library/PrivateFrameworks/SampleAnalysis.framework/Versions/A/SampleAnalysis
0x00000001e17fd000 	/System/Library/PrivateFrameworks/kperfdata.framework/Versions/A/kperfdata
0x00000001b0d3b000 	/usr/lib/libdscsym.dylib
0x00000001e1c95000 	/System/Library/PrivateFrameworks/BulkSymbolication.framework/Versions/A/BulkSymbolication
0x00000001a70c7000 	/System/Library/Frameworks/CoreML.framework/Versions/A/CoreML
0x00000001ef13b000 	/usr/lib/libedit.3.dylib
0x00000001aab39000 	/System/Library/Frameworks/MLCompute.framework/Versions/A/MLCompute
0x000000025fad8000 	/System/Library/PrivateFrameworks/MLAssetIO.framework/Versions/A/MLAssetIO
0x000000028582a000 	/usr/lib/swift/libswiftMLCompute.dylib
0x000000019f60d000 	/System/Library/PrivateFrameworks/LanguageModeling.framework/Versions/A/LanguageModeling
0x00000001a4175000 	/System/Library/PrivateFrameworks/Montreal.framework/Versions/A/Montreal
0x00000001ab466000 	/usr/lib/libcmph.dylib
0x0000000257673000 	/System/Library/PrivateFrameworks/GenerativeModelsFoundation.framework/Versions/A/GenerativeModelsFoundation
0x0000000278285000 	/System/Library/PrivateFrameworks/TokenGeneration.framework/Versions/A/TokenGeneration
0x000000025744a000 	/System/Library/PrivateFrameworks/GenerativeFunctions.framework/Versions/A/GenerativeFunctions
0x000000025749b000 	/System/Library/PrivateFrameworks/GenerativeFunctionsFoundation.framework/Versions/A/GenerativeFunctionsFoundation
0x0000000262a2c000 	/System/Library/PrivateFrameworks/ModelCatalog.framework/Versions/A/ModelCatalog
0x000000026cab3000 	/System/Library/PrivateFrameworks/SensitiveContentAnalysisML.framework/Versions/A/SensitiveContentAnalysisML
0x000000025754a000 	/System/Library/PrivateFrameworks/GenerativeFunctionsInstrumentation.framework/Versions/A/GenerativeFunctionsInstrumentation
0x000000026a9ab000 	/System/Library/PrivateFrameworks/PromptKit.framework/Versions/A/PromptKit
0x000000026a4d5000 	/System/Library/PrivateFrameworks/ProactiveDaemonSupport.framework/Versions/A/ProactiveDaemonSupport
0x000000027843d000 	/System/Library/PrivateFrameworks/TokenGenerationCore.framework/Versions/A/TokenGenerationCore
0x000000027b535000 	/System/Library/PrivateFrameworks/VectorSearch.framework/Versions/A/VectorSearch
0x0000000262cf1000 	/System/Library/PrivateFrameworks/ModelManagerServices.framework/Versions/A/ModelManagerServices
0x0000000246ab5000 	/System/Library/PrivateFrameworks/AppleFlatBuffers.framework/Versions/A/AppleFlatBuffers
0x00000001bf3e0000 	/System/Library/PrivateFrameworks/ProactiveEventTracker.framework/Versions/A/ProactiveEventTracker
0x00000002436cb000 	/System/Library/PrivateFrameworks/AAAFoundationSwift.framework/Versions/A/AAAFoundationSwift
0x00000001b732a000 	/System/Library/PrivateFrameworks/AppleIDSSOAuthentication.framework/Versions/A/AppleIDSSOAuthentication
0x00000001d2d09000 	/usr/lib/swift/libswiftCompression.dylib
0x000000026cc3e000 	/System/Library/PrivateFrameworks/SentencePieceInternal.framework/Versions/A/SentencePieceInternal
0x00000001b31bc000 	/System/Library/Frameworks/Vision.framework/Versions/A/Vision
0x000000024e9da000 	/System/Library/PrivateFrameworks/CoreSceneUnderstanding.framework/Versions/A/CoreSceneUnderstanding
0x000000027c0c0000 	/System/Library/PrivateFrameworks/VisionCore.framework/Versions/A/VisionCore
0x00000001ce8d7000 	/System/Library/Frameworks/Vision.framework/libfaceCore.dylib
0x00000001cf3d1000 	/System/Library/PrivateFrameworks/Futhark.framework/Versions/A/Futhark
0x00000001d2ad1000 	/System/Library/PrivateFrameworks/InertiaCam.framework/Versions/A/InertiaCam
0x00000001cf184000 	/System/Library/PrivateFrameworks/TextRecognition.framework/Versions/A/TextRecognition
0x00000001acc01000 	/System/Library/PrivateFrameworks/CVNLP.framework/Versions/A/CVNLP
0x00000002561cc000 	/System/Library/PrivateFrameworks/GRDBInternal.framework/Versions/A/GRDBInternal
0x00000001b93f5000 	/System/Library/PrivateFrameworks/RTCReporting.framework/Versions/A/RTCReporting
0x00000001b75e1000 	/System/Library/PrivateFrameworks/IntentsFoundation.framework/Versions/A/IntentsFoundation
0x00000001affe9000 	/System/Library/Frameworks/NetworkExtension.framework/Versions/A/NetworkExtension
0x00000001ca8d7000 	/System/Library/PrivateFrameworks/CaptiveNetwork.framework/Versions/A/CaptiveNetwork
0x00000001b6b7a000 	/System/Library/PrivateFrameworks/EAP8021X.framework/Versions/A/EAP8021X
0x0000000157f70000 	/Users/aziz/.openjfx/cache/21.0.2+5/aarch64/libjavafx_font.dylib
0x0000000157f88000 	/opt/homebrew/Cellar/openjdk@17/17.0.15/libexec/openjdk.jdk/Contents/Home/lib/libextnet.dylib
0x00000001d8f87000 	/System/Library/PrivateFrameworks/UIKitServices.framework/Versions/A/UIKitServices
0x00000001cf4c2000 	/System/Library/CoreServices/RawCamera.bundle/Contents/MacOS/RawCamera
0x00000002762aa000 	/System/Library/PrivateFrameworks/TextInputUI.framework/Versions/A/TextInputUI
0x00000002762ce000 	/System/Library/PrivateFrameworks/TextInputUIMacHelper.framework/Versions/A/TextInputUIMacHelper
0x000000026c0d2000 	/System/Library/PrivateFrameworks/Sage.framework/Versions/A/Sage
0x0000000376f80000 	/Users/aziz/.javacpp/cache/openblas-0.3.23-1.5.9-macosx-arm64.jar/org/bytedeco/openblas/macosx-arm64/libopenblas_nolapack.0.dylib
0x0000000352048000 	/Users/aziz/.javacpp/cache/openblas-0.3.23-1.5.9-macosx-arm64.jar/org/bytedeco/openblas/macosx-arm64/libjniopenblas_nolapack.dylib
0x00000003af118000 	/Users/aziz/.javacpp/cache/openblas-0.3.23-1.5.9-macosx-arm64.jar/org/bytedeco/openblas/macosx-arm64/libopenblas.0.dylib
0x00000003cb0ac000 	/Users/aziz/.javacpp/cache/openblas-0.3.23-1.5.9-macosx-arm64.jar/org/bytedeco/openblas/macosx-arm64/libjniopenblas.dylib
0x00000003468c4000 	/Users/aziz/.javacpp/cache/opencv-4.7.0-1.5.9-macosx-arm64.jar/org/bytedeco/opencv/macosx-arm64/libopencv_core.407.dylib
0x0000000346e78000 	/Users/aziz/.javacpp/cache/opencv-4.7.0-1.5.9-macosx-arm64.jar/org/bytedeco/opencv/macosx-arm64/libopencv_imgproc.407.dylib
0x0000000347c94000 	/Users/aziz/.javacpp/cache/opencv-4.7.0-1.5.9-macosx-arm64.jar/org/bytedeco/opencv/macosx-arm64/libjniopencv_core.dylib
0x0000000346cf4000 	/Users/aziz/.javacpp/cache/opencv-4.7.0-1.5.9-macosx-arm64.jar/org/bytedeco/opencv/macosx-arm64/libjniopencv_imgproc.dylib
0x0000000347498000 	/Users/aziz/.javacpp/cache/opencv-4.7.0-1.5.9-macosx-arm64.jar/org/bytedeco/opencv/macosx-arm64/libopencv_imgcodecs.407.dylib
0x0000000346bb8000 	/Users/aziz/.javacpp/cache/opencv-4.7.0-1.5.9-macosx-arm64.jar/org/bytedeco/opencv/macosx-arm64/libjniopencv_imgcodecs.dylib
0x0000000346c4c000 	/Users/aziz/.javacpp/cache/opencv-4.7.0-1.5.9-macosx-arm64.jar/org/bytedeco/opencv/macosx-arm64/libopencv_videoio.407.dylib
0x0000000346380000 	/Users/aziz/.javacpp/cache/opencv-4.7.0-1.5.9-macosx-arm64.jar/org/bytedeco/opencv/macosx-arm64/libjniopencv_videoio.dylib
0x0000000346b74000 	/Users/aziz/.javacpp/cache/opencv-4.7.0-1.5.9-macosx-arm64.jar/org/bytedeco/opencv/macosx-arm64/libopencv_highgui.407.dylib
0x000000034727c000 	/Users/aziz/.javacpp/cache/opencv-4.7.0-1.5.9-macosx-arm64.jar/org/bytedeco/opencv/macosx-arm64/libjniopencv_highgui.dylib
0x00000003472dc000 	/Users/aziz/.javacpp/cache/opencv-4.7.0-1.5.9-macosx-arm64.jar/org/bytedeco/opencv/macosx-arm64/libopencv_flann.407.dylib
0x0000000346bfc000 	/Users/aziz/.javacpp/cache/opencv-4.7.0-1.5.9-macosx-arm64.jar/org/bytedeco/opencv/macosx-arm64/libjniopencv_flann.dylib
0x00000003473d4000 	/Users/aziz/.javacpp/cache/opencv-4.7.0-1.5.9-macosx-arm64.jar/org/bytedeco/opencv/macosx-arm64/libopencv_features2d.407.dylib
0x0000000347780000 	/Users/aziz/.javacpp/cache/opencv-4.7.0-1.5.9-macosx-arm64.jar/org/bytedeco/opencv/macosx-arm64/libjniopencv_features2d.dylib
0x0000000348184000 	/Users/aziz/.javacpp/cache/opencv-4.7.0-1.5.9-macosx-arm64.jar/org/bytedeco/opencv/macosx-arm64/libopencv_calib3d.407.dylib
0x00000003482e0000 	/Users/aziz/.javacpp/cache/opencv-4.7.0-1.5.9-macosx-arm64.jar/org/bytedeco/opencv/macosx-arm64/libjniopencv_calib3d.dylib
0x0000000348764000 	/Users/aziz/.javacpp/cache/opencv-4.7.0-1.5.9-macosx-arm64.jar/org/bytedeco/opencv/macosx-arm64/libopencv_dnn.407.dylib
0x00000003483d0000 	/Users/aziz/.javacpp/cache/opencv-4.7.0-1.5.9-macosx-arm64.jar/org/bytedeco/opencv/macosx-arm64/libjniopencv_dnn.dylib
0x0000000348af8000 	/Users/aziz/.javacpp/cache/opencv-4.7.0-1.5.9-macosx-arm64.jar/org/bytedeco/opencv/macosx-arm64/libopencv_objdetect.407.dylib
0x0000000348500000 	/Users/aziz/.javacpp/cache/opencv-4.7.0-1.5.9-macosx-arm64.jar/org/bytedeco/opencv/macosx-arm64/libjniopencv_objdetect.dylib
0x000000016ea8c000 	/opt/homebrew/Cellar/openjdk@17/17.0.15/libexec/openjdk.jdk/Contents/Home/lib/libverify.dylib
0x0000000347bc8000 	/Users/aziz/.openjfx/cache/21.0.2+5/aarch64/libjavafx_iio.dylib


VM Arguments:
jvm_args: --module-path=/Users/aziz/.m2/repository/org/openjfx/javafx-base/21.0.2/javafx-base-21.0.2-mac-aarch64.jar:/Users/aziz/.m2/repository/org/openjfx/javafx-base/21.0.2/javafx-base-21.0.2.jar:/Users/aziz/.m2/repository/org/openjfx/javafx-controls/21.0.2/javafx-controls-21.0.2-mac-aarch64.jar:/Users/aziz/.m2/repository/org/openjfx/javafx-controls/21.0.2/javafx-controls-21.0.2.jar:/Users/aziz/.m2/repository/org/openjfx/javafx-fxml/21.0.2/javafx-fxml-21.0.2-mac-aarch64.jar:/Users/aziz/.m2/repository/org/openjfx/javafx-fxml/21.0.2/javafx-fxml-21.0.2.jar:/Users/aziz/.m2/repository/org/openjfx/javafx-graphics/21.0.2/javafx-graphics-21.0.2-mac-aarch64.jar:/Users/aziz/.m2/repository/org/openjfx/javafx-graphics/21.0.2/javafx-graphics-21.0.2.jar:/Users/aziz/.m2/repository/org/openjfx/javafx-media/21.0.1/javafx-media-21.0.1-mac-aarch64.jar:/Users/aziz/.m2/repository/org/openjfx/javafx-media/21.0.1/javafx-media-21.0.1.jar:/Users/aziz/.m2/repository/org/openjfx/javafx-swing/17.0.2/javafx-swing-17.0.2-mac-aarch64.jar:/Users/aziz/.m2/repository/org/openjfx/javafx-swing/17.0.2/javafx-swing-17.0.2.jar:/Users/aziz/.m2/repository/org/openjfx/javafx-web/17.0.6/javafx-web-17.0.6-mac-aarch64.jar:/Users/aziz/.m2/repository/org/openjfx/javafx-web/17.0.6/javafx-web-17.0.6.jar --add-modules=javafx.base,javafx.controls,javafx.fxml,javafx.graphics,javafx.media,javafx.swing,javafx.web 
java_command: main.MainFX
java_class_path (initial): /Users/aziz/Downloads/JAVAFX-etude/harmonie fix /Harmony-Integration-user-forum-activitee/target/classes:/Users/aziz/.m2/repository/com/beust/jcommander/1.82/jcommander-1.82.jar:/Users/aziz/.m2/repository/com/dlsc/formsfx/formsfx-core/11.6.0/formsfx-core-11.6.0.jar:/Users/aziz/.m2/repository/com/fasterxml/jackson/core/jackson-annotations/2.15.2/jackson-annotations-2.15.2.jar:/Users/aziz/.m2/repository/com/fasterxml/jackson/core/jackson-core/2.15.2/jackson-core-2.15.2.jar:/Users/aziz/.m2/repository/com/fasterxml/jackson/core/jackson-databind/2.15.2/jackson-databind-2.15.2.jar:/Users/aziz/.m2/repository/com/github/almasb/fxgl/17.3/fxgl-17.3.jar:/Users/aziz/.m2/repository/com/github/almasb/fxgl-core/17.3/fxgl-core-17.3.jar:/Users/aziz/.m2/repository/com/github/almasb/fxgl-entity/17.3/fxgl-entity-17.3.jar:/Users/aziz/.m2/repository/com/github/almasb/fxgl-gameplay/17.3/fxgl-gameplay-17.3.jar:/Users/aziz/.m2/repository/com/github/almasb/fxgl-io/17.3/fxgl-io-17.3.jar:/Users/aziz/.m2/repository/com/github/almasb/fxgl-scene/17.3/fxgl-scene-17.3.jar:/Users/aziz/.m2/repository/com/github/jai-imageio/jai-imageio-core/1.4.0/jai-imageio-core-1.4.0.jar:/Users/aziz/.m2/repository/com/gluonhq/attach/audio/4.0.17/audio-4.0.17.jar:/Users/aziz/.m2/repository/com/gluonhq/attach/lifecycle/4.0.17/lifecycle-4.0.17.jar:/Users/aziz/.m2/repository/com/gluonhq/attach/storage/4.0.17/storage-4.0.17.jar:/Users/aziz/.m2/repository/com/gluonhq/attach/util/4.0.17/util-4.0.17.jar:/Users/aziz/.m2/repository/com/google/protobuf/protobuf-java/3.21.9/protobuf-java-3.21.9.jar:/Users/aziz/.m2/repository/com/google/zxing/core/3.5.2/core-3.5.2.jar:/Users/aziz/.m2/repository/com/google/zxing/javase/3.5.2/javase-3.5.2.jar:/Users/aziz/.m2/repository/com/itextpdf/itextpdf/5.5.13.3/itextpdf-5.5.13.3.jar:/Users/aziz/.m2/repository/com/mysql/mysql-connector-j/8.0.33/mysql-connector-j-8.0.33.jar:/Users/aziz/.m2/repository/com/sun/mail/javax.mail/1.6.2/javax.mail-1.6.2.jar:/Users/aziz/.m2
Launcher Type: SUN_STANDARD

[Global flags]
     intx CICompilerCount                          = 4                                         {product} {ergonomic}
     uint ConcGCThreads                            = 3                                         {product} {ergonomic}
     uint G1ConcRefinementThreads                  = 11                                        {product} {ergonomic}
   size_t G1HeapRegionSize                         = 8388608                                   {product} {ergonomic}
    uintx GCDrainStackTargetSize                   = 64                                        {product} {ergonomic}
   size_t InitialHeapSize                          = 603979776                                 {product} {ergonomic}
   size_t MarkStackSize                            = 4194304                                   {product} {ergonomic}
   size_t MaxHeapSize                              = 9663676416                                {product} {ergonomic}
   size_t MaxNewSize                               = 5796528128                                {product} {ergonomic}
   size_t MinHeapDeltaBytes                        = 8388608                                   {product} {ergonomic}
   size_t MinHeapSize                              = 8388608                                   {product} {ergonomic}
    uintx NonNMethodCodeHeapSize                   = 5839564                                {pd product} {ergonomic}
    uintx NonProfiledCodeHeapSize                  = 122909338                              {pd product} {ergonomic}
    uintx ProfiledCodeHeapSize                     = 122909338                              {pd product} {ergonomic}
    uintx ReservedCodeCacheSize                    = 251658240                              {pd product} {ergonomic}
     bool SegmentedCodeCache                       = true                                      {product} {ergonomic}
   size_t SoftMaxHeapSize                          = 9663676416                             {manageable} {ergonomic}
     bool UseCompressedClassPointers               = true                           {product lp64_product} {ergonomic}
     bool UseCompressedOops                        = true                           {product lp64_product} {ergonomic}
     bool UseG1GC                                  = true                                      {product} {ergonomic}
     bool UseNUMA                                  = false                                     {product} {ergonomic}
     bool UseNUMAInterleaving                      = false                                     {product} {ergonomic}

Logging:
Log output configuration:
 #0: stdout all=warning uptime,level,tags
 #1: stderr all=off uptime,level,tags

Environment Variables:
JAVA_HOME=/opt/homebrew/opt/openjdk@17/libexec/openjdk.jdk/Contents/Home
PATH=/Users/aziz/.antigravity/antigravity/bin:/usr/local/mysql/bin:/opt/homebrew/opt/mysql-client/bin:/Users/aziz/.codeium/windsurf/bin:/opt/homebrew/opt/openjdk@17/bin:/Users/aziz/.nvm/versions/node/v20.18.2/bin:/opt/homebrew/lib/ruby/gems/3.4.0/bin:/opt/homebrew/opt/ruby/bin:/usr/local/opt/ruby/bin:/opt/homebrew/opt/openjdk@17/libexec/openjdk.jdk/Contents/Home/bin:/opt/homebrew/opt/openjdk@17/libexec/bin:/opt/homebrew/opt/openjdk@17/bin:/opt/homebrew/opt/openjdk@17/bin:/opt/homebrew/opt/openjdk@17/libexec/openjdk.jdk/Contents/Home/bin:/opt/homebrew/opt/openjdk/bin:/Users/aziz/Library/Application Support/Code/User/globalStorage/github.copilot-chat/debugCommand:/Users/aziz/Library/Application Support/Code/User/globalStorage/github.copilot-chat/copilotCli:/opt/homebrew/bin:/opt/homebrew/sbin:/usr/local/bin:/System/Cryptexes/App/usr/bin:/usr/bin:/bin:/usr/sbin:/sbin:/var/run/com.apple.security.cryptexd/codex.system/bootstrap/usr/local/bin:/var/run/com.apple.security.cryptexd/codex.system/bootstrap/usr/bin:/var/run/com.apple.security.cryptexd/codex.system/bootstrap/usr/appleinternal/bin:/Library/Apple/usr/bin:/Applications/VMware Fusion.app/Contents/Public:/usr/local/share/dotnet:~/.dotnet/tools:/Library/Frameworks/Mono.framework/Versions/Current/Commands:/Users/aziz/Library/Application Support/Code/User/globalStorage/github.copilot-chat/debugCommand:/Users/aziz/Library/Application Support/Code/User/globalStorage/github.copilot-chat/copilotCli:/Users/aziz/.antigravity/antigravity/bin:/usr/local/mysql/bin:/opt/homebrew/opt/mysql-client/bin:/Users/aziz/.codeium/windsurf/bin:/opt/homebrew/opt/openjdk@17/bin:/Users/aziz/.nvm/versions/node/v20.18.2/bin:/opt/homebrew/lib/ruby/gems/3.4.0/bin:/opt/homebrew/opt/ruby/bin:/usr/local/opt/ruby/bin:/opt/homebrew/opt/openjdk@17/libexec/openjdk.jdk/Contents/Home/bin:/opt/homebrew/opt/openjdk@17/libexec/bin:/opt/homebrew/opt/openjdk/bin:/Users/aziz/Downloads/flutter/bin:/Users/aziz/Downloads/flutter/bin
SHELL=/bin/zsh
LANG=en_US.UTF-8
TERM=xterm-256color
TMPDIR=/var/folders/j4/g8kmrdnx0yv1xsdgn6cl3_1w0000gp/T/

Active Locale:
LC_ALL=en_US.UTF-8
LC_COLLATE=en_US.UTF-8
LC_CTYPE=en_US.UTF-8
LC_MESSAGES=en_US.UTF-8
LC_MONETARY=en_US.UTF-8
LC_NUMERIC=en_US.UTF-8
LC_TIME=en_US.UTF-8

Signal Handlers:
   SIGSEGV: crash_handler in libjvm.dylib, mask=11100110000111110111111111111111, flags=SA_RESTART|SA_SIGINFO, unblocked
    SIGBUS: crash_handler in libjvm.dylib, mask=11100110000111110111111111111111, flags=SA_RESTART|SA_SIGINFO, unblocked
    SIGFPE: crash_handler in libjvm.dylib, mask=11100110000111110111111111111111, flags=SA_RESTART|SA_SIGINFO, unblocked
   SIGPIPE: javaSignalHandler in libjvm.dylib, mask=11100110000111110111111111111111, flags=SA_RESTART|SA_SIGINFO, blocked
   SIGXFSZ: javaSignalHandler in libjvm.dylib, mask=11100110000111110111111111111111, flags=SA_RESTART|SA_SIGINFO, blocked
    SIGILL: crash_handler in libjvm.dylib, mask=11100110000111110111111111111111, flags=SA_RESTART|SA_SIGINFO, unblocked
   SIGUSR2: SR_handler in libjvm.dylib, mask=00100000000000000000000000000000, flags=SA_RESTART|SA_SIGINFO, blocked
    SIGHUP: UserHandler in libjvm.dylib, mask=11100110000111110111111111111111, flags=SA_RESTART|SA_SIGINFO, blocked
    SIGINT: UserHandler in libjvm.dylib, mask=11100110000111110111111111111111, flags=SA_RESTART|SA_SIGINFO, blocked
   SIGTERM: UserHandler in libjvm.dylib, mask=11100110000111110111111111111111, flags=SA_RESTART|SA_SIGINFO, blocked
   SIGQUIT: UserHandler in libjvm.dylib, mask=11100110000111110111111111111111, flags=SA_RESTART|SA_SIGINFO, blocked
   SIGTRAP: crash_handler in libjvm.dylib, mask=11100110000111110111111111111111, flags=SA_RESTART|SA_SIGINFO, unblocked


Periodic native trim disabled


---------------  S Y S T E M  ---------------

OS:
uname: Darwin 24.6.0 Darwin Kernel Version 24.6.0: Mon Jan 19 22:02:06 PST 2026; root:xnu-11417.140.69.708.3~1/RELEASE_ARM64_T6031 arm64
OS uptime: 4 days 1:21 hours
rlimit (soft/hard): STACK 8176k/65520k , CORE 0k/infinity , NPROC 6000/9000 , NOFILE 1048576/infinity , AS infinity/infinity , CPU infinity/infinity , DATA infinity/infinity , FSIZE infinity/infinity , MEMLOCK infinity/infinity , RSS infinity/infinity
load average: 2.29 2.28 2.43

CPU: total 14 (initial active 14) 0x61:0x0:0x72015832:0, fp, simd, crc, lse
machdep.cpu.brand_string:Apple M3 Max
hw.cachelinesize:128
hw.l1icachesize:131072
hw.l1dcachesize:65536
hw.l2cachesize:4194304

Memory: 16k page, physical 37748736k(2036272k free), swap 2097152k(1011392k free)

vm_info: OpenJDK 64-Bit Server VM (17.0.15+0) for bsd-aarch64 JRE (17.0.15+0), built on Apr 15 2025 23:21:06 by "brew" with clang Apple LLVM 16.0.0 (clang-1600.0.26.6)

END.
