#
# A fatal error has been detected by the Java Runtime Environment:
#
#  SIGSEGV (0xb) at pc=0x0000000185691820, pid=73404, tid=167711
#
# JRE version: OpenJDK Runtime Environment Homebrew (17.0.18) (build 17.0.18+0)
# Java VM: OpenJDK 64-Bit Server VM Homebrew (17.0.18+0, mixed mode, sharing, tiered, compressed oops, compressed class ptrs, g1 gc, bsd-aarch64)
# Problematic frame:
# C  [libobjc.A.dylib+0x9820]  objc_msgSend+0x20
#
# No core dump will be written. Core dumps have been disabled. To enable core dumping, try "ulimit -c unlimited" before starting Java again
#
# If you would like to submit a bug report, please visit:
#   https://github.com/Homebrew/homebrew-core/issues
# The crash happened outside the Java Virtual Machine in native code.
# See problematic frame for where to report the bug.
#

---------------  S U M M A R Y ------------

Command Line: -Dglass.disableAsyncResize=true -javaagent:/Applications/IntelliJ IDEA.app/Contents/lib/idea_rt.jar=51704 -Dfile.encoding=UTF-8 Launcher

Host: "MacBookPro17,1" arm64, 8 cores, 8G, Darwin 24.0.0, macOS 15.0.1 (24A348)
Time: Mon Mar  2 09:13:51 2026 CET elapsed time: 66.295811 seconds (0d 0h 1m 6s)

---------------  T H R E A D  ---------------

Current thread (0x000000013751a000):  JavaThread "FaceCapture-Thread" daemon [_thread_in_native, id=167711, stack(0x0000000336efc000,0x00000003370ff000)]

Stack: [0x0000000336efc000,0x00000003370ff000],  sp=0x00000003370fe410,  free space=2057k
Native frames: (J=compiled Java code, j=interpreted, Vv=VM code, C=native code)
C  [libobjc.A.dylib+0x9820]  objc_msgSend+0x20
C  [libopencv_videoio.407.dylib+0x30838]  cv::AVIWriteContainer::jflushStream(unsigned int, int)+0x24e8
C  [libopencv_videoio.407.dylib+0xfe2c]  cvGrabFrame+0x18
C  [libopencv_videoio.407.dylib+0x32d98]  cv::AVIWriteContainer::jflushStream(unsigned int, int)+0x4a48
C  [libopencv_videoio.407.dylib+0x13530]  cv::VideoCapture::grab()+0x38
C  [libjniopencv_videoio.dylib+0xafc4]  Java_org_bytedeco_opencv_opencv_1videoio_VideoCapture_grab+0x64
j  org.bytedeco.opencv.opencv_videoio.VideoCapture.grab()Z+0
j  org.bytedeco.javacv.OpenCVFrameGrabber.grab()Lorg/bytedeco/javacv/Frame;+35
j  utils.FaceRecognitionService.lambda$startCamera$2(Lutils/FaceRecognitionService$FrameCallback;)V+12
j  utils.FaceRecognitionService$$Lambda$532+0x00000078013ac000.run()V+8
J 4953 c1 java.util.concurrent.Executors$RunnableAdapter.call()Ljava/lang/Object; java.base@17.0.18 (14 bytes) @ 0x000000010a8a4f00 [0x000000010a8a4dc0+0x0000000000000140]
J 4952 c1 java.util.concurrent.FutureTask.runAndReset()Z java.base@17.0.18 (125 bytes) @ 0x000000010a8a36a8 [0x000000010a8a2e40+0x0000000000000868]
j  java.util.concurrent.ScheduledThreadPoolExecutor$ScheduledFutureTask.run()V+35 java.base@17.0.18
j  java.util.concurrent.ThreadPoolExecutor.runWorker(Ljava/util/concurrent/ThreadPoolExecutor$Worker;)V+92 java.base@17.0.18
j  java.util.concurrent.ThreadPoolExecutor$Worker.run()V+5 java.base@17.0.18
j  java.lang.Thread.run()V+11 java.base@17.0.18
v  ~StubRoutines::call_stub
V  [libjvm.dylib+0x359924]  JavaCalls::call_helper(JavaValue*, methodHandle const&, JavaCallArguments*, JavaThread*)+0x220
V  [libjvm.dylib+0x358ce0]  JavaCalls::call_virtual(JavaValue*, Klass*, Symbol*, Symbol*, JavaCallArguments*, JavaThread*)+0x11c
V  [libjvm.dylib+0x358dac]  JavaCalls::call_virtual(JavaValue*, Handle, Klass*, Symbol*, Symbol*, JavaThread*)+0x64
V  [libjvm.dylib+0x3ee390]  thread_entry(JavaThread*, JavaThread*)+0x80
V  [libjvm.dylib+0x743998]  JavaThread::thread_main_inner()+0xbc
V  [libjvm.dylib+0x743874]  JavaThread::run()+0x16c
V  [libjvm.dylib+0x74250c]  Thread::call_run()+0x8c
V  [libjvm.dylib+0x5d981c]  thread_native_entry(Thread*)+0xcc
C  [libsystem_pthread.dylib+0x72e4]  _pthread_start+0x88

Java frames: (J=compiled Java code, j=interpreted, Vv=VM code)
j  org.bytedeco.opencv.opencv_videoio.VideoCapture.grab()Z+0
j  org.bytedeco.javacv.OpenCVFrameGrabber.grab()Lorg/bytedeco/javacv/Frame;+35
j  utils.FaceRecognitionService.lambda$startCamera$2(Lutils/FaceRecognitionService$FrameCallback;)V+12
j  utils.FaceRecognitionService$$Lambda$532+0x00000078013ac000.run()V+8
J 4953 c1 java.util.concurrent.Executors$RunnableAdapter.call()Ljava/lang/Object; java.base@17.0.18 (14 bytes) @ 0x000000010a8a4f00 [0x000000010a8a4dc0+0x0000000000000140]
J 4952 c1 java.util.concurrent.FutureTask.runAndReset()Z java.base@17.0.18 (125 bytes) @ 0x000000010a8a36a8 [0x000000010a8a2e40+0x0000000000000868]
j  java.util.concurrent.ScheduledThreadPoolExecutor$ScheduledFutureTask.run()V+35 java.base@17.0.18
j  java.util.concurrent.ThreadPoolExecutor.runWorker(Ljava/util/concurrent/ThreadPoolExecutor$Worker;)V+92 java.base@17.0.18
j  java.util.concurrent.ThreadPoolExecutor$Worker.run()V+5 java.base@17.0.18
j  java.lang.Thread.run()V+11 java.base@17.0.18
v  ~StubRoutines::call_stub

siginfo: si_signo: 11 (SIGSEGV), si_code: 2 (SEGV_ACCERR), si_addr: 0x0000000000000010

Registers:
 x0=0x0000600000711500  x1=0x00000001f44b1b8d  x2=0x0000000000000000  x3=0x0000000000000000
 x4=0x0000000000000000  x5=0x00000000000000a0  x6=0x0000000000000000  x7=0x000000003b9ac215
 x8=0x0eae9c61bd5f0015  x9=0x0eae9c61bd5f0015 x10=0x6ae1600000711500 x11=0x00006000026b4de8
x12=0x0000000000000100 x13=0x0000000000000000 x14=0x0000000000000000 x15=0x0000000000000000
x16=0x0000000000000000 x17=0x0000000000000000 x18=0x0000000000000000 x19=0x000060000124ae80
x20=0x0000000000000000 x21=0x00006000006d0390 x22=0x0000000000000000 x23=0x000000000012c000
x24=0x00000003370fe588 x25=0x000000000012c000 x26=0x0000000121aaf440 x27=0x00000000ffffffff
x28=0x000000013751a000  fp=0x00000003370fe420  lr=0x0000000144d80ffc  sp=0x00000003370fe410
pc=0x0000000185691820 cpsr=0x0000000020001000

Register to memory mapping:

 x0=0x0000600000711500 points into unknown readable memory: 0x0000000000000000 | 00 00 00 00 00 00 00 00
 x1=0x00000001f44b1b8d points into unknown readable memory: 75 6e 6c
 x2=0x0 is NULL
 x3=0x0 is NULL
 x4=0x0 is NULL
 x5=0x00000000000000a0 is an unknown value
 x6=0x0 is NULL
 x7=0x000000003b9ac215 is an unknown value
 x8=0x0eae9c61bd5f0015 is an unknown value
 x9=0x0eae9c61bd5f0015 is an unknown value
x10=0x6ae1600000711500 is an unknown value
x11=0x00006000026b4de8 points into unknown readable memory: 0x0000000000000000 | 00 00 00 00 00 00 00 00
x12=0x0000000000000100 is an unknown value
x13=0x0 is NULL
x14=0x0 is NULL
x15=0x0 is NULL
x16=0x0 is NULL
x17=0x0 is NULL
x18=0x0 is NULL
x19=0x000060000124ae80 points into unknown readable memory: 0x0000600000711860 | 60 18 71 00 00 60 00 00
x20=0x0 is NULL
x21=0x00006000006d0390 points into unknown readable memory: 0x0000000144d8c500 | 00 c5 d8 44 01 00 00 00
x22=0x0 is NULL
x23=0x000000000012c000 is an unknown value
x24=0x00000003370fe588 is pointing into the stack for thread: 0x000000013751a000
x25=0x000000000012c000 is an unknown value
x26=0x0000000121aaf440 is pointing into metadata
x27=0x00000000ffffffff is an unknown value
x28=0x000000013751a000 is a thread


Top of Stack: (sp=0x00000003370fe410)
0x00000003370fe410:   0000600002bcfc00 00006000006b7540
0x00000003370fe420:   00000003370fe450 0000000144d80838
0x00000003370fe430:   0000000000000000 00006000006d0390
0x00000003370fe440:   00000003370fe588 00006000006d0390
0x00000003370fe450:   00000003370fe460 0000000144d5fe2c
0x00000003370fe460:   00000003370fe470 0000000144d82d98
0x00000003370fe470:   00000003370fe4c0 0000000144d63530
0x00000003370fe480:   00000003370fe4f0 0000000144d0a348
0x00000003370fe490:   00000003370fe588 000000000012c000
0x00000003370fe4a0:   0000000000000000 0000600000000000
0x00000003370fe4b0:   00000003370fe588 000000013751a2b0
0x00000003370fe4c0:   00000003370fe4f0 0000000144d0afc4
0x00000003370fe4d0:   0000000000000000 0000000101f4ff90
0x00000003370fe4e0:   00000003370fe508 000000011139f700
0x00000003370fe4f0:   00000003370fe560 00000001113a18ac
0x00000003370fe500:   000000013751a000 0000000782aac818
0x00000003370fe510:   00000003370fe510 0000000000000000
0x00000003370fe520:   00000003370fe588 0000000121aaf440
0x00000003370fe530:   00000007829a0950 0000000000000000
0x00000003370fe540:   0000000000000000 0000000121941638
0x00000003370fe550:   0000000000000000 00000003370fe530
0x00000003370fe560:   00000003370fe5e0 000000011139de68
0x00000003370fe570:   0000000000000000 0000000000000000
0x00000003370fe580:   00000007828ea448 0000000782949158
0x00000003370fe590:   00000003370fe590 0000000121a9f963
0x00000003370fe5a0:   00000003370fe5f8 0000000121aabb18
0x00000003370fe5b0:   0000000782944658 0000000000000000
0x00000003370fe5c0:   0000000000000000 0000000121aa68a8
0x00000003370fe5d0:   00000003370fe588 00000003370fe570
0x00000003370fe5e0:   00000003370fe650 000000011139dd80
0x00000003370fe5f0:   0000000000000000 0000000782948ed0
0x00000003370fe600:   00000003370fe600 000000012121bdd4 

Instructions: (pc=0x0000000185691820)
0x0000000185691720:   1f 20 03 d5 1f 20 03 d5 1f 20 03 d5 1f 20 03 d5
0x0000000185691730:   1f 20 03 d5 1f 20 03 d5 1f 20 03 d5 1f 20 03 d5
0x0000000185691740:   1f 20 03 d5 1f 20 03 d5 1f 20 03 d5 1f 20 03 d5
0x0000000185691750:   1f 20 03 d5 1f 20 03 d5 1f 20 03 d5 1f 20 03 d5
0x0000000185691760:   1f 20 03 d5 1f 20 03 d5 1f 20 03 d5 1f 20 03 d5
0x0000000185691770:   1f 20 03 d5 1f 20 03 d5 1f 20 03 d5 1f 20 03 d5
0x0000000185691780:   1f 20 03 d5 1f 20 03 d5 1f 20 03 d5 1f 20 03 d5
0x0000000185691790:   1f 20 03 d5 1f 20 03 d5 1f 20 03 d5 1f 20 03 d5
0x00000001856917a0:   1f 20 03 d5 1f 20 03 d5 1f 20 03 d5 1f 20 03 d5
0x00000001856917b0:   1f 20 03 d5 1f 20 03 d5 1f 20 03 d5 1f 20 03 d5
0x00000001856917c0:   1f 20 03 d5 1f 20 03 d5 1f 20 03 d5 1f 20 03 d5
0x00000001856917d0:   1f 20 03 d5 1f 20 03 d5 1f 20 03 d5 1f 20 03 d5
0x00000001856917e0:   1f 20 03 d5 1f 20 03 d5 1f 20 03 d5 1f 20 03 d5
0x00000001856917f0:   1f 20 03 d5 1f 20 03 d5 1f 20 03 d5 1f 20 03 d5
0x0000000185691800:   1f 00 00 f1 cd 03 00 54 0e 00 40 f9 d0 cd 7d 92
0x0000000185691810:   ea 03 00 aa 2a 5c ed f2 50 19 c1 da ef 03 10 aa
0x0000000185691820:   0a 0a 40 f9 4b fd 70 d3 4a bd 40 92 2c 00 0b 0a
0x0000000185691830:   4d 11 0c 8b b1 25 ff a8 3f 01 01 eb 81 00 00 54
0x0000000185691840:   4a 01 01 ca 4a 01 10 ca 2a 0e 1f d7 a9 17 00 b4
0x0000000185691850:   bf 01 0a eb 02 ff ff 54 4d 51 2b 8b 4c 11 0c 8b
0x0000000185691860:   b1 25 ff a8 3f 01 01 eb c0 fe ff 54 3f 01 00 f1
0x0000000185691870:   a0 11 4c fa 68 ff ff 54 b2 00 00 14 a0 01 00 54
0x0000000185691880:   0a 08 40 92 0b fc 77 93 5f 1d 00 f1 6c 01 8a 9a
0x0000000185691890:   6a 58 32 f0 4a 81 2f 91 4a 0d 0c 8b 4e 01 40 f9
0x00000001856918a0:   f0 03 0e aa aa f3 f1 f2 50 1d c1 da dc ff ff 17
0x00000001856918b0:   01 00 80 d2 00 e4 00 2f 01 e4 00 2f 02 e4 00 2f
0x00000001856918c0:   03 e4 00 2f c0 03 5f d6 1f 20 03 d5 1f 20 03 d5
0x00000001856918d0:   1f 20 03 d5 1f 20 03 d5 1f 20 03 d5 1f 20 03 d5
0x00000001856918e0:   1f 00 00 f1 ad 04 00 54 0d 00 40 f9 b0 cd 7d 92
0x00000001856918f0:   ea 03 00 aa 2a 5c ed f2 50 19 c1 da ef 03 10 aa
0x0000000185691900:   0a 0a 40 f9 4b fd 70 d3 4a bd 40 92 2c 00 0b 0a
0x0000000185691910:   4d 11 0c 8b b1 25 ff a8 3f 01 01 eb 61 01 00 54 


Stack slot to memory mapping:
stack at sp + 0 slots: 0x0000600002bcfc00 points into unknown readable memory: 0x000060f68a26fc00 | 00 fc 26 8a f6 60 00 00
stack at sp + 1 slots: 0x00006000006b7540 points into unknown readable memory: 0x01000001ea1c3869 | 69 38 1c ea 01 00 00 01
stack at sp + 2 slots: 0x00000003370fe450 is pointing into the stack for thread: 0x000000013751a000
stack at sp + 3 slots: 0x0000000144d80838: _ZN2cv17AVIWriteContainer12jflushStreamEji+0x24e8 in /Users/rayen/.javacpp/cache/opencv-4.7.0-1.5.9-macosx-arm64.jar/org/bytedeco/opencv/macosx-arm64/libopencv_videoio.407.dylib at 0x0000000144d50000
stack at sp + 4 slots: 0x0 is NULL
stack at sp + 5 slots: 0x00006000006d0390 points into unknown readable memory: 0x0000000144d8c500 | 00 c5 d8 44 01 00 00 00
stack at sp + 6 slots: 0x00000003370fe588 is pointing into the stack for thread: 0x000000013751a000
stack at sp + 7 slots: 0x00006000006d0390 points into unknown readable memory: 0x0000000144d8c500 | 00 c5 d8 44 01 00 00 00


Compiled method (c1) 66307 4953       3       java.util.concurrent.Executors$RunnableAdapter::call (14 bytes)
 total in heap  [0x000000010a8a4c10,0x000000010a8a5068] = 1112
 relocation     [0x000000010a8a4d68,0x000000010a8a4da0] = 56
 main code      [0x000000010a8a4dc0,0x000000010a8a4f80] = 448
 stub code      [0x000000010a8a4f80,0x000000010a8a4fc8] = 72
 metadata       [0x000000010a8a4fc8,0x000000010a8a4fe0] = 24
 scopes data    [0x000000010a8a4fe0,0x000000010a8a5000] = 32
 scopes pcs     [0x000000010a8a5000,0x000000010a8a5050] = 80
 dependencies   [0x000000010a8a5050,0x000000010a8a5058] = 8
 nul chk table  [0x000000010a8a5058,0x000000010a8a5068] = 16

[Constant Pool (empty)]

[MachCode]
[Entry Point]
  # {method} {0x000000012021b620} 'call' '()Ljava/lang/Object;' in 'java/util/concurrent/Executors$RunnableAdapter'
  #           [sp+0x40]  (sp of caller)
  0x000000010a8a4dc0: 2808 40b9 | 3f01 086b | c001 0054 

  0x000000010a8a4dcc: ;   {runtime_call ic_miss_stub}
  0x000000010a8a4dcc: 8dcf ac15 | 1f20 03d5 | 1f20 03d5 | 1f20 03d5 | 1f20 03d5 | 1f20 03d5 | 1f20 03d5 | 1f20 03d5 
  0x000000010a8a4dec: 1f20 03d5 | 1f20 03d5 | 1f20 03d5 | 1f20 03d5 | 1f20 03d5 
[Verified Entry Point]
  0x000000010a8a4e00: 1f20 03d5 | e953 40d1 | 3f01 00f9 | ff03 01d1 | fd7b 03a9 

  0x000000010a8a4e14: ;   {metadata(method data for {method} {0x000000012021b620} 'call' '()Ljava/lang/Object;' in 'java/util/concurrent/Executors$RunnableAdapter')}
  0x000000010a8a4e14: 00ac 8dd2 | 8026 a4f2 | 2000 c0f2 | 02ac 40b9 | 4208 0011 | 02ac 00b9 | 4224 1f12 | 5f00 0071 
  0x000000010a8a4e34: 8007 0054 | 200c 40b9 | 00f0 7dd3 

  0x000000010a8a4e40: ; implicit exception: dispatches to 0x000000010a8a4f44
  0x000000010a8a4e40: 1f00 40f9 | e203 00aa 

  0x000000010a8a4e48: ;   {metadata(method data for {method} {0x000000012021b620} 'call' '()Ljava/lang/Object;' in 'java/util/concurrent/Executors$RunnableAdapter')}
  0x000000010a8a4e48: 03ac 8dd2 | 8326 a4f2 | 2300 c0f2 | 4208 40b9 | 420c 5dd2 | 6900 0491 | 2801 40f9 | 5f00 08eb 
  0x000000010a8a4e68: a100 0054 | 6884 40f9 | 0805 0091 | 6884 00f9 | 1c00 0014 | 6940 0491 | 2801 40f9 | 5f00 08eb 
  0x000000010a8a4e88: a100 0054 | 688c 40f9 | 0805 0091 | 688c 00f9 | 1400 0014 | 6900 0491 | 2801 40f9 | c800 00b5 
  0x000000010a8a4ea8: 2201 00f9 | e803 40b2 | 6920 0491 | 2801 00f9 | 0c00 0014 | 6940 0491 | 2801 40f9 | c800 00b5 
  0x000000010a8a4ec8: 2201 00f9 | e803 40b2 | 6960 0491 | 2801 00f9 | 0400 0014 | 6878 40f9 | 0805 0091 | 6878 00f9 
  0x000000010a8a4ee8: e113 00f9 | e103 00aa | 09e4 8bd2 | e913 a0f2 | 0900 ccf2 

  0x000000010a8a4efc: ; ImmutableOopMap {[32]=Oop }
                      ;*invokeinterface run {reexecute=0 rethrow=0 return_oop=0}
                      ; - java.util.concurrent.Executors$RunnableAdapter::call@4 (line 539)
                      ;   {virtual_call}
  0x000000010a8a4efc: e5bb af95 | e113 40f9 | 2010 40b9 | 00f0 7dd3 | fd7b 43a9 | ff03 0191 

  0x000000010a8a4f14: ;   {poll_return}
  0x000000010a8a4f14: 88a3 41f9 | ff63 28eb | 6801 0054 | c003 5fd6 

  0x000000010a8a4f24: ;   {metadata({method} {0x000000012021b620} 'call' '()Ljava/lang/Object;' in 'java/util/concurrent/Executors$RunnableAdapter')}
  0x000000010a8a4f24: 08c4 96d2 | 2804 a4f2 | 2800 c0f2 | e807 00f9 | 0800 8092 | e803 00f9 

  0x000000010a8a4f3c: ; ImmutableOopMap {c_rarg1=Oop }
                      ;*synchronization entry
                      ; - java.util.concurrent.Executors$RunnableAdapter::call@-1 (line 539)
                      ;   {runtime_call counter_overflow Runtime1 stub}
  0x000000010a8a4f3c: 71a3 af95 | beff ff17 

  0x000000010a8a4f44: ; ImmutableOopMap {c_rarg1=Oop c_rarg0=Oop }
                      ;*invokeinterface run {reexecute=0 rethrow=0 return_oop=0}
                      ; - java.util.concurrent.Executors$RunnableAdapter::call@4 (line 539)
                      ;   {runtime_call throw_null_pointer_exception Runtime1 stub}
  0x000000010a8a4f44: ef8c af95 

  0x000000010a8a4f48: ;   {internal_word}
  0x000000010a8a4f48: 68fe ff10 | 88af 01f9 

  0x000000010a8a4f50: ;   {runtime_call SafepointBlob}
  0x000000010a8a4f50: ace8 ac15 | 1f20 03d5 | 1f20 03d5 | 80eb 41f9 | 9feb 01f9 | 9fef 01f9 | fd7b 43a9 | ff03 0191 
  0x000000010a8a4f70: ;   {runtime_call unwind_exception Runtime1 stub}
  0x000000010a8a4f70: 648b af15 | 0000 0000 | 0000 0000 | 0000 0000 
[Stub Code]
  0x000000010a8a4f80: ;   {no_reloc}
  0x000000010a8a4f80: df3f 03d5 

  0x000000010a8a4f84: ;   {metadata(NULL)}
  0x000000010a8a4f84: 0c00 80d2 | 0c00 a0f2 | 0c00 c0f2 | 0800 80d2 | 0800 a0f2 | 0800 c0f2 | 0001 1fd6 

  0x000000010a8a4fa0: ;   {trampoline_stub}
  0x000000010a8a4fa0: 4800 0058 | 0001 1fd6 | 903e 4911 | 0100 0000 
[Exception Handler]
  0x000000010a8a4fb0: ;   {runtime_call handle_exception_from_callee Runtime1 stub}
  0x000000010a8a4fb0: 5497 af95 | c1d5 bbd4 | 8193 d701 | 0100 0000 
[Deopt Handler Code]
  0x000000010a8a4fc0: 1e00 0010 

  0x000000010a8a4fc4: ;   {runtime_call DeoptimizationBlob}
  0x000000010a8a4fc4: 5fe9 ac15 
[/MachCode]


Compiled method (c1) 66311 4952   !   3       java.util.concurrent.FutureTask::runAndReset (125 bytes)
 total in heap  [0x000000010a8a2a10,0x000000010a8a4ba0] = 8592
 relocation     [0x000000010a8a2b68,0x000000010a8a2e28] = 704
 main code      [0x000000010a8a2e40,0x000000010a8a4280] = 5184
 stub code      [0x000000010a8a4280,0x000000010a8a4478] = 504
 oops           [0x000000010a8a4478,0x000000010a8a44b8] = 64
 metadata       [0x000000010a8a44b8,0x000000010a8a45b8] = 256
 scopes data    [0x000000010a8a45b8,0x000000010a8a4888] = 720
 scopes pcs     [0x000000010a8a4888,0x000000010a8a4ac8] = 576
 dependencies   [0x000000010a8a4ac8,0x000000010a8a4ad0] = 8
 handler table  [0x000000010a8a4ad0,0x000000010a8a4b90] = 192
 nul chk table  [0x000000010a8a4b90,0x000000010a8a4ba0] = 16

[Constant Pool (empty)]

[MachCode]
[Entry Point]
  # {method} {0x0000000120219428} 'runAndReset' '()Z' in 'java/util/concurrent/FutureTask'
  #           [sp+0x120]  (sp of caller)
  0x000000010a8a2e40: 2808 40b9 | 3f01 086b | c001 0054 

  0x000000010a8a2e4c: ;   {runtime_call ic_miss_stub}
  0x000000010a8a2e4c: 6dd7 ac15 | 1f20 03d5 | 1f20 03d5 | 1f20 03d5 | 1f20 03d5 | 1f20 03d5 | 1f20 03d5 | 1f20 03d5 
  0x000000010a8a2e6c: 1f20 03d5 | 1f20 03d5 | 1f20 03d5 | 1f20 03d5 | 1f20 03d5 
[Verified Entry Point]
  0x000000010a8a2e80: 1f20 03d5 | e953 40d1 | 3f01 00f9 | ff83 04d1 | fd7b 11a9 | e167 00f9 

  0x000000010a8a2e98: ;   {metadata(method data for {method} {0x0000000120219428} 'runAndReset' '()Z' in 'java/util/concurrent/FutureTask')}
  0x000000010a8a2e98: 0068 8cd2 | 8026 a4f2 | 2000 c0f2 | 02ac 40b9 | 4208 0011 | 02ac 00b9 | 4224 1f12 | 5f00 0071 
  0x000000010a8a2eb8: e087 0054 | bf3b 03d5 | 200c 40b9 | bf39 03d5 | 1f00 0071 

  0x000000010a8a2ecc: ;   {metadata(method data for {method} {0x0000000120219428} 'runAndReset' '()Z' in 'java/util/concurrent/FutureTask')}
  0x000000010a8a2ecc: 0068 8cd2 | 8026 a4f2 | 2000 c0f2 | e80f 7cb2 | e903 78b2 | 0211 899a | 0368 62f8 | 6304 0091 
  0x000000010a8a2eec: 0368 22f8 | c17a 0054 

  0x000000010a8a2ef4: ;   {metadata(method data for {method} {0x0000000120219428} 'runAndReset' '()Z' in 'java/util/concurrent/FutureTask')}
  0x000000010a8a2ef4: 0068 8cd2 | 8026 a4f2 | 2000 c0f2 | 0888 40f9 | 0805 0091 | 0888 00f9 | 8047 41f9 | 0500 40f9 
  0x000000010a8a2f14: ;   {metadata(method data for {method} {0x0000000120219428} 'runAndReset' '()Z' in 'java/util/concurrent/FutureTask')}
  0x000000010a8a2f14: 0068 8cd2 | 8026 a4f2 | 2000 c0f2 | 0060 0591 | e203 01aa | 4208 40b9 | 420c 5dd2 | 0904 40f9 
  0x000000010a8a2f34: 4200 09ca | 48f4 7e92 | 0802 00b4 | e201 0837 | a901 00b4 | 3f05 00f1 | 6001 0054 | bf39 03d5 
  0x000000010a8a2f54: 4200 09ca | 0904 40f9 | 4200 09ca | 48f4 7e92 | c800 00b4 | 0904 40f9 | 2901 7fb2 | 0904 00f9 
  0x000000010a8a2f74: 0200 0014 | 0204 00f9 

  0x000000010a8a2f7c: ;   {metadata(method data for {method} {0x0000007800181660} 'guard_LLL_Z' '(Ljava/lang/invoke/VarHandle;Ljava/lang/Object;Ljava/lang/Object;Ljava/lang/Object;Ljava/lang/invoke/VarHandle$AccessDescriptor;)Z' in 'java/lang/invoke/VarHandleGuards')}
  0x000000010a8a2f7c: 005e 88d2 | 8026 a4f2 | 2000 c0f2 | 00e0 0f91 

  0x000000010a8a2f8c: ;   {oop(a 'java/lang/invoke/VarHandleReferences$FieldInstanceReadWrite'{0x00000007809b7c10})}
  0x000000010a8a2f8c: 0282 8fd2 | 6213 b0f2 | e200 c0f2 | e303 02aa | 8300 00b5 | 0900 40f9 | 2901 40b2 | 0900 00f9 
  0x000000010a8a2fac: ;   {metadata(method data for {method} {0x0000000120219428} 'runAndReset' '()Z' in 'java/util/concurrent/FutureTask')}
  0x000000010a8a2fac: 0068 8cd2 | 8026 a4f2 | 2000 c0f2 | 0890 40f9 | 0805 0091 | 0890 00f9 

  0x000000010a8a2fc4: ;   {metadata(method data for {method} {0x0000007800181660} 'guard_LLL_Z' '(Ljava/lang/invoke/VarHandle;Ljava/lang/Object;Ljava/lang/Object;Ljava/lang/Object;Ljava/lang/invoke/VarHandle$AccessDescriptor;)Z' in 'java/lang/invoke/VarHandleGuards')}
  0x000000010a8a2fc4: 005e 88d2 | 8026 a4f2 | 2000 c0f2 | 03ac 40b9 | 6308 0011 | 03ac 00b9 | 634c 1f12 | 7f00 0071 
  0x000000010a8a2fe4: 807f 0054 

  0x000000010a8a2fe8: ;   {metadata(method data for {method} {0x0000007800181660} 'guard_LLL_Z' '(Ljava/lang/invoke/VarHandle;Ljava/lang/Object;Ljava/lang/Object;Ljava/lang/Object;Ljava/lang/invoke/VarHandle$AccessDescriptor;)Z' in 'java/lang/invoke/VarHandleGuards')}
  0x000000010a8a2fe8: 005e 88d2 | 8026 a4f2 | 2000 c0f2 | 00a0 0491 

  0x000000010a8a2ff8: ;   {oop(a 'java/lang/invoke/VarHandle$AccessDescriptor'{0x00000007809b7cc0})}
  0x000000010a8a2ff8: 0398 8fd2 | 6313 b0f2 | e300 c0f2 | 8300 00b5 | 0904 40f9 | 2901 40b2 | 0904 00f9 

  0x000000010a8a3014: ;   {metadata(method data for {method} {0x0000007800181660} 'guard_LLL_Z' '(Ljava/lang/invoke/VarHandle;Ljava/lang/Object;Ljava/lang/Object;Ljava/lang/Object;Ljava/lang/invoke/VarHandle$AccessDescriptor;)Z' in 'java/lang/invoke/VarHandleGuards')}
  0x000000010a8a3014: 005e 88d2 | 8026 a4f2 | 2000 c0f2 | 0878 40f9 | 0805 0091 | 0878 00f9 

  0x000000010a8a302c: ;   {metadata(method data for {method} {0x00000078000c6048} 'checkExactAccessMode' '(Ljava/lang/invoke/VarHandle$AccessDescriptor;)V' in 'java/lang/invoke/VarHandle')}
  0x000000010a8a302c: 0034 83d2 | 0004 a4f2 | 2000 c0f2 | 02ac 40b9 | 4208 0011 | 02ac 00b9 | 424c 1f12 | 5f00 0071 
  0x000000010a8a304c: 407d 0054 

  0x000000010a8a3050: ;   {metadata(method data for {method} {0x00000078000c6048} 'checkExactAccessMode' '(Ljava/lang/invoke/VarHandle$AccessDescriptor;)V' in 'java/lang/invoke/VarHandle')}
  0x000000010a8a3050: 0034 83d2 | 0004 a4f2 | 2000 c0f2 | 0278 40f9 | 4204 0091 | 0278 00f9 

  0x000000010a8a3068: ;   {oop(a 'java/lang/invoke/VarHandleReferences$FieldInstanceReadWrite'{0x00000007809b7c10})}
  0x000000010a8a3068: 0082 8fd2 | 6013 b0f2 | e000 c0f2 

  0x000000010a8a3074: ;   {metadata(method data for {method} {0x0000007800181660} 'guard_LLL_Z' '(Ljava/lang/invoke/VarHandle;Ljava/lang/Object;Ljava/lang/Object;Ljava/lang/Object;Ljava/lang/invoke/VarHandle$AccessDescriptor;)Z' in 'java/lang/invoke/VarHandleGuards')}
  0x000000010a8a3074: 025e 88d2 | 8226 a4f2 | 2200 c0f2 | 0008 40b9 | 000c 5dd2 | 4940 0591 | 2801 40f9 | 1f00 08eb 
  0x000000010a8a3094: a100 0054 | 48ac 40f9 | 0805 0091 | 48ac 00f9 | 1c00 0014 | 4980 0591 | 2801 40f9 | 1f00 08eb 
  0x000000010a8a30b4: a100 0054 | 48b4 40f9 | 0805 0091 | 48b4 00f9 | 1400 0014 | 4940 0591 | 2801 40f9 | c800 00b5 
  0x000000010a8a30d4: 2001 00f9 | e803 40b2 | 4960 0591 | 2801 00f9 | 0c00 0014 | 4980 0591 | 2801 40f9 | c800 00b5 
  0x000000010a8a30f4: 2001 00f9 | e803 40b2 | 49a0 0591 | 2801 00f9 | 0400 0014 | 48a0 40f9 | 0805 0091 | 48a0 00f9 
  0x000000010a8a3114: ;   {metadata(method data for {method} {0x00000078000c0d10} 'isDirect' '()Z' in 'java/lang/invoke/VarHandle')}
  0x000000010a8a3114: 0007 87d2 | 0004 a4f2 | 2000 c0f2 | 02ac 40b9 | 4208 0011 | 02ac 00b9 | 424c 1f12 | 5f00 0071 
  0x000000010a8a3134: 0077 0054 

  0x000000010a8a3138: ;   {metadata(method data for {method} {0x0000007800181660} 'guard_LLL_Z' '(Ljava/lang/invoke/VarHandle;Ljava/lang/Object;Ljava/lang/Object;Ljava/lang/Object;Ljava/lang/invoke/VarHandle$AccessDescriptor;)Z' in 'java/lang/invoke/VarHandleGuards')}
  0x000000010a8a3138: 005e 88d2 | 8026 a4f2 | 2000 c0f2 | 02c4 40f9 | 4204 0091 | 02c4 00f9 

  0x000000010a8a3150: ;   {metadata(method data for {method} {0x0000007800181660} 'guard_LLL_Z' '(Ljava/lang/invoke/VarHandle;Ljava/lang/Object;Ljava/lang/Object;Ljava/lang/Object;Ljava/lang/invoke/VarHandle$AccessDescriptor;)Z' in 'java/lang/invoke/VarHandleGuards')}
  0x000000010a8a3150: 005e 88d2 | 8026 a4f2 | 2000 c0f2 | 02d4 40f9 | 4204 0091 | 02d4 00f9 

  0x000000010a8a3168: ;   {oop(a 'java/lang/invoke/VarForm'{0x0000000780ac1398})}
  0x000000010a8a3168: 0073 82d2 | 8015 b0f2 | e000 c0f2 

  0x000000010a8a3174: ;   {metadata(method data for {method} {0x0000007800181660} 'guard_LLL_Z' '(Ljava/lang/invoke/VarHandle;Ljava/lang/Object;Ljava/lang/Object;Ljava/lang/Object;Ljava/lang/invoke/VarHandle$AccessDescriptor;)Z' in 'java/lang/invoke/VarHandleGuards')}
  0x000000010a8a3174: 025e 88d2 | 8226 a4f2 | 2200 c0f2 | 48dc 40f9 | 0805 0091 | 48dc 00f9 

  0x000000010a8a318c: ;   {metadata(method data for {method} {0x000000780017f3c8} 'getMemberName' '(I)Ljava/lang/invoke/MemberName;' in 'java/lang/invoke/VarForm')}
  0x000000010a8a318c: 0066 84d2 | 0004 a4f2 | 2000 c0f2 | 02ac 40b9 | 4208 0011 | 02ac 00b9 | 424c 1f12 | 5f00 0071 
  0x000000010a8a31ac: 4074 0054 

  0x000000010a8a31b0: ;   {metadata(method data for {method} {0x000000780017f3c8} 'getMemberName' '(I)Ljava/lang/invoke/MemberName;' in 'java/lang/invoke/VarForm')}
  0x000000010a8a31b0: 0066 84d2 | 0004 a4f2 | 2000 c0f2 | 0278 40f9 | 4204 0091 | 0278 00f9 

  0x000000010a8a31c8: ;   {metadata(method data for {method} {0x0000007800181660} 'guard_LLL_Z' '(Ljava/lang/invoke/VarHandle;Ljava/lang/Object;Ljava/lang/Object;Ljava/lang/Object;Ljava/lang/invoke/VarHandle$AccessDescriptor;)Z' in 'java/lang/invoke/VarHandleGuards')}
  0x000000010a8a31c8: 005e 88d2 | 8026 a4f2 | 2000 c0f2 | 00c0 0791 

  0x000000010a8a31d8: ;   {oop(a 'java/lang/invoke/MemberName'{0x0000000780ac14b8} = {method} {0x00000078000c1898} 'compareAndSet' '(Ljava/lang/invoke/VarHandle;Ljava/lang/Object;Ljava/lang/Object;Ljava/lang/Object;)Z' in 'java/lang/invoke/VarHandleReferences$FieldInstanceReadWrite')}
  0x000000010a8a31d8: 0297 82d2 | 8215 b0f2 | e200 c0f2 | 8200 00b5 | 0900 40f9 | 2901 40b2 | 0900 00f9 

  0x000000010a8a31f4: ;   {metadata(method data for {method} {0x0000007800181660} 'guard_LLL_Z' '(Ljava/lang/invoke/VarHandle;Ljava/lang/Object;Ljava/lang/Object;Ljava/lang/Object;Ljava/lang/invoke/VarHandle$AccessDescriptor;)Z' in 'java/lang/invoke/VarHandleGuards')}
  0x000000010a8a31f4: 005e 88d2 | 8026 a4f2 | 2000 c0f2 | 0040 0891 

  0x000000010a8a3204: ;   {oop(a 'java/lang/invoke/VarHandleReferences$FieldInstanceReadWrite'{0x00000007809b7c10})}
  0x000000010a8a3204: 0282 8fd2 | 6213 b0f2 | e200 c0f2 | 8200 00b5 | 0904 40f9 | 2901 40b2 | 0904 00f9 

  0x000000010a8a3220: ;   {metadata(method data for {method} {0x0000007800181660} 'guard_LLL_Z' '(Ljava/lang/invoke/VarHandle;Ljava/lang/Object;Ljava/lang/Object;Ljava/lang/Object;Ljava/lang/invoke/VarHandle$AccessDescriptor;)Z' in 'java/lang/invoke/VarHandleGuards')}
  0x000000010a8a3220: 005e 88d2 | 8026 a4f2 | 2000 c0f2 | 0800 41f9 | 0805 0091 | 0800 01f9 

  0x000000010a8a3238: ;   {metadata(method data for {method} {0x00000078000c1898} 'compareAndSet' '(Ljava/lang/invoke/VarHandle;Ljava/lang/Object;Ljava/lang/Object;Ljava/lang/Object;)Z' in 'java/lang/invoke/VarHandleReferences$FieldInstanceReadWrite')}
  0x000000010a8a3238: 0002 89d2 | 8026 a4f2 | 2000 c0f2 | 02ac 40b9 | 4208 0011 | 02ac 00b9 | 424c 1f12 | 5f00 0071 
  0x000000010a8a3258: e06f 0054 

  0x000000010a8a325c: ;   {oop(a 'java/lang/Class'{0x00000007809cfb20} = 'java/util/concurrent/FutureTask')}
  0x000000010a8a325c: 0064 9fd2 | 8013 b0f2 | e000 c0f2 

  0x000000010a8a3268: ;   {metadata(method data for {method} {0x00000078000c1898} 'compareAndSet' '(Ljava/lang/invoke/VarHandle;Ljava/lang/Object;Ljava/lang/Object;Ljava/lang/Object;)Z' in 'java/lang/invoke/VarHandleReferences$FieldInstanceReadWrite')}
  0x000000010a8a3268: 0202 89d2 | 8226 a4f2 | 2200 c0f2 | 4894 40f9 | 0805 0091 | 4894 00f9 

  0x000000010a8a3280: ;   {metadata(method data for {method} {0x000000780043eff8} 'cast' '(Ljava/lang/Object;)Ljava/lang/Object;' in 'java/lang/Class')}
  0x000000010a8a3280: 007b 89d2 | a002 a4f2 | 2000 c0f2 | 02ac 40b9 | 4208 0011 | 02ac 00b9 | 424c 1f12 | 5f00 0071 
  0x000000010a8a32a0: a06e 0054 

  0x000000010a8a32a4: ;   {metadata(method data for {method} {0x000000780043eff8} 'cast' '(Ljava/lang/Object;)Ljava/lang/Object;' in 'java/lang/Class')}
  0x000000010a8a32a4: 007b 89d2 | a002 a4f2 | 2000 c0f2 | 0280 40f9 | 4204 0091 | 0280 00f9 

  0x000000010a8a32bc: ;   {oop(a 'java/lang/Class'{0x00000007809cfb20} = 'java/util/concurrent/FutureTask')}
  0x000000010a8a32bc: 0064 9fd2 | 8013 b0f2 | e000 c0f2 

  0x000000010a8a32c8: ;   {metadata(method data for {method} {0x000000780043eff8} 'cast' '(Ljava/lang/Object;)Ljava/lang/Object;' in 'java/lang/Class')}
  0x000000010a8a32c8: 027b 89d2 | a202 a4f2 | 2200 c0f2 | 4888 40f9 | 0805 0091 | 4888 00f9 | 4101 00b4 

  0x000000010a8a32e4: ;   {metadata('java/util/concurrent/FutureTask')}
  0x000000010a8a32e4: 037f 8bd2 | e320 a0f2 | 030f c0f2 | 2408 40b9 | 840c 5dd2 | 881c 40f9 | 7f00 08eb | 4100 0054 
  0x000000010a8a3304: 0300 0014 | e003 1faa | 0200 0014 | e003 40b2 | 1f00 0071 

  0x000000010a8a3318: ;   {metadata(method data for {method} {0x000000780043eff8} 'cast' '(Ljava/lang/Object;)Ljava/lang/Object;' in 'java/lang/Class')}
  0x000000010a8a3318: 007b 89d2 | a002 a4f2 | 2000 c0f2 | 082b 80d2 | 0929 80d2 | 0201 899a | 0368 62f8 | 6304 0091 
  0x000000010a8a3338: 0368 22f8 | 805e 0054 

  0x000000010a8a3340: ;   {metadata(method data for {method} {0x00000078000c1898} 'compareAndSet' '(Ljava/lang/invoke/VarHandle;Ljava/lang/Object;Ljava/lang/Object;Ljava/lang/Object;)Z' in 'java/lang/invoke/VarHandleReferences$FieldInstanceReadWrite')}
  0x000000010a8a3340: 0002 89d2 | 8026 a4f2 | 2000 c0f2 | 08b0 40f9 | 0805 0091 | 08b0 00f9 

  0x000000010a8a3358: ;   {metadata(method data for {method} {0x0000007800073438} 'requireNonNull' '(Ljava/lang/Object;)Ljava/lang/Object;' in 'java/util/Objects')}
  0x000000010a8a3358: 00d8 9ed2 | 0000 a4f2 | 2000 c0f2 | 02ac 40b9 | 4208 0011 | 02ac 00b9 | 424c 1f12 | 5f00 0071 
  0x000000010a8a3378: e068 0054 

  0x000000010a8a337c: ;   {metadata(method data for {method} {0x0000007800073438} 'requireNonNull' '(Ljava/lang/Object;)Ljava/lang/Object;' in 'java/util/Objects')}
  0x000000010a8a337c: 00d8 9ed2 | 0000 a4f2 | 2000 c0f2 | 0278 40f9 | 4204 0091 | 0278 00f9 

  0x000000010a8a3394: ;   {oop(a 'java/lang/Class'{0x00000007ffe00f38} = 'java/lang/Thread')}
  0x000000010a8a3394: 00e7 81d2 | 00fc bff2 | e000 c0f2 

  0x000000010a8a33a0: ;   {metadata(method data for {method} {0x00000078000c1898} 'compareAndSet' '(Ljava/lang/invoke/VarHandle;Ljava/lang/Object;Ljava/lang/Object;Ljava/lang/Object;)Z' in 'java/lang/invoke/VarHandleReferences$FieldInstanceReadWrite')}
  0x000000010a8a33a0: 0202 89d2 | 8226 a4f2 | 2200 c0f2 | 48b8 40f9 | 0805 0091 | 48b8 00f9 

  0x000000010a8a33b8: ;   {metadata(method data for {method} {0x000000780043eff8} 'cast' '(Ljava/lang/Object;)Ljava/lang/Object;' in 'java/lang/Class')}
  0x000000010a8a33b8: 007b 89d2 | a002 a4f2 | 2000 c0f2 | 02ac 40b9 | 4208 0011 | 02ac 00b9 | 424c 1f12 | 5f00 0071 
  0x000000010a8a33d8: e066 0054 

  0x000000010a8a33dc: ;   {metadata(method data for {method} {0x000000780043eff8} 'cast' '(Ljava/lang/Object;)Ljava/lang/Object;' in 'java/lang/Class')}
  0x000000010a8a33dc: 007b 89d2 | a002 a4f2 | 2000 c0f2 | 0278 40f9 | 4204 0091 | 0278 00f9 

  0x000000010a8a33f4: ;   {oop(a 'java/lang/Class'{0x00000007ffe00f38} = 'java/lang/Thread')}
  0x000000010a8a33f4: 00e7 81d2 | 00fc bff2 | e000 c0f2 

  0x000000010a8a3400: ;   {metadata(method data for {method} {0x00000078000c1898} 'compareAndSet' '(Ljava/lang/invoke/VarHandle;Ljava/lang/Object;Ljava/lang/Object;Ljava/lang/Object;)Z' in 'java/lang/invoke/VarHandleReferences$FieldInstanceReadWrite')}
  0x000000010a8a3400: 0202 89d2 | 8226 a4f2 | 2200 c0f2 | 48d4 40f9 | 0805 0091 | 48d4 00f9 

  0x000000010a8a3418: ;   {metadata(method data for {method} {0x000000780043eff8} 'cast' '(Ljava/lang/Object;)Ljava/lang/Object;' in 'java/lang/Class')}
  0x000000010a8a3418: 007b 89d2 | a002 a4f2 | 2000 c0f2 | 02ac 40b9 | 4208 0011 | 02ac 00b9 | 424c 1f12 | 5f00 0071 
  0x000000010a8a3438: e064 0054 | e003 1faa | bf00 00eb 

  0x000000010a8a3444: ;   {metadata(method data for {method} {0x000000780043eff8} 'cast' '(Ljava/lang/Object;)Ljava/lang/Object;' in 'java/lang/Class')}
  0x000000010a8a3444: 007b 89d2 | a002 a4f2 | 2000 c0f2 | e80f 7cb2 | e903 78b2 | 0201 899a | 0368 62f8 | 6304 0091 
  0x000000010a8a3464: 0368 22f8 | 4004 0054 

  0x000000010a8a346c: ;   {oop(a 'java/lang/Class'{0x00000007ffe00f38} = 'java/lang/Thread')}
  0x000000010a8a346c: 00e7 81d2 | 00fc bff2 | e000 c0f2 

  0x000000010a8a3478: ;   {metadata(method data for {method} {0x000000780043eff8} 'cast' '(Ljava/lang/Object;)Ljava/lang/Object;' in 'java/lang/Class')}
  0x000000010a8a3478: 027b 89d2 | a202 a4f2 | 2200 c0f2 | 4888 40f9 | 0805 0091 | 4888 00f9 | 4501 00b4 

  0x000000010a8a3494: ;   {metadata('java/lang/Thread')}
  0x000000010a8a3494: 03de 98d2 | 2300 a0f2 | 030f c0f2 | a408 40b9 | 840c 5dd2 | 881c 40f9 | 7f00 08eb | 4100 0054 
  0x000000010a8a34b4: 0300 0014 | e003 1faa | 0200 0014 | e003 40b2 | 1f00 0071 

  0x000000010a8a34c8: ;   {metadata(method data for {method} {0x000000780043eff8} 'cast' '(Ljava/lang/Object;)Ljava/lang/Object;' in 'java/lang/Class')}
  0x000000010a8a34c8: 007b 89d2 | a002 a4f2 | 2000 c0f2 | 082b 80d2 | 0929 80d2 | 0201 899a | 0368 62f8 | 6304 0091 
  0x000000010a8a34e8: 0368 22f8 | 004c 0054 | e007 7db2 | 2060 208b | 82e3 4039 | 5f00 0071 | a15f 0054 | e203 1faa 
  0x000000010a8a3508: 44fc 43d3 | a9fc 43d3 | e803 04aa | 09fc e888 | 1f01 046b | e807 9f9a | bf3b 03d5 | 0301 0052 
  0x000000010a8a3528: 0200 05ca | 42fc 54d3 | 5f00 00f1 | c15e 0054 | 6000 0012 | 0000 0012 | 1f00 0071 

  0x000000010a8a3544: ;   {metadata(method data for {method} {0x0000000120219428} 'runAndReset' '()Z' in 'java/util/concurrent/FutureTask')}
  0x000000010a8a3544: 0068 8cd2 | 8026 a4f2 | 2000 c0f2 | 0832 80d2 | e907 79b2 | 0201 899a | 0368 62f8 | 6304 0091 
  0x000000010a8a3564: 0368 22f8 | 0047 0054 | bf3b 03d5 | 200c 40b9 | bf39 03d5 | 2210 40b9 | 42f0 7dd3 | e303 1faa 
  0x000000010a8a3584: 5f00 03eb 

  0x000000010a8a3588: ;   {metadata(method data for {method} {0x0000000120219428} 'runAndReset' '()Z' in 'java/util/concurrent/FutureTask')}
  0x000000010a8a3588: 0368 8cd2 | 8326 a4f2 | 2300 c0f2 | 0836 80d2 | 0934 80d2 | 0411 899a | 6568 64f8 | a504 0091 
  0x000000010a8a35a8: 6568 24f8 | 6100 0054 | 0000 a052 | 3401 0014 | 1f00 0071 

  0x000000010a8a35bc: ;   {metadata(method data for {method} {0x0000000120219428} 'runAndReset' '()Z' in 'java/util/concurrent/FutureTask')}
  0x000000010a8a35bc: 0068 8cd2 | 8026 a4f2 | 2000 c0f2 | 083a 80d2 | e90b 7ab2 | 0301 899a | 0468 63f8 | 8404 0091 
  0x000000010a8a35dc: 0468 23f8 | 6000 0054 | 0000 a052 | 2701 0014 

  0x000000010a8a35ec: ; implicit exception: dispatches to 0x000000010a8a411c
  0x000000010a8a35ec: 5f00 40f9 | e003 02aa 

  0x000000010a8a35f4: ;   {metadata(method data for {method} {0x0000000120219428} 'runAndReset' '()Z' in 'java/util/concurrent/FutureTask')}
  0x000000010a8a35f4: 0368 8cd2 | 8326 a4f2 | 2300 c0f2 | 0008 40b9 | 000c 5dd2 | 69c0 0791 | 2801 40f9 | 1f00 08eb 
  0x000000010a8a3614: a100 0054 | 68fc 40f9 | 0805 0091 | 68fc 00f9 | 1c00 0014 | 6900 0891 | 2801 40f9 | 1f00 08eb 
  0x000000010a8a3634: a100 0054 | 6804 41f9 | 0805 0091 | 6804 01f9 | 1400 0014 | 69c0 0791 | 2801 40f9 | c800 00b5 
  0x000000010a8a3654: 2001 00f9 | e803 40b2 | 69e0 0791 | 2801 00f9 | 0c00 0014 | 6900 0891 | 2801 40f9 | c800 00b5 
  0x000000010a8a3674: 2001 00f9 | e803 40b2 | 6920 0891 | 2801 00f9 | 0400 0014 | 68f0 40f9 | 0805 0091 | 68f0 00f9 
  0x000000010a8a3694: e103 02aa | 09b2 8cd2 | e920 a0f2 | 090f c0f2 

  0x000000010a8a36a4: ; ImmutableOopMap {[200]=Oop }
                      ;*invokeinterface call {reexecute=0 rethrow=0 return_oop=0}
                      ; - java.util.concurrent.FutureTask::runAndReset@44 (line 305)
                      ;   {virtual_call}
  0x000000010a8a36a4: c705 0094 

  0x000000010a8a36a8: ;   {metadata(method data for {method} {0x0000000120219428} 'runAndReset' '()Z' in 'java/util/concurrent/FutureTask')}
  0x000000010a8a36a8: 0068 8cd2 | 8026 a4f2 | 2000 c0f2 | 020c 41f9 | 4204 0091 | 020c 01f9 | e003 0032 | e167 40f9 
  0x000000010a8a36c8: ef00 0014 | e167 40f9 | 80eb 41f9 | 9feb 01f9 | 9fef 01f9 | e203 01aa 

  0x000000010a8a36e0: ;   {metadata(method data for {method} {0x0000000120219428} 'runAndReset' '()Z' in 'java/util/concurrent/FutureTask')}
  0x000000010a8a36e0: 0368 8cd2 | 8326 a4f2 | 2300 c0f2 | 4208 40b9 | 420c 5dd2 | 6900 0991 | 2801 40f9 | 5f00 08eb 
  0x000000010a8a3700: a100 0054 | 6824 41f9 | 0805 0091 | 6824 01f9 | 1c00 0014 | 6940 0991 | 2801 40f9 | 5f00 08eb 
  0x000000010a8a3720: a100 0054 | 682c 41f9 | 0805 0091 | 682c 01f9 | 1400 0014 | 6900 0991 | 2801 40f9 | c800 00b5 
  0x000000010a8a3740: 2201 00f9 | e803 40b2 | 6920 0991 | 2801 00f9 | 0c00 0014 | 6940 0991 | 2801 40f9 | c800 00b5 
  0x000000010a8a3760: 2201 00f9 | e803 40b2 | 6960 0991 | 2801 00f9 | 0400 0014 | 6818 41f9 | 0805 0091 | 6818 01f9 
  0x000000010a8a3780: ;   {metadata(method data for {method} {0x00000001202190f8} 'setException' '(Ljava/lang/Throwable;)V' in 'java/util/concurrent/FutureTask')}
  0x000000010a8a3780: 02e1 8cd2 | 8226 a4f2 | 2200 c0f2 | 43ac 40b9 | 6308 0011 | 43ac 00b9 | 634c 1f12 | 7f00 0071 
  0x000000010a8a37a0: 004c 0054 

  0x000000010a8a37a4: ; ImmutableOopMap {c_rarg1=Oop [200]=Oop c_rarg0=Oop }
                      ;*invokevirtual compareAndSet {reexecute=0 rethrow=0 return_oop=0}
                      ; - java.util.concurrent.FutureTask::setException@6 (line 247)
                      ; - java.util.concurrent.FutureTask::runAndReset@60 (line 308)
                      ;   {runtime_call load_appendix_patching Runtime1 stub}
  0x000000010a8a37a4: d7a7 af95 

  0x000000010a8a37a8: ;   {metadata(method data for {method} {0x00000001202190f8} 'setException' '(Ljava/lang/Throwable;)V' in 'java/util/concurrent/FutureTask')}
  0x000000010a8a37a8: 02e1 8cd2 | 8226 a4f2 | 2200 c0f2 | 42a0 0491 | e303 01aa | 6308 40b9 | 630c 5dd2 | 4904 40f9 
  0x000000010a8a37c8: 6300 09ca | 68f4 7e92 | 0802 00b4 | e301 0837 | a901 00b4 | 3f05 00f1 | 6001 0054 | bf39 03d5 
  0x000000010a8a37e8: 6300 09ca | 4904 40f9 | 6300 09ca | 68f4 7e92 | c800 00b4 | 4904 40f9 | 2901 7fb2 | 4904 00f9 
  0x000000010a8a3808: 0200 0014 | 4304 00f9 

  0x000000010a8a3810: ;   {oop(a 'java/lang/invoke/VarHandleInts$FieldInstanceReadWrite'{0x00000007809b7be8})}
  0x000000010a8a3810: 067d 8fd2 | 6613 b0f2 | e600 c0f2 | e203 06aa 

  0x000000010a8a3820: ;   {metadata(method data for {method} {0x00000001202190f8} 'setException' '(Ljava/lang/Throwable;)V' in 'java/util/concurrent/FutureTask')}
  0x000000010a8a3820: 03e1 8cd2 | 8326 a4f2 | 2300 c0f2 | 4208 40b9 | 420c 5dd2 | 6900 0491 | 2801 40f9 | 5f00 08eb 
  0x000000010a8a3840: a100 0054 | 6884 40f9 | 0805 0091 | 6884 00f9 | 1c00 0014 | 6940 0491 | 2801 40f9 | 5f00 08eb 
  0x000000010a8a3860: a100 0054 | 688c 40f9 | 0805 0091 | 688c 00f9 | 1400 0014 | 6900 0491 | 2801 40f9 | c800 00b5 
  0x000000010a8a3880: 2201 00f9 | e803 40b2 | 6920 0491 | 2801 00f9 | 0c00 0014 | 6940 0491 | 2801 40f9 | c800 00b5 
  0x000000010a8a38a0: 2201 00f9 | e803 40b2 | 6960 0491 | 2801 00f9 | 0400 0014 | 6878 40f9 | 0805 0091 | 6878 00f9 
  0x000000010a8a38c0: e203 01aa | 0300 a052 | e403 0032 | e103 06aa | e06b 00f9 

  0x000000010a8a38d4: ; ImmutableOopMap {[200]=Oop [208]=Oop }
                      ;*invokevirtual compareAndSet {reexecute=0 rethrow=0 return_oop=0}
                      ; - java.util.concurrent.FutureTask::setException@6 (line 247)
                      ; - java.util.concurrent.FutureTask::runAndReset@60 (line 308)
                      ;   {optimized virtual_call}
  0x000000010a8a38d4: 8bd5 ac95 | 1f00 0071 

  0x000000010a8a38dc: ;   {metadata(method data for {method} {0x00000001202190f8} 'setException' '(Ljava/lang/Throwable;)V' in 'java/util/concurrent/FutureTask')}
  0x000000010a8a38dc: 02e1 8cd2 | 8226 a4f2 | 2200 c0f2 | 0828 80d2 | 092a 80d2 | 0301 899a | 4468 63f8 | 8404 0091 
  0x000000010a8a38fc: 4468 23f8 | e00b 0054 | e183 4ca9 | 82e3 4039 | 5f00 0071 | 8141 0054 | 08fc 43d3 | 2814 00b9 
  0x000000010a8a391c: 2200 00ca | 42fc 54d3 | 5f00 00f1 | 8141 0054 

  0x000000010a8a392c: ; ImmutableOopMap {c_rarg1=Oop [200]=Oop }
                      ;*invokevirtual setRelease {reexecute=0 rethrow=0 return_oop=0}
                      ; - java.util.concurrent.FutureTask::setException@22 (line 249)
                      ; - java.util.concurrent.FutureTask::runAndReset@60 (line 308)
                      ;   {runtime_call load_appendix_patching Runtime1 stub}
  0x000000010a8a392c: 75a7 af95 

  0x000000010a8a3930: ;   {metadata(method data for {method} {0x00000001202190f8} 'setException' '(Ljava/lang/Throwable;)V' in 'java/util/concurrent/FutureTask')}
  0x000000010a8a3930: 02e1 8cd2 | 8226 a4f2 | 2200 c0f2 | 4260 0691 | e303 01aa | 6308 40b9 | 630c 5dd2 | 4904 40f9 
  0x000000010a8a3950: 6300 09ca | 68f4 7e92 | 0802 00b4 | e301 0837 | a901 00b4 | 3f05 00f1 | 6001 0054 | bf39 03d5 
  0x000000010a8a3970: 6300 09ca | 4904 40f9 | 6300 09ca | 68f4 7e92 | c800 00b4 | 4904 40f9 | 2901 7fb2 | 4904 00f9 
  0x000000010a8a3990: 0200 0014 | 4304 00f9 

  0x000000010a8a3998: ;   {oop(a 'java/lang/invoke/VarHandleInts$FieldInstanceReadWrite'{0x00000007809b7be8})}
  0x000000010a8a3998: 007d 8fd2 | 6013 b0f2 | e000 c0f2 | e203 00aa 

  0x000000010a8a39a8: ;   {metadata(method data for {method} {0x00000001202190f8} 'setException' '(Ljava/lang/Throwable;)V' in 'java/util/concurrent/FutureTask')}
  0x000000010a8a39a8: 03e1 8cd2 | 8326 a4f2 | 2300 c0f2 | 4208 40b9 | 420c 5dd2 | 69c0 0591 | 2801 40f9 | 5f00 08eb 
  0x000000010a8a39c8: a100 0054 | 68bc 40f9 | 0805 0091 | 68bc 00f9 | 1c00 0014 | 6900 0691 | 2801 40f9 | 5f00 08eb 
  0x000000010a8a39e8: a100 0054 | 68c4 40f9 | 0805 0091 | 68c4 00f9 | 1400 0014 | 69c0 0591 | 2801 40f9 | c800 00b5 
  0x000000010a8a3a08: 2201 00f9 | e803 40b2 | 69e0 0591 | 2801 00f9 | 0c00 0014 | 6900 0691 | 2801 40f9 | c800 00b5 
  0x000000010a8a3a28: 2201 00f9 | e803 40b2 | 6920 0691 | 2801 00f9 | 0400 0014 | 68b0 40f9 | 0805 0091 | 68b0 00f9 
  0x000000010a8a3a48: e203 01aa | e307 0032 | e103 00aa 

  0x000000010a8a3a54: ; ImmutableOopMap {[200]=Oop }
                      ;*invokevirtual setRelease {reexecute=0 rethrow=0 return_oop=0}
                      ; - java.util.concurrent.FutureTask::setException@22 (line 249)
                      ; - java.util.concurrent.FutureTask::runAndReset@60 (line 308)
                      ;   {optimized virtual_call}
  0x000000010a8a3a54: 2bd5 ac95 | e167 40f9 

  0x000000010a8a3a5c: ;   {metadata(method data for {method} {0x00000001202190f8} 'setException' '(Ljava/lang/Throwable;)V' in 'java/util/concurrent/FutureTask')}
  0x000000010a8a3a5c: 00e1 8cd2 | 8026 a4f2 | 2000 c0f2 | 08d8 40f9 | 0805 0091 | 08d8 00f9 | e167 40f9 

  0x000000010a8a3a78: ; ImmutableOopMap {[200]=Oop }
                      ;*invokevirtual finishCompletion {reexecute=0 rethrow=0 return_oop=0}
                      ; - java.util.concurrent.FutureTask::setException@26 (line 250)
                      ; - java.util.concurrent.FutureTask::runAndReset@60 (line 308)
                      ;   {optimized virtual_call}
  0x000000010a8a3a78: 22d5 ac95 | 0000 a052 | e167 40f9 | e203 1faa | 83e3 4039 | 7f00 0071 | c136 0054 | bf3b 03d5 
  0x000000010a8a3a98: 48fc 43d3 | 2818 00b9 | bf3b 03d5 | 2300 02ca | 63fc 54d3 | 7f00 00f1 | 8136 0054 | bf3b 03d5 
  0x000000010a8a3ab8: 220c 40b9 | e2df 00b9 | bf39 03d5 | 5f14 0071 

  0x000000010a8a3ac8: ;   {metadata(method data for {method} {0x0000000120219428} 'runAndReset' '()Z' in 'java/util/concurrent/FutureTask')}
  0x000000010a8a3ac8: 0368 8cd2 | 8326 a4f2 | 2300 c0f2 | 084d 80d2 | 094f 80d2 | 04b1 899a | 6568 64f8 | a504 0091 
  0x000000010a8a3ae8: 6568 24f8 | 8b09 0054 | e303 01aa 

  0x000000010a8a3af4: ;   {metadata(method data for {method} {0x0000000120219428} 'runAndReset' '()Z' in 'java/util/concurrent/FutureTask')}
  0x000000010a8a3af4: 0468 8cd2 | 8426 a4f2 | 2400 c0f2 | 8844 41f9 | 0805 0091 | 8844 01f9 

  0x000000010a8a3b0c: ;   {metadata(method data for {method} {0x00000001202194e8} 'handlePossibleCancellationInterrupt' '(I)V' in 'java/util/concurrent/FutureTask')}
  0x000000010a8a3b0c: 0378 8dd2 | 8326 a4f2 | 2300 c0f2 | 64ac 40b9 | 8408 0011 | 64ac 00b9 | 844c 1f12 | 9f00 0071 
  0x000000010a8a3b2c: 2033 0054 | 5f14 0071 

  0x000000010a8a3b34: ;   {metadata(method data for {method} {0x00000001202194e8} 'handlePossibleCancellationInterrupt' '(I)V' in 'java/util/concurrent/FutureTask')}
  0x000000010a8a3b34: 0378 8dd2 | 8326 a4f2 | 2300 c0f2 | e80f 7cb2 | e903 78b2 | 0411 899a | 6568 64f8 | a504 0091 
  0x000000010a8a3b54: 6568 24f8 | e0db 00b9 | 2105 0054 | 1a00 0014 

  0x000000010a8a3b64: ;   {metadata(method data for {method} {0x00000001202194e8} 'handlePossibleCancellationInterrupt' '(I)V' in 'java/util/concurrent/FutureTask')}
  0x000000010a8a3b64: 0378 8dd2 | 8326 a4f2 | 2300 c0f2 | 6898 40f9 | 0805 0091 | 6898 00f9 

  0x000000010a8a3b7c: ; ImmutableOopMap {[200]=Oop }
                      ;*invokestatic yield {reexecute=0 rethrow=0 return_oop=0}
                      ; - java.util.concurrent.FutureTask::handlePossibleCancellationInterrupt@13 (line 333)
                      ; - java.util.concurrent.FutureTask::runAndReset@80 (line 319)
                      ;   {static_call}
  0x000000010a8a3b7c: 61d6 ac95 

  0x000000010a8a3b80: ;   {metadata(method data for {method} {0x00000001202194e8} 'handlePossibleCancellationInterrupt' '(I)V' in 'java/util/concurrent/FutureTask')}
  0x000000010a8a3b80: 0078 8dd2 | 8026 a4f2 | 2000 c0f2 | 01b0 40b9 | 2108 0011 | 01b0 00b9 | 2130 1f12 | 3f00 0071 
  0x000000010a8a3ba0: 8030 0054 

  0x000000010a8a3ba4: ; ImmutableOopMap {[200]=Oop }
                      ;*goto {reexecute=1 rethrow=0 return_oop=0}
                      ; - (reexecute) java.util.concurrent.FutureTask::handlePossibleCancellationInterrupt@16 (line 333)
                      ; - java.util.concurrent.FutureTask::runAndReset@80 (line 319)
  0x000000010a8a3ba4: 88a7 41f9 

  0x000000010a8a3ba8: ;   {poll}
  0x000000010a8a3ba8: 1f01 40b9 

  0x000000010a8a3bac: ;   {metadata(method data for {method} {0x00000001202194e8} 'handlePossibleCancellationInterrupt' '(I)V' in 'java/util/concurrent/FutureTask')}
  0x000000010a8a3bac: 0078 8dd2 | 8026 a4f2 | 2000 c0f2 | 01a0 40f9 | 2104 0091 | 01a0 00f9 | e167 40f9 | bf3b 03d5 
  0x000000010a8a3bcc: 230c 40b9 | bf39 03d5 | 7f14 0071 

  0x000000010a8a3bd8: ;   {metadata(method data for {method} {0x00000001202194e8} 'handlePossibleCancellationInterrupt' '(I)V' in 'java/util/concurrent/FutureTask')}
  0x000000010a8a3bd8: 0378 8dd2 | 8326 a4f2 | 2300 c0f2 | 0824 80d2 | 0922 80d2 | 0401 899a | 6568 64f8 | a504 0091 
  0x000000010a8a3bf8: 6568 24f8 | 40fb ff54 

  0x000000010a8a3c00: ;   {metadata(method data for {method} {0x0000000120219428} 'runAndReset' '()Z' in 'java/util/concurrent/FutureTask')}
  0x000000010a8a3c00: 0068 8cd2 | 8026 a4f2 | 2000 c0f2 | 0160 41f9 | 2104 0091 | 0160 01f9 | e0db 40b9 | 1f00 0071 
  0x000000010a8a3c20: ;   {metadata(method data for {method} {0x0000000120219428} 'runAndReset' '()Z' in 'java/util/concurrent/FutureTask')}
  0x000000010a8a3c20: 0068 8cd2 | 8026 a4f2 | 2000 c0f2 | 0866 80d2 | 0968 80d2 | 0101 899a | 0268 61f8 | 4204 0091 
  0x000000010a8a3c40: 0268 21f8 | 200e 0054 | e2df 40b9 | 5f00 0071 

  0x000000010a8a3c50: ;   {metadata(method data for {method} {0x0000000120219428} 'runAndReset' '()Z' in 'java/util/concurrent/FutureTask')}
  0x000000010a8a3c50: 0068 8cd2 | 8026 a4f2 | 2000 c0f2 | 086a 80d2 | 096c 80d2 | 0111 899a | 0268 61f8 | 4204 0091 
  0x000000010a8a3c70: 0268 21f8 | a10c 0054 | 6600 0014 | 80eb 41f9 | 9feb 01f9 | 9fef 01f9 | e073 00f9 | e167 40f9 
  0x000000010a8a3c90: e203 1faa | 83e3 4039 | 7f00 0071 | a129 0054 | bf3b 03d5 | 48fc 43d3 | 2818 00b9 | bf3b 03d5 
  0x000000010a8a3cb0: 2300 02ca | 63fc 54d3 | 7f00 00f1 | 6129 0054 | bf3b 03d5 | 220c 40b9 | bf39 03d5 | 5f14 0071 
  0x000000010a8a3cd0: ;   {metadata(method data for {method} {0x0000000120219428} 'runAndReset' '()Z' in 'java/util/concurrent/FutureTask')}
  0x000000010a8a3cd0: 0368 8cd2 | 8326 a4f2 | 2300 c0f2 | 085b 80d2 | 095d 80d2 | 04b1 899a | 6568 64f8 | a504 0091 
  0x000000010a8a3cf0: 6568 24f8 | ab0b 0054 | e303 01aa 

  0x000000010a8a3cfc: ;   {metadata(method data for {method} {0x0000000120219428} 'runAndReset' '()Z' in 'java/util/concurrent/FutureTask')}
  0x000000010a8a3cfc: 0468 8cd2 | 8426 a4f2 | 2400 c0f2 | 887c 41f9 | 0805 0091 | 887c 01f9 

  0x000000010a8a3d14: ;   {metadata(method data for {method} {0x00000001202194e8} 'handlePossibleCancellationInterrupt' '(I)V' in 'java/util/concurrent/FutureTask')}
  0x000000010a8a3d14: 0378 8dd2 | 8326 a4f2 | 2300 c0f2 | 64ac 40b9 | 8408 0011 | 64ac 00b9 | 844c 1f12 | 9f00 0071 
  0x000000010a8a3d34: 2026 0054 | 5f14 0071 

  0x000000010a8a3d3c: ;   {metadata(method data for {method} {0x00000001202194e8} 'handlePossibleCancellationInterrupt' '(I)V' in 'java/util/concurrent/FutureTask')}
  0x000000010a8a3d3c: 0278 8dd2 | 8226 a4f2 | 2200 c0f2 | e80f 7cb2 | e903 78b2 | 0311 899a | 4468 63f8 | 8404 0091 
  0x000000010a8a3d5c: 4468 23f8 | 2108 0054 | 1a00 0014 

  0x000000010a8a3d68: ;   {metadata(method data for {method} {0x00000001202194e8} 'handlePossibleCancellationInterrupt' '(I)V' in 'java/util/concurrent/FutureTask')}
  0x000000010a8a3d68: 0278 8dd2 | 8226 a4f2 | 2200 c0f2 | 4898 40f9 | 0805 0091 | 4898 00f9 

  0x000000010a8a3d80: ; ImmutableOopMap {[224]=Oop [200]=Oop }
                      ;*invokestatic yield {reexecute=0 rethrow=0 return_oop=0}
                      ; - java.util.concurrent.FutureTask::handlePossibleCancellationInterrupt@13 (line 333)
                      ; - java.util.concurrent.FutureTask::runAndReset@105 (line 319)
                      ;   {static_call}
  0x000000010a8a3d80: e0d5 ac95 

  0x000000010a8a3d84: ;   {metadata(method data for {method} {0x00000001202194e8} 'handlePossibleCancellationInterrupt' '(I)V' in 'java/util/concurrent/FutureTask')}
  0x000000010a8a3d84: 0078 8dd2 | 8026 a4f2 | 2000 c0f2 | 03b0 40b9 | 6308 0011 | 03b0 00b9 | 6330 1f12 | 7f00 0071 
  0x000000010a8a3da4: a023 0054 

  0x000000010a8a3da8: ; ImmutableOopMap {[224]=Oop [200]=Oop }
                      ;*goto {reexecute=1 rethrow=0 return_oop=0}
                      ; - (reexecute) java.util.concurrent.FutureTask::handlePossibleCancellationInterrupt@16 (line 333)
                      ; - java.util.concurrent.FutureTask::runAndReset@105 (line 319)
  0x000000010a8a3da8: 88a7 41f9 

  0x000000010a8a3dac: ;   {poll}
  0x000000010a8a3dac: 1f01 40b9 

  0x000000010a8a3db0: ;   {metadata(method data for {method} {0x00000001202194e8} 'handlePossibleCancellationInterrupt' '(I)V' in 'java/util/concurrent/FutureTask')}
  0x000000010a8a3db0: 0078 8dd2 | 8026 a4f2 | 2000 c0f2 | 03a0 40f9 | 6304 0091 | 03a0 00f9 | e167 40f9 | bf3b 03d5 
  0x000000010a8a3dd0: 220c 40b9 | bf39 03d5 | 5f14 0071 

  0x000000010a8a3ddc: ;   {metadata(method data for {method} {0x00000001202194e8} 'handlePossibleCancellationInterrupt' '(I)V' in 'java/util/concurrent/FutureTask')}
  0x000000010a8a3ddc: 0278 8dd2 | 8226 a4f2 | 2200 c0f2 | 0822 80d2 | 0924 80d2 | 0311 899a | 4468 63f8 | 8404 0091 
  0x000000010a8a3dfc: 4468 23f8 | 2103 0054 | d9ff ff17 | 0000 a052 | 0800 0014 

  0x000000010a8a3e10: ;   {metadata(method data for {method} {0x0000000120219428} 'runAndReset' '()Z' in 'java/util/concurrent/FutureTask')}
  0x000000010a8a3e10: 0068 8cd2 | 8026 a4f2 | 2000 c0f2 | 03b8 41f9 | 6304 0091 | 03b8 01f9 | e003 0032 | 0000 0012 
  0x000000010a8a3e30: fd7b 51a9 | ff83 0491 

  0x000000010a8a3e38: ;   {poll_return}
  0x000000010a8a3e38: 88a3 41f9 | ff63 28eb | c81f 0054 | c003 5fd6 | 0000 a052 | fd7b 51a9 | ff83 0491 

  0x000000010a8a3e54: ;   {poll_return}
  0x000000010a8a3e54: 88a3 41f9 | ff63 28eb | 481f 0054 | c003 5fd6 | e073 40f9 | 0301 0014 

  0x000000010a8a3e6c: ; ImmutableOopMap {c_rarg5=Oop [200]=Oop }
                      ;*new {reexecute=0 rethrow=0 return_oop=0}
                      ; - java.lang.Class::cast@12 (line 3892)
                      ; - java.lang.invoke.VarHandleReferences$FieldInstanceReadWrite::compareAndSet@41 (line 183)
                      ; - java.lang.invoke.VarHandleGuards::guard_LLL_Z@50 (line 68)
                      ; - java.util.concurrent.FutureTask::runAndReset@15 (line 297)
                      ;   {runtime_call load_mirror_patching Runtime1 stub}
  0x000000010a8a3e6c: 65a5 af95 | 8087 40f9 | 0ba0 0091 | 888f 40f9 | 7f01 08eb | 881e 0054 | 8b87 00f9 | ea03 40b2 
  0x000000010a8a3e8c: 0a00 00f9 | 6a0c 5dd2 | 0a7c 0129 | 0a40 0091 | 5f01 00f9 | 5ffd 00a9 | bf3a 03d5 

  0x000000010a8a3ea8: ;   {oop(a 'java/lang/Class'{0x00000007ffe00f38} = 'java/lang/Thread')}
  0x000000010a8a3ea8: 01e7 81d2 | 01fc bff2 | e100 c0f2 | e203 01aa 

  0x000000010a8a3eb8: ;   {metadata(method data for {method} {0x000000780043eff8} 'cast' '(Ljava/lang/Object;)Ljava/lang/Object;' in 'java/lang/Class')}
  0x000000010a8a3eb8: 037b 89d2 | a302 a4f2 | 2300 c0f2 | 68b4 40f9 | 0805 0091 | 68b4 00f9 | e203 05aa | e077 00f9 
  0x000000010a8a3ed8: ; ImmutableOopMap {[200]=Oop [232]=Oop }
                      ;*invokevirtual cannotCastMsg {reexecute=0 rethrow=0 return_oop=0}
                      ; - java.lang.Class::cast@18 (line 3892)
                      ; - java.lang.invoke.VarHandleReferences$FieldInstanceReadWrite::compareAndSet@41 (line 183)
                      ; - java.lang.invoke.VarHandleGuards::guard_LLL_Z@50 (line 68)
                      ; - java.util.concurrent.FutureTask::runAndReset@15 (line 297)
                      ;   {optimized virtual_call}
  0x000000010a8a3ed8: 0ad4 ac95 | e277 40f9 

  0x000000010a8a3ee0: ;   {metadata(method data for {method} {0x000000780043eff8} 'cast' '(Ljava/lang/Object;)Ljava/lang/Object;' in 'java/lang/Class')}
  0x000000010a8a3ee0: 017b 89d2 | a102 a4f2 | 2100 c0f2 | 28d0 40f9 | 0805 0091 | 28d0 00f9 | e203 00aa | e177 40f9 
  0x000000010a8a3f00: ; ImmutableOopMap {[200]=Oop [232]=Oop }
                      ;*invokespecial <init> {reexecute=0 rethrow=0 return_oop=0}
                      ; - java.lang.Class::cast@21 (line 3892)
                      ; - java.lang.invoke.VarHandleReferences$FieldInstanceReadWrite::compareAndSet@41 (line 183)
                      ; - java.lang.invoke.VarHandleGuards::guard_LLL_Z@50 (line 68)
                      ; - java.util.concurrent.FutureTask::runAndReset@15 (line 297)
                      ;   {optimized virtual_call}
  0x000000010a8a3f00: 00d4 ac95 | e077 40f9 | db00 0014 | e57f 00f9 

  0x000000010a8a3f10: ; ImmutableOopMap {c_rarg1=Oop [200]=Oop [248]=Oop }
                      ;*new {reexecute=0 rethrow=0 return_oop=0}
                      ; - java.lang.Class::cast@12 (line 3892)
                      ; - java.lang.invoke.VarHandleReferences$FieldInstanceReadWrite::compareAndSet@15 (line 180)
                      ; - java.lang.invoke.VarHandleGuards::guard_LLL_Z@50 (line 68)
                      ; - java.util.concurrent.FutureTask::runAndReset@15 (line 297)
                      ;   {runtime_call load_mirror_patching Runtime1 stub}
  0x000000010a8a3f10: 3ca5 af95 | 8087 40f9 | 0ba0 0091 | 888f 40f9 | 7f01 08eb | a819 0054 | 8b87 00f9 | ea03 40b2 
  0x000000010a8a3f30: 0a00 00f9 | 6a0c 5dd2 | 0a7c 0129 | 0a40 0091 | 5f01 00f9 | 5ffd 00a9 | bf3a 03d5 

  0x000000010a8a3f4c: ;   {oop(a 'java/lang/Class'{0x00000007809cfb20} = 'java/util/concurrent/FutureTask')}
  0x000000010a8a3f4c: 0364 9fd2 | 8313 b0f2 | e300 c0f2 | e203 03aa 

  0x000000010a8a3f5c: ;   {metadata(method data for {method} {0x000000780043eff8} 'cast' '(Ljava/lang/Object;)Ljava/lang/Object;' in 'java/lang/Class')}
  0x000000010a8a3f5c: 047b 89d2 | a402 a4f2 | 2400 c0f2 | 88b4 40f9 | 0805 0091 | 88b4 00f9 | e203 01aa | e103 03aa 
  0x000000010a8a3f7c: e07b 00f9 

  0x000000010a8a3f80: ; ImmutableOopMap {[200]=Oop [240]=Oop [248]=Oop }
                      ;*invokevirtual cannotCastMsg {reexecute=0 rethrow=0 return_oop=0}
                      ; - java.lang.Class::cast@18 (line 3892)
                      ; - java.lang.invoke.VarHandleReferences$FieldInstanceReadWrite::compareAndSet@15 (line 180)
                      ; - java.lang.invoke.VarHandleGuards::guard_LLL_Z@50 (line 68)
                      ; - java.util.concurrent.FutureTask::runAndReset@15 (line 297)
                      ;   {optimized virtual_call}
  0x000000010a8a3f80: e0d3 ac95 | e27b 40f9 

  0x000000010a8a3f88: ;   {metadata(method data for {method} {0x000000780043eff8} 'cast' '(Ljava/lang/Object;)Ljava/lang/Object;' in 'java/lang/Class')}
  0x000000010a8a3f88: 017b 89d2 | a102 a4f2 | 2100 c0f2 | 28d0 40f9 | 0805 0091 | 28d0 00f9 | e203 00aa | e17b 40f9 
  0x000000010a8a3fa8: ; ImmutableOopMap {[200]=Oop [240]=Oop [248]=Oop }
                      ;*invokespecial <init> {reexecute=0 rethrow=0 return_oop=0}
                      ; - java.lang.Class::cast@21 (line 3892)
                      ; - java.lang.invoke.VarHandleReferences$FieldInstanceReadWrite::compareAndSet@15 (line 180)
                      ; - java.lang.invoke.VarHandleGuards::guard_LLL_Z@50 (line 68)
                      ; - java.util.concurrent.FutureTask::runAndReset@15 (line 297)
                      ;   {optimized virtual_call}
  0x000000010a8a3fa8: d6d3 ac95 | e07b 40f9 | b100 0014 

  0x000000010a8a3fb4: ;   {metadata({method} {0x0000000120219428} 'runAndReset' '()Z' in 'java/util/concurrent/FutureTask')}
  0x000000010a8a3fb4: 0885 92d2 | 2804 a4f2 | 2800 c0f2 | e807 00f9 | 0800 8092 | e803 00f9 

  0x000000010a8a3fcc: ; ImmutableOopMap {c_rarg1=Oop [200]=Oop }
                      ;*synchronization entry
                      ; - java.util.concurrent.FutureTask::runAndReset@-1 (line 296)
                      ;   {runtime_call counter_overflow Runtime1 stub}
  0x000000010a8a3fcc: 4da7 af95 | bbfb ff17 

  0x000000010a8a3fd4: ;   {metadata({method} {0x0000007800181660} 'guard_LLL_Z' '(Ljava/lang/invoke/VarHandle;Ljava/lang/Object;Ljava/lang/Object;Ljava/lang/Object;Ljava/lang/invoke/VarHandle$AccessDescriptor;)Z' in 'java/lang/invoke/VarHandleGuards')}
  0x000000010a8a3fd4: 08cc 82d2 | 0803 a0f2 | 080f c0f2 | e807 00f9 | 0800 8092 | e803 00f9 

  0x000000010a8a3fec: ; ImmutableOopMap {c_rarg1=Oop [200]=Oop c_rarg5=Oop c_rarg2=Oop }
                      ;*synchronization entry
                      ; - java.lang.invoke.VarHandleGuards::guard_LLL_Z@-1 (line 66)
                      ; - java.util.concurrent.FutureTask::runAndReset@15 (line 297)
                      ;   {runtime_call counter_overflow Runtime1 stub}
  0x000000010a8a3fec: 45a7 af95 | fefb ff17 

  0x000000010a8a3ff4: ;   {metadata({method} {0x00000078000c6048} 'checkExactAccessMode' '(Ljava/lang/invoke/VarHandle$AccessDescriptor;)V' in 'java/lang/invoke/VarHandle')}
  0x000000010a8a3ff4: 0809 8cd2 | 8801 a0f2 | 080f c0f2 | e807 00f9 | 0800 8092 | e803 00f9 

  0x000000010a8a400c: ; ImmutableOopMap {c_rarg1=Oop [200]=Oop c_rarg5=Oop }
                      ;*synchronization entry
                      ; - java.lang.invoke.VarHandle::checkExactAccessMode@-1 (line 2042)
                      ; - java.lang.invoke.VarHandleGuards::guard_LLL_Z@3 (line 66)
                      ; - java.util.concurrent.FutureTask::runAndReset@15 (line 297)
                      ;   {runtime_call counter_overflow Runtime1 stub}
  0x000000010a8a400c: 3da7 af95 | 10fc ff17 

  0x000000010a8a4014: ;   {metadata({method} {0x00000078000c0d10} 'isDirect' '()Z' in 'java/lang/invoke/VarHandle')}
  0x000000010a8a4014: 08a2 81d2 | 8801 a0f2 | 080f c0f2 | e807 00f9 | 0800 8092 | e803 00f9 

  0x000000010a8a402c: ; ImmutableOopMap {c_rarg1=Oop [200]=Oop c_rarg5=Oop }
                      ;*synchronization entry
                      ; - java.lang.invoke.VarHandle::isDirect@-1 (line 497)
                      ; - java.lang.invoke.VarHandleGuards::guard_LLL_Z@7 (line 67)
                      ; - java.util.concurrent.FutureTask::runAndReset@15 (line 297)
                      ;   {runtime_call counter_overflow Runtime1 stub}
  0x000000010a8a402c: 35a7 af95 | 42fc ff17 

  0x000000010a8a4034: ;   {metadata({method} {0x000000780017f3c8} 'getMemberName' '(I)Ljava/lang/invoke/MemberName;' in 'java/lang/invoke/VarForm')}
  0x000000010a8a4034: 0879 9ed2 | e802 a0f2 | 080f c0f2 | e807 00f9 | 0800 8092 | e803 00f9 

  0x000000010a8a404c: ; ImmutableOopMap {c_rarg1=Oop [200]=Oop c_rarg5=Oop }
                      ;*synchronization entry
                      ; - java.lang.invoke.VarForm::getMemberName@-1 (line 114)
                      ; - java.lang.invoke.VarHandleGuards::guard_LLL_Z@47 (line 68)
                      ; - java.util.concurrent.FutureTask::runAndReset@15 (line 297)
                      ;   {runtime_call counter_overflow Runtime1 stub}
  0x000000010a8a404c: 2da7 af95 | 58fc ff17 

  0x000000010a8a4054: ;   {metadata({method} {0x00000078000c1898} 'compareAndSet' '(Ljava/lang/invoke/VarHandle;Ljava/lang/Object;Ljava/lang/Object;Ljava/lang/Object;)Z' in 'java/lang/invoke/VarHandleReferences$FieldInstanceReadWrite')}
  0x000000010a8a4054: 0813 83d2 | 8801 a0f2 | 080f c0f2 | e807 00f9 | 0800 8092 | e803 00f9 

  0x000000010a8a406c: ; ImmutableOopMap {c_rarg1=Oop [200]=Oop c_rarg5=Oop }
                      ;*synchronization entry
                      ; - java.lang.invoke.VarHandleReferences$FieldInstanceReadWrite::compareAndSet@-1 (line 179)
                      ; - java.lang.invoke.VarHandleGuards::guard_LLL_Z@50 (line 68)
                      ; - java.util.concurrent.FutureTask::runAndReset@15 (line 297)
                      ;   {runtime_call counter_overflow Runtime1 stub}
  0x000000010a8a406c: 25a7 af95 | 7bfc ff17 

  0x000000010a8a4074: ;   {metadata({method} {0x000000780043eff8} 'cast' '(Ljava/lang/Object;)Ljava/lang/Object;' in 'java/lang/Class')}
  0x000000010a8a4074: 08ff 9dd2 | 6808 a0f2 | 080f c0f2 | e807 00f9 | 0800 8092 | e803 00f9 

  0x000000010a8a408c: ; ImmutableOopMap {c_rarg1=Oop [200]=Oop c_rarg5=Oop }
                      ;*synchronization entry
                      ; - java.lang.Class::cast@-1 (line 3891)
                      ; - java.lang.invoke.VarHandleReferences$FieldInstanceReadWrite::compareAndSet@15 (line 180)
                      ; - java.lang.invoke.VarHandleGuards::guard_LLL_Z@50 (line 68)
                      ; - java.util.concurrent.FutureTask::runAndReset@15 (line 297)
                      ;   {runtime_call counter_overflow Runtime1 stub}
  0x000000010a8a408c: 1da7 af95 | 85fc ff17 

  0x000000010a8a4094: ;   {metadata({method} {0x0000007800073438} 'requireNonNull' '(Ljava/lang/Object;)Ljava/lang/Object;' in 'java/util/Objects')}
  0x000000010a8a4094: 0887 86d2 | e800 a0f2 | 080f c0f2 | e807 00f9 | 0800 8092 | e803 00f9 

  0x000000010a8a40ac: ; ImmutableOopMap {c_rarg1=Oop [200]=Oop c_rarg5=Oop }
                      ;*synchronization entry
                      ; - java.util.Objects::requireNonNull@-1 (line 208)
                      ; - java.lang.invoke.VarHandleReferences$FieldInstanceReadWrite::compareAndSet@18 (line 180)
                      ; - java.lang.invoke.VarHandleGuards::guard_LLL_Z@50 (line 68)
                      ; - java.util.concurrent.FutureTask::runAndReset@15 (line 297)
                      ;   {runtime_call counter_overflow Runtime1 stub}
  0x000000010a8a40ac: 15a7 af95 | b3fc ff17 

  0x000000010a8a40b4: ;   {metadata({method} {0x000000780043eff8} 'cast' '(Ljava/lang/Object;)Ljava/lang/Object;' in 'java/lang/Class')}
  0x000000010a8a40b4: 08ff 9dd2 | 6808 a0f2 | 080f c0f2 | e807 00f9 | 0800 8092 | e803 00f9 

  0x000000010a8a40cc: ; ImmutableOopMap {c_rarg1=Oop [200]=Oop c_rarg5=Oop }
                      ;*synchronization entry
                      ; - java.lang.Class::cast@-1 (line 3891)
                      ; - java.lang.invoke.VarHandleReferences$FieldInstanceReadWrite::compareAndSet@32 (line 182)
                      ; - java.lang.invoke.VarHandleGuards::guard_LLL_Z@50 (line 68)
                      ; - java.util.concurrent.FutureTask::runAndReset@15 (line 297)
                      ;   {runtime_call counter_overflow Runtime1 stub}
  0x000000010a8a40cc: 0da7 af95 | c3fc ff17 

  0x000000010a8a40d4: ;   {metadata({method} {0x000000780043eff8} 'cast' '(Ljava/lang/Object;)Ljava/lang/Object;' in 'java/lang/Class')}
  0x000000010a8a40d4: 08ff 9dd2 | 6808 a0f2 | 080f c0f2 | e807 00f9 | 0800 8092 | e803 00f9 

  0x000000010a8a40ec: ; ImmutableOopMap {c_rarg1=Oop [200]=Oop c_rarg5=Oop }
                      ;*synchronization entry
                      ; - java.lang.Class::cast@-1 (line 3891)
                      ; - java.lang.invoke.VarHandleReferences$FieldInstanceReadWrite::compareAndSet@41 (line 183)
                      ; - java.lang.invoke.VarHandleGuards::guard_LLL_Z@50 (line 68)
                      ; - java.util.concurrent.FutureTask::runAndReset@15 (line 297)
                      ;   {runtime_call counter_overflow Runtime1 stub}
  0x000000010a8a40ec: 05a7 af95 | d3fc ff17 | 0200 40b9 | 42f0 7dd3 | 42a0 ffb4 | e203 00f9 

  0x000000010a8a4104: ;   {runtime_call g1_pre_barrier_slow}
  0x000000010a8a4104: 7fa8 af95 | fffc ff17 | 65a1 ffb4 | e003 00f9 

  0x000000010a8a4114: ;   {runtime_call g1_post_barrier_slow}
  0x000000010a8a4114: 3ba9 af95 | 08fd ff17 

  0x000000010a8a411c: ; ImmutableOopMap {[200]=Oop c_rarg2=Oop }
                      ;*invokeinterface call {reexecute=0 rethrow=0 return_oop=0}
                      ; - java.util.concurrent.FutureTask::runAndReset@44 (line 305)
                      ;   {runtime_call throw_null_pointer_exception Runtime1 stub}
  0x000000010a8a411c: 7990 af95 

  0x000000010a8a4120: ;   {metadata({method} {0x00000001202190f8} 'setException' '(Ljava/lang/Throwable;)V' in 'java/util/concurrent/FutureTask')}
  0x000000010a8a4120: 081f 92d2 | 2804 a4f2 | 2800 c0f2 | e807 00f9 | 0800 8092 | e803 00f9 

  0x000000010a8a4138: ; ImmutableOopMap {c_rarg1=Oop [200]=Oop c_rarg0=Oop }
                      ;*synchronization entry
                      ; - java.util.concurrent.FutureTask::setException@-1 (line 247)
                      ; - java.util.concurrent.FutureTask::runAndReset@60 (line 308)
                      ;   {runtime_call counter_overflow Runtime1 stub}
  0x000000010a8a4138: f2a6 af95 | 9afd ff17 | 2214 40b9 | 42f0 7dd3 | 62be ffb4 | e203 00f9 

  0x000000010a8a4150: ;   {runtime_call g1_pre_barrier_slow}
  0x000000010a8a4150: 6ca8 af95 | f0fd ff17 | a0be ffb4 | e103 00f9 

  0x000000010a8a4160: ;   {runtime_call g1_post_barrier_slow}
  0x000000010a8a4160: 28a9 af95 | f2fd ff17 | 2318 40b9 | 63f0 7dd3 | 23c9 ffb4 | e303 00f9 

  0x000000010a8a4178: ;   {runtime_call g1_pre_barrier_slow}
  0x000000010a8a4178: 62a8 af95 | 46fe ff17 | a2c9 ffb4 | e103 00f9 

  0x000000010a8a4188: ;   {runtime_call g1_post_barrier_slow}
  0x000000010a8a4188: 1ea9 af95 | 4afe ff17 

  0x000000010a8a4190: ;   {metadata({method} {0x00000001202194e8} 'handlePossibleCancellationInterrupt' '(I)V' in 'java/util/concurrent/FutureTask')}
  0x000000010a8a4190: 089d 92d2 | 2804 a4f2 | 2800 c0f2 | e807 00f9 | 0800 8092 | e803 00f9 

  0x000000010a8a41a8: ; ImmutableOopMap {c_rarg1=Oop [200]=Oop }
                      ;*synchronization entry
                      ; - java.util.concurrent.FutureTask::handlePossibleCancellationInterrupt@-1 (line 331)
                      ; - java.util.concurrent.FutureTask::runAndReset@80 (line 319)
                      ;   {runtime_call counter_overflow Runtime1 stub}
  0x000000010a8a41a8: d6a6 af95 | 61fe ff17 

  0x000000010a8a41b0: ;   {metadata({method} {0x00000001202194e8} 'handlePossibleCancellationInterrupt' '(I)V' in 'java/util/concurrent/FutureTask')}
  0x000000010a8a41b0: 089d 92d2 | 2804 a4f2 | 2800 c0f2 | e807 00f9 | e803 7cb2 | e803 00f9 

  0x000000010a8a41c8: ; ImmutableOopMap {[200]=Oop }
                      ;*goto {reexecute=1 rethrow=0 return_oop=0}
                      ; - (reexecute) java.util.concurrent.FutureTask::handlePossibleCancellationInterrupt@16 (line 333)
                      ; - java.util.concurrent.FutureTask::runAndReset@80 (line 319)
                      ;   {runtime_call counter_overflow Runtime1 stub}
  0x000000010a8a41c8: cea6 af95 | 76fe ff17 | 2318 40b9 | 63f0 7dd3 | 43d6 ffb4 | e303 00f9 

  0x000000010a8a41e0: ;   {runtime_call g1_pre_barrier_slow}
  0x000000010a8a41e0: 48a8 af95 | affe ff17 | c2d6 ffb4 | e103 00f9 

  0x000000010a8a41f0: ;   {runtime_call g1_post_barrier_slow}
  0x000000010a8a41f0: 04a9 af95 | b3fe ff17 

  0x000000010a8a41f8: ;   {metadata({method} {0x00000001202194e8} 'handlePossibleCancellationInterrupt' '(I)V' in 'java/util/concurrent/FutureTask')}
  0x000000010a8a41f8: 089d 92d2 | 2804 a4f2 | 2800 c0f2 | e807 00f9 | 0800 8092 | e803 00f9 

  0x000000010a8a4210: ; ImmutableOopMap {c_rarg0=Oop [224]=Oop c_rarg1=Oop [200]=Oop }
                      ;*synchronization entry
                      ; - java.util.concurrent.FutureTask::handlePossibleCancellationInterrupt@-1 (line 331)
                      ; - java.util.concurrent.FutureTask::runAndReset@105 (line 319)
                      ;   {runtime_call counter_overflow Runtime1 stub}
  0x000000010a8a4210: bca6 af95 | c9fe ff17 

  0x000000010a8a4218: ;   {metadata({method} {0x00000001202194e8} 'handlePossibleCancellationInterrupt' '(I)V' in 'java/util/concurrent/FutureTask')}
  0x000000010a8a4218: 089d 92d2 | 2804 a4f2 | 2800 c0f2 | e807 00f9 | e803 7cb2 | e803 00f9 

  0x000000010a8a4230: ; ImmutableOopMap {[224]=Oop [200]=Oop }
                      ;*goto {reexecute=1 rethrow=0 return_oop=0}
                      ; - (reexecute) java.util.concurrent.FutureTask::handlePossibleCancellationInterrupt@16 (line 333)
                      ; - java.util.concurrent.FutureTask::runAndReset@105 (line 319)
                      ;   {runtime_call counter_overflow Runtime1 stub}
  0x000000010a8a4230: b4a6 af95 | ddfe ff17 

  0x000000010a8a4238: ;   {internal_word}
  0x000000010a8a4238: 08e0 ff10 | 88af 01f9 

  0x000000010a8a4240: ;   {runtime_call SafepointBlob}
  0x000000010a8a4240: f0eb ac15 

  0x000000010a8a4244: ;   {internal_word}
  0x000000010a8a4244: 88e0 ff10 | 88af 01f9 

  0x000000010a8a424c: ;   {runtime_call SafepointBlob}
  0x000000010a8a424c: edeb ac15 

  0x000000010a8a4250: ; ImmutableOopMap {c_rarg5=Oop [200]=Oop }
                      ;*new {reexecute=0 rethrow=0 return_oop=0}
                      ; - java.lang.Class::cast@12 (line 3892)
                      ; - java.lang.invoke.VarHandleReferences$FieldInstanceReadWrite::compareAndSet@41 (line 183)
                      ; - java.lang.invoke.VarHandleGuards::guard_LLL_Z@50 (line 68)
                      ; - java.util.concurrent.FutureTask::runAndReset@15 (line 297)
                      ;   {runtime_call fast_new_instance Runtime1 stub}
  0x000000010a8a4250: 2c93 af95 | 15ff ff17 

  0x000000010a8a4258: ; ImmutableOopMap {c_rarg1=Oop [200]=Oop [248]=Oop }
                      ;*new {reexecute=0 rethrow=0 return_oop=0}
                      ; - java.lang.Class::cast@12 (line 3892)
                      ; - java.lang.invoke.VarHandleReferences$FieldInstanceReadWrite::compareAndSet@15 (line 180)
                      ; - java.lang.invoke.VarHandleGuards::guard_LLL_Z@50 (line 68)
                      ; - java.util.concurrent.FutureTask::runAndReset@15 (line 297)
                      ;   {runtime_call fast_new_instance Runtime1 stub}
  0x000000010a8a4258: 2a93 af95 | 3cff ff17 | 1f20 03d5 | 1f20 03d5 | 80eb 41f9 | 9feb 01f9 | 9fef 01f9 | fd7b 51a9 
  0x000000010a8a4278: ff83 0491 

  0x000000010a8a427c: ;   {runtime_call unwind_exception Runtime1 stub}
  0x000000010a8a427c: a18e af15 
[Stub Code]
  0x000000010a8a4280: ;   {no_reloc}
  0x000000010a8a4280: df3f 03d5 

  0x000000010a8a4284: ;   {metadata(NULL)}
  0x000000010a8a4284: 0c00 80d2 | 0c00 a0f2 | 0c00 c0f2 | 0800 80d2 | 0800 a0f2 | 0800 c0f2 | 0001 1fd6 

  0x000000010a8a42a0: ;   {trampoline_stub}
  0x000000010a8a42a0: 4800 0058 | 0001 1fd6 | c04d 8a0a | 0100 0000 

  0x000000010a8a42b0: ;   {static_stub}
  0x000000010a8a42b0: df3f 03d5 

  0x000000010a8a42b4: ;   {metadata(NULL)}
  0x000000010a8a42b4: 0c00 80d2 | 0c00 a0f2 | 0c00 c0f2 | 0800 80d2 | 0800 a0f2 | 0800 c0f2 | 0001 1fd6 

  0x000000010a8a42d0: ;   {trampoline_stub}
  0x000000010a8a42d0: 4800 0058 | 0001 1fd6 | 008f 3d11 | 0100 0000 

  0x000000010a8a42e0: ;   {static_stub}
  0x000000010a8a42e0: df3f 03d5 

  0x000000010a8a42e4: ;   {metadata(NULL)}
  0x000000010a8a42e4: 0c00 80d2 | 0c00 a0f2 | 0c00 c0f2 | 0800 80d2 | 0800 a0f2 | 0800 c0f2 | 0001 1fd6 

  0x000000010a8a4300: ;   {trampoline_stub}
  0x000000010a8a4300: 4800 0058 | 0001 1fd6 | 008f 3d11 | 0100 0000 

  0x000000010a8a4310: ;   {static_stub}
  0x000000010a8a4310: df3f 03d5 

  0x000000010a8a4314: ;   {metadata(NULL)}
  0x000000010a8a4314: 0c00 80d2 | 0c00 a0f2 | 0c00 c0f2 | 0800 80d2 | 0800 a0f2 | 0800 c0f2 | 0001 1fd6 

  0x000000010a8a4330: ;   {trampoline_stub}
  0x000000010a8a4330: 4800 0058 | 0001 1fd6 | 008f 3d11 | 0100 0000 

  0x000000010a8a4340: ;   {static_stub}
  0x000000010a8a4340: df3f 03d5 

  0x000000010a8a4344: ;   {metadata(NULL)}
  0x000000010a8a4344: 0c00 80d2 | 0c00 a0f2 | 0c00 c0f2 | 0800 80d2 | 0800 a0f2 | 0800 c0f2 | 0001 1fd6 

  0x000000010a8a4360: ;   {trampoline_stub}
  0x000000010a8a4360: 4800 0058 | 0001 1fd6 | 0095 3d11 | 0100 0000 

  0x000000010a8a4370: ;   {static_stub}
  0x000000010a8a4370: df3f 03d5 

  0x000000010a8a4374: ;   {metadata(NULL)}
  0x000000010a8a4374: 0c00 80d2 | 0c00 a0f2 | 0c00 c0f2 | 0800 80d2 | 0800 a0f2 | 0800 c0f2 | 0001 1fd6 

  0x000000010a8a4390: ;   {trampoline_stub}
  0x000000010a8a4390: 4800 0058 | 0001 1fd6 | 0095 3d11 | 0100 0000 

  0x000000010a8a43a0: ;   {static_stub}
  0x000000010a8a43a0: df3f 03d5 

  0x000000010a8a43a4: ;   {metadata(NULL)}
  0x000000010a8a43a4: 0c00 80d2 | 0c00 a0f2 | 0c00 c0f2 | 0800 80d2 | 0800 a0f2 | 0800 c0f2 | 0001 1fd6 

  0x000000010a8a43c0: ;   {trampoline_stub}
  0x000000010a8a43c0: 4800 0058 | 0001 1fd6 | 008f 3d11 | 0100 0000 

  0x000000010a8a43d0: ;   {static_stub}
  0x000000010a8a43d0: df3f 03d5 

  0x000000010a8a43d4: ;   {metadata(NULL)}
  0x000000010a8a43d4: 0c00 80d2 | 0c00 a0f2 | 0c00 c0f2 | 0800 80d2 | 0800 a0f2 | 0800 c0f2 | 0001 1fd6 

  0x000000010a8a43f0: ;   {trampoline_stub}
  0x000000010a8a43f0: 4800 0058 | 0001 1fd6 | 008f 3d11 | 0100 0000 

  0x000000010a8a4400: ;   {static_stub}
  0x000000010a8a4400: df3f 03d5 

  0x000000010a8a4404: ;   {metadata(NULL)}
  0x000000010a8a4404: 0c00 80d2 | 0c00 a0f2 | 0c00 c0f2 | 0800 80d2 | 0800 a0f2 | 0800 c0f2 | 0001 1fd6 

  0x000000010a8a4420: ;   {trampoline_stub}
  0x000000010a8a4420: 4800 0058 | 0001 1fd6 | 008f 3d11 | 0100 0000 

  0x000000010a8a4430: ;   {static_stub}
  0x000000010a8a4430: df3f 03d5 

  0x000000010a8a4434: ;   {metadata(NULL)}
  0x000000010a8a4434: 0c00 80d2 | 0c00 a0f2 | 0c00 c0f2 | 0800 80d2 | 0800 a0f2 | 0800 c0f2 | 0001 1fd6 

  0x000000010a8a4450: ;   {trampoline_stub}
  0x000000010a8a4450: 4800 0058 | 0001 1fd6 | 008f 3d11 | 0100 0000 
[Exception Handler]
  0x000000010a8a4460: ;   {runtime_call handle_exception_from_callee Runtime1 stub}
  0x000000010a8a4460: 289a af95 | c1d5 bbd4 | 8193 d701 | 0100 0000 
[Deopt Handler Code]
  0x000000010a8a4470: 1e00 0010 

  0x000000010a8a4474: ;   {runtime_call DeoptimizationBlob}
  0x000000010a8a4474: 33ec ac15 
[/MachCode]


---------------  P R O C E S S  ---------------

Threads class SMR info:
_java_thread_list=0x000060000099fb80, length=22, elements={
0x0000000137809a00, 0x0000000140821800, 0x0000000140819400, 0x000000013708c000,
0x0000000137015c00, 0x0000000137016200, 0x0000000126008200, 0x000000012700a400,
0x000000012683ac00, 0x0000000137809200, 0x000000011f863c00, 0x0000000140823a00,
0x0000000136816c00, 0x000000012600a400, 0x0000000137017000, 0x000000013723f000,
0x0000000140a37600, 0x0000000140a46200, 0x0000000137aed600, 0x0000000136b54800,
0x000000013751a000, 0x000000017784e400
}

Java Threads: ( => current thread )
  0x0000000137809a00 JavaThread "main" [_thread_blocked, id=4355, stack(0x000000016f750000,0x000000016f953000)]
  0x0000000140821800 JavaThread "Reference Handler" daemon [_thread_blocked, id=31235, stack(0x00000001705a4000,0x00000001707a7000)]
  0x0000000140819400 JavaThread "Finalizer" daemon [_thread_blocked, id=30979, stack(0x00000001707b0000,0x00000001709b3000)]
  0x000000013708c000 JavaThread "Signal Dispatcher" daemon [_thread_blocked, id=28419, stack(0x0000000170ad4000,0x0000000170cd7000)]
  0x0000000137015c00 JavaThread "Service Thread" daemon [_thread_blocked, id=24323, stack(0x0000000170ce0000,0x0000000170ee3000)]
  0x0000000137016200 JavaThread "Monitor Deflation Thread" daemon [_thread_blocked, id=27907, stack(0x0000000170eec000,0x00000001710ef000)]
  0x0000000126008200 JavaThread "C2 CompilerThread0" daemon [_thread_in_native, id=27651, stack(0x00000001710f8000,0x00000001712fb000)]
  0x000000012700a400 JavaThread "C1 CompilerThread0" daemon [_thread_blocked, id=25091, stack(0x0000000171304000,0x0000000171507000)]
  0x000000012683ac00 JavaThread "Sweeper thread" daemon [_thread_blocked, id=25347, stack(0x0000000171510000,0x0000000171713000)]
  0x0000000137809200 JavaThread "Common-Cleaner" daemon [_thread_blocked, id=27139, stack(0x000000017171c000,0x000000017191f000)]
  0x000000011f863c00 JavaThread "Monitor Ctrl-Break" daemon [_thread_in_native, id=26115, stack(0x0000000171928000,0x0000000171b2b000)]
  0x0000000140823a00 JavaThread "Notification Thread" daemon [_thread_blocked, id=26883, stack(0x0000000171b34000,0x0000000171d37000)]
  0x0000000136816c00 JavaThread "JavaFX-Launcher" [_thread_blocked, id=33283, stack(0x0000000171f4c000,0x000000017214f000)]
  0x000000012600a400 JavaThread "QuantumRenderer-0" daemon [_thread_blocked, id=43011, stack(0x0000000172158000,0x000000017235b000)]
  0x0000000137017000 JavaThread "InvokeLaterDispatcher" daemon [_thread_blocked, id=65291, stack(0x0000000172364000,0x0000000172567000)]
  0x000000013723f000 JavaThread "JavaFX Application Thread" [_thread_in_native, id=259, stack(0x000000016eec8000,0x000000016f6c4000)]
  0x0000000140a37600 JavaThread "Prism Font Disposer" daemon [_thread_blocked, id=65547, stack(0x0000000172714000,0x0000000172917000)]
  0x0000000140a46200 JavaThread "mysql-cj-abandoned-connection-cleanup" daemon [_thread_blocked, id=57095, stack(0x0000000172920000,0x0000000172b23000)]
  0x0000000137aed600 JavaThread "Cleaner-0" daemon [_thread_blocked, id=77067, stack(0x0000000173a98000,0x0000000173c9b000)]
  0x0000000136b54800 JavaThread "JavaCPP Deallocator" daemon [_thread_blocked, id=122895, stack(0x0000000173eb0000,0x00000001740b3000)]
=>0x000000013751a000 JavaThread "FaceCapture-Thread" daemon [_thread_in_native, id=167711, stack(0x0000000336efc000,0x00000003370ff000)]
  0x000000017784e400 JavaThread "PulseTimer-CVDisplayLink thread" daemon [_thread_in_native, id=124027, stack(0x0000000172570000,0x00000001725f3000)]

Other Threads:
  0x0000000140205130 VMThread "VM Thread" [stack: 0x0000000170398000,0x000000017059b000] [id=17923]
  0x000000014010b030 WatcherThread [stack: 0x0000000171d40000,0x0000000171f43000] [id=32771]
  0x0000000136705fc0 GCTaskThread "GC Thread#0" [stack: 0x000000016f95c000,0x000000016fb5f000] [id=13315]
  0x000000014021aed0 GCTaskThread "GC Thread#1" [stack: 0x0000000172b2c000,0x0000000172d2f000] [id=68099]
  0x000000014021b350 GCTaskThread "GC Thread#2" [stack: 0x0000000172d38000,0x0000000172f3b000] [id=68355]
  0x000000014021b7d0 GCTaskThread "GC Thread#3" [stack: 0x0000000172f44000,0x0000000173147000] [id=81155]
  0x000000014021c040 GCTaskThread "GC Thread#4" [stack: 0x0000000173150000,0x0000000173353000] [id=68867]
  0x000000014021c8b0 GCTaskThread "GC Thread#5" [stack: 0x000000017335c000,0x000000017355f000] [id=69123]
  0x0000000136733110 GCTaskThread "GC Thread#6" [stack: 0x0000000173568000,0x000000017376b000] [id=79879]
  0x0000000136733590 GCTaskThread "GC Thread#7" [stack: 0x0000000173774000,0x0000000173977000] [id=69635]
  0x0000000136706670 ConcurrentGCThread "G1 Main Marker" [stack: 0x000000016fb68000,0x000000016fd6b000] [id=14851]
  0x0000000140404080 ConcurrentGCThread "G1 Conc#0" [stack: 0x000000016fd74000,0x000000016ff77000] [id=13827]
  0x00000001402b8620 ConcurrentGCThread "G1 Conc#1" [stack: 0x0000000173ca4000,0x0000000173ea7000] [id=95103]
  0x0000000136706f00 ConcurrentGCThread "G1 Refine#0" [stack: 0x000000016ff80000,0x0000000170183000] [id=21507]
  0x00000001367077a0 ConcurrentGCThread "G1 Service" [stack: 0x000000017018c000,0x000000017038f000] [id=16643]

Threads with active compile tasks:
C2 CompilerThread0  66357 5053       4       javafx.css.CompoundSelector::applies (144 bytes)

VM state: not at safepoint (normal execution)

VM Mutex/Monitor currently owned by a thread: None

Heap address: 0x0000000780000000, size: 2048 MB, Compressed Oops mode: Zero based, Oop shift amount: 3

CDS archive(s) mapped at: [0x0000007800000000-0x0000007800bc0000-0x0000007800bc0000), size 12320768, SharedBaseAddress: 0x0000007800000000, ArchiveRelocationMode: 1.
Compressed class space mapped at: 0x0000007801000000-0x0000007841000000, reserved size: 1073741824
Narrow klass base: 0x0000007800000000, Narrow klass shift: 0, Narrow klass range: 0x100000000

GC Precious Log:
 CPUs: 8 total, 8 available
 Memory: 8192M
 Large Page Support: Disabled
 NUMA Support: Disabled
 Compressed Oops: Enabled (Zero based)
 Heap Region Size: 1M
 Heap Min Capacity: 8M
 Heap Initial Capacity: 128M
 Heap Max Capacity: 2G
 Pre-touch: Disabled
 Parallel Workers: 8
 Concurrent Workers: 2
 Concurrent Refinement Workers: 8
 Periodic GC: Disabled

Heap:
 garbage-first heap   total 96256K, used 37577K [0x0000000780000000, 0x0000000800000000)
  region size 1024K, 4 young (4096K), 1 survivors (1024K)
 Metaspace       used 30277K, committed 30528K, reserved 1114112K
  class space    used 3589K, committed 3712K, reserved 1048576K

Heap Regions: E=young(eden), S=young(survivor), O=old, HS=humongous(starts), HC=humongous(continues), CS=collection set, F=free, OA=open archive, CA=closed archive, TAMS=top-at-mark-start (previous, next)
|   0|0x0000000780000000, 0x0000000780100000, 0x0000000780100000|100%| O|  |TAMS 0x0000000780100000, 0x0000000780100000| Untracked 
|   1|0x0000000780100000, 0x0000000780200000, 0x0000000780200000|100%|HS|  |TAMS 0x0000000780200000, 0x0000000780200000| Complete 
|   2|0x0000000780200000, 0x0000000780300000, 0x0000000780300000|100%|HC|  |TAMS 0x0000000780300000, 0x0000000780300000| Complete 
|   3|0x0000000780300000, 0x0000000780400000, 0x0000000780400000|100%|HC|  |TAMS 0x0000000780400000, 0x0000000780400000| Complete 
|   4|0x0000000780400000, 0x0000000780500000, 0x0000000780500000|100%|HC|  |TAMS 0x0000000780500000, 0x0000000780500000| Complete 
|   5|0x0000000780500000, 0x0000000780600000, 0x0000000780600000|100%|HC|  |TAMS 0x0000000780600000, 0x0000000780600000| Complete 
|   6|0x0000000780600000, 0x0000000780700000, 0x0000000780700000|100%| O|  |TAMS 0x0000000780700000, 0x0000000780700000| Untracked 
|   7|0x0000000780700000, 0x0000000780800000, 0x0000000780800000|100%| O|  |TAMS 0x0000000780800000, 0x0000000780800000| Untracked 
|   8|0x0000000780800000, 0x0000000780900000, 0x0000000780900000|100%| O|  |TAMS 0x0000000780900000, 0x0000000780900000| Untracked 
|   9|0x0000000780900000, 0x0000000780a00000, 0x0000000780a00000|100%| O|  |TAMS 0x0000000780a00000, 0x0000000780a00000| Untracked 
|  10|0x0000000780a00000, 0x0000000780b00000, 0x0000000780b00000|100%| O|  |TAMS 0x0000000780b00000, 0x0000000780b00000| Untracked 
|  11|0x0000000780b00000, 0x0000000780c00000, 0x0000000780c00000|100%| O|  |TAMS 0x0000000780c00000, 0x0000000780c00000| Untracked 
|  12|0x0000000780c00000, 0x0000000780d00000, 0x0000000780d00000|100%| O|  |TAMS 0x0000000780d00000, 0x0000000780d00000| Untracked 
|  13|0x0000000780d00000, 0x0000000780e00000, 0x0000000780e00000|100%| O|  |TAMS 0x0000000780e00000, 0x0000000780e00000| Untracked 
|  14|0x0000000780e00000, 0x0000000780f00000, 0x0000000780f00000|100%| O|  |TAMS 0x0000000780f00000, 0x0000000780f00000| Untracked 
|  15|0x0000000780f00000, 0x0000000781000000, 0x0000000781000000|100%| O|  |TAMS 0x0000000781000000, 0x0000000781000000| Untracked 
|  16|0x0000000781000000, 0x0000000781100000, 0x0000000781100000|100%| O|  |TAMS 0x0000000781100000, 0x0000000781100000| Untracked 
|  17|0x0000000781100000, 0x00000007811d9000, 0x0000000781200000| 84%| O|  |TAMS 0x00000007811d9000, 0x00000007811d9000| Untracked 
|  18|0x0000000781200000, 0x0000000781300000, 0x0000000781300000|100%|HS|  |TAMS 0x0000000781200000, 0x0000000781200000| Complete 
|  19|0x0000000781300000, 0x0000000781400000, 0x0000000781400000|100%|HS|  |TAMS 0x0000000781300000, 0x0000000781300000| Complete 
|  20|0x0000000781400000, 0x0000000781500000, 0x0000000781500000|100%|HC|  |TAMS 0x0000000781400000, 0x0000000781400000| Complete 
|  21|0x0000000781500000, 0x0000000781600000, 0x0000000781600000|100%|HS|  |TAMS 0x0000000781500000, 0x0000000781500000| Complete 
|  22|0x0000000781600000, 0x0000000781600000, 0x0000000781700000|  0%| F|  |TAMS 0x0000000781600000, 0x0000000781600000| Untracked 
|  23|0x0000000781700000, 0x0000000781800000, 0x0000000781800000|100%|HS|  |TAMS 0x0000000781800000, 0x0000000781800000| Complete 
|  24|0x0000000781800000, 0x0000000781900000, 0x0000000781900000|100%|HC|  |TAMS 0x0000000781900000, 0x0000000781900000| Complete 
|  25|0x0000000781900000, 0x0000000781a00000, 0x0000000781a00000|100%|HS|  |TAMS 0x0000000781900000, 0x0000000781900000| Complete 
|  26|0x0000000781a00000, 0x0000000781b00000, 0x0000000781b00000|100%|HC|  |TAMS 0x0000000781a00000, 0x0000000781a00000| Complete 
|  27|0x0000000781b00000, 0x0000000781b00000, 0x0000000781c00000|  0%| F|  |TAMS 0x0000000781b00000, 0x0000000781b00000| Untracked 
|  28|0x0000000781c00000, 0x0000000781c00000, 0x0000000781d00000|  0%| F|  |TAMS 0x0000000781c00000, 0x0000000781c00000| Untracked 
|  29|0x0000000781d00000, 0x0000000781d00000, 0x0000000781e00000|  0%| F|  |TAMS 0x0000000781d00000, 0x0000000781d00000| Untracked 
|  30|0x0000000781e00000, 0x0000000781f00000, 0x0000000781f00000|100%| O|  |TAMS 0x0000000781e00000, 0x0000000781f00000| Untracked 
|  31|0x0000000781f00000, 0x0000000782000000, 0x0000000782000000|100%| O|  |TAMS 0x0000000781f00000, 0x0000000782000000| Untracked 
|  32|0x0000000782000000, 0x0000000782100000, 0x0000000782100000|100%| O|  |TAMS 0x0000000782000000, 0x0000000782100000| Untracked 
|  33|0x0000000782100000, 0x0000000782100000, 0x0000000782200000|  0%| F|  |TAMS 0x0000000782100000, 0x0000000782100000| Untracked 
|  34|0x0000000782200000, 0x0000000782200000, 0x0000000782300000|  0%| F|  |TAMS 0x0000000782200000, 0x0000000782200000| Untracked 
|  35|0x0000000782300000, 0x0000000782400000, 0x0000000782400000|100%|HS|  |TAMS 0x0000000782300000, 0x0000000782400000| Complete 
|  36|0x0000000782400000, 0x0000000782500000, 0x0000000782500000|100%|HC|  |TAMS 0x0000000782400000, 0x0000000782500000| Complete 
|  37|0x0000000782500000, 0x0000000782500000, 0x0000000782600000|  0%| F|  |TAMS 0x0000000782500000, 0x0000000782500000| Untracked 
|  38|0x0000000782600000, 0x0000000782600000, 0x0000000782700000|  0%| F|  |TAMS 0x0000000782600000, 0x0000000782600000| Untracked 
|  39|0x0000000782700000, 0x0000000782700000, 0x0000000782800000|  0%| F|  |TAMS 0x0000000782700000, 0x0000000782700000| Untracked 
|  40|0x0000000782800000, 0x0000000782900000, 0x0000000782900000|100%| O|  |TAMS 0x0000000782800000, 0x0000000782900000| Untracked 
|  41|0x0000000782900000, 0x0000000782a00000, 0x0000000782a00000|100%| O|  |TAMS 0x0000000782900000, 0x0000000782a00000| Untracked 
|  42|0x0000000782a00000, 0x0000000782aee600, 0x0000000782b00000| 93%| O|  |TAMS 0x0000000782a00000, 0x0000000782aee600| Untracked 
|  43|0x0000000782b00000, 0x0000000782b00000, 0x0000000782c00000|  0%| F|  |TAMS 0x0000000782b00000, 0x0000000782b00000| Untracked 
|  44|0x0000000782c00000, 0x0000000782c00000, 0x0000000782d00000|  0%| F|  |TAMS 0x0000000782c00000, 0x0000000782c00000| Untracked 
|  45|0x0000000782d00000, 0x0000000782d00000, 0x0000000782e00000|  0%| F|  |TAMS 0x0000000782d00000, 0x0000000782d00000| Untracked 
|  46|0x0000000782e00000, 0x0000000782e00000, 0x0000000782f00000|  0%| F|  |TAMS 0x0000000782e00000, 0x0000000782e00000| Untracked 
|  47|0x0000000782f00000, 0x0000000782f00000, 0x0000000783000000|  0%| F|  |TAMS 0x0000000782f00000, 0x0000000782f00000| Untracked 
|  48|0x0000000783000000, 0x0000000783000000, 0x0000000783100000|  0%| F|  |TAMS 0x0000000783000000, 0x0000000783000000| Untracked 
|  49|0x0000000783100000, 0x0000000783100000, 0x0000000783200000|  0%| F|  |TAMS 0x0000000783100000, 0x0000000783100000| Untracked 
|  50|0x0000000783200000, 0x0000000783200000, 0x0000000783300000|  0%| F|  |TAMS 0x0000000783200000, 0x0000000783200000| Untracked 
|  51|0x0000000783300000, 0x0000000783300000, 0x0000000783400000|  0%| F|  |TAMS 0x0000000783300000, 0x0000000783300000| Untracked 
|  52|0x0000000783400000, 0x0000000783400000, 0x0000000783500000|  0%| F|  |TAMS 0x0000000783400000, 0x0000000783400000| Untracked 
|  53|0x0000000783500000, 0x0000000783500000, 0x0000000783600000|  0%| F|  |TAMS 0x0000000783500000, 0x0000000783500000| Untracked 
|  54|0x0000000783600000, 0x0000000783600000, 0x0000000783700000|  0%| F|  |TAMS 0x0000000783600000, 0x0000000783600000| Untracked 
|  55|0x0000000783700000, 0x0000000783700000, 0x0000000783800000|  0%| F|  |TAMS 0x0000000783700000, 0x0000000783700000| Untracked 
|  56|0x0000000783800000, 0x0000000783800000, 0x0000000783900000|  0%| F|  |TAMS 0x0000000783800000, 0x0000000783800000| Untracked 
|  57|0x0000000783900000, 0x0000000783900000, 0x0000000783a00000|  0%| F|  |TAMS 0x0000000783900000, 0x0000000783900000| Untracked 
|  58|0x0000000783a00000, 0x0000000783a00000, 0x0000000783b00000|  0%| F|  |TAMS 0x0000000783a00000, 0x0000000783a00000| Untracked 
|  59|0x0000000783b00000, 0x0000000783b00000, 0x0000000783c00000|  0%| F|  |TAMS 0x0000000783b00000, 0x0000000783b00000| Untracked 
|  60|0x0000000783c00000, 0x0000000783c00000, 0x0000000783d00000|  0%| F|  |TAMS 0x0000000783c00000, 0x0000000783c00000| Untracked 
|  61|0x0000000783d00000, 0x0000000783d00000, 0x0000000783e00000|  0%| F|  |TAMS 0x0000000783d00000, 0x0000000783d00000| Untracked 
|  62|0x0000000783e00000, 0x0000000783e00000, 0x0000000783f00000|  0%| F|  |TAMS 0x0000000783e00000, 0x0000000783e00000| Untracked 
|  63|0x0000000783f00000, 0x0000000783f00000, 0x0000000784000000|  0%| F|  |TAMS 0x0000000783f00000, 0x0000000783f00000| Untracked 
|  64|0x0000000784000000, 0x0000000784000000, 0x0000000784100000|  0%| F|  |TAMS 0x0000000784000000, 0x0000000784000000| Untracked 
|  65|0x0000000784100000, 0x0000000784100000, 0x0000000784200000|  0%| F|  |TAMS 0x0000000784100000, 0x0000000784100000| Untracked 
|  66|0x0000000784200000, 0x0000000784200000, 0x0000000784300000|  0%| F|  |TAMS 0x0000000784200000, 0x0000000784200000| Untracked 
|  67|0x0000000784300000, 0x0000000784300000, 0x0000000784400000|  0%| F|  |TAMS 0x0000000784300000, 0x0000000784300000| Untracked 
|  68|0x0000000784400000, 0x0000000784400000, 0x0000000784500000|  0%| F|  |TAMS 0x0000000784400000, 0x0000000784400000| Untracked 
|  69|0x0000000784500000, 0x0000000784500000, 0x0000000784600000|  0%| F|  |TAMS 0x0000000784500000, 0x0000000784500000| Untracked 
|  70|0x0000000784600000, 0x0000000784600000, 0x0000000784700000|  0%| F|  |TAMS 0x0000000784600000, 0x0000000784600000| Untracked 
|  71|0x0000000784700000, 0x0000000784700000, 0x0000000784800000|  0%| F|  |TAMS 0x0000000784700000, 0x0000000784700000| Untracked 
|  72|0x0000000784800000, 0x0000000784800000, 0x0000000784900000|  0%| F|  |TAMS 0x0000000784800000, 0x0000000784800000| Untracked 
|  73|0x0000000784900000, 0x0000000784900000, 0x0000000784a00000|  0%| F|  |TAMS 0x0000000784900000, 0x0000000784900000| Untracked 
|  74|0x0000000784a00000, 0x0000000784a00000, 0x0000000784b00000|  0%| F|  |TAMS 0x0000000784a00000, 0x0000000784a00000| Untracked 
|  75|0x0000000784b00000, 0x0000000784b00000, 0x0000000784c00000|  0%| F|  |TAMS 0x0000000784b00000, 0x0000000784b00000| Untracked 
|  76|0x0000000784c00000, 0x0000000784c00000, 0x0000000784d00000|  0%| F|  |TAMS 0x0000000784c00000, 0x0000000784c00000| Untracked 
|  77|0x0000000784d00000, 0x0000000784d00000, 0x0000000784e00000|  0%| F|  |TAMS 0x0000000784d00000, 0x0000000784d00000| Untracked 
|  78|0x0000000784e00000, 0x0000000784e00000, 0x0000000784f00000|  0%| F|  |TAMS 0x0000000784e00000, 0x0000000784e00000| Untracked 
|  79|0x0000000784f00000, 0x0000000784f00000, 0x0000000785000000|  0%| F|  |TAMS 0x0000000784f00000, 0x0000000784f00000| Untracked 
|  80|0x0000000785000000, 0x0000000785000000, 0x0000000785100000|  0%| F|  |TAMS 0x0000000785000000, 0x0000000785000000| Untracked 
|  81|0x0000000785100000, 0x0000000785100000, 0x0000000785200000|  0%| F|  |TAMS 0x0000000785100000, 0x0000000785100000| Untracked 
|  82|0x0000000785200000, 0x0000000785200000, 0x0000000785300000|  0%| F|  |TAMS 0x0000000785200000, 0x0000000785200000| Untracked 
|  83|0x0000000785300000, 0x0000000785300000, 0x0000000785400000|  0%| F|  |TAMS 0x0000000785300000, 0x0000000785300000| Untracked 
|  84|0x0000000785400000, 0x0000000785400000, 0x0000000785500000|  0%| F|  |TAMS 0x0000000785400000, 0x0000000785400000| Untracked 
|  85|0x0000000785500000, 0x0000000785500000, 0x0000000785600000|  0%| F|  |TAMS 0x0000000785500000, 0x0000000785500000| Untracked 
| 270|0x0000000790e00000, 0x0000000790e00000, 0x0000000790f00000|  0%| F|  |TAMS 0x0000000790e00000, 0x0000000790e00000| Untracked 
| 271|0x0000000790f00000, 0x0000000790f00000, 0x0000000791000000|  0%| F|  |TAMS 0x0000000790f00000, 0x0000000790f00000| Untracked 
| 272|0x0000000791000000, 0x0000000791056a00, 0x0000000791100000| 33%| E|  |TAMS 0x0000000791000000, 0x0000000791000000| Complete 
| 273|0x0000000791100000, 0x0000000791103060, 0x0000000791200000|  1%| S|CS|TAMS 0x0000000791100000, 0x0000000791100000| Complete 
| 274|0x0000000791200000, 0x0000000791300000, 0x0000000791300000|100%| E|CS|TAMS 0x0000000791200000, 0x0000000791200000| Complete 
| 290|0x0000000792200000, 0x0000000792300000, 0x0000000792300000|100%| E|CS|TAMS 0x0000000792200000, 0x0000000792200000| Complete 
|2046|0x00000007ffe00000, 0x00000007ffe74000, 0x00000007fff00000| 45%|OA|  |TAMS 0x00000007ffe74000, 0x00000007ffe74000| Untracked 
|2047|0x00000007fff00000, 0x00000007fff74000, 0x0000000800000000| 45%|CA|  |TAMS 0x00000007fff74000, 0x00000007fff74000| Untracked 

Card table byte_map: [0x0000000100ea8000,0x00000001012a8000] _byte_map_base: 0x00000000fd2a8000

Marking Bits (Prev, Next): (CMBitMap*) 0x000000013702f050, (CMBitMap*) 0x000000013702f010
 Prev Bits: [0x000000011b264000, 0x000000011d264000)
 Next Bits: [0x0000000119264000, 0x000000011b264000)

Polling page: 0x00000001007c8000

Metaspace:

Usage:
  Non-class:     26.06 MB used.
      Class:      3.51 MB used.
       Both:     29.57 MB used.

Virtual space:
  Non-class space:       64.00 MB reserved,      26.19 MB ( 41%) committed,  1 nodes.
      Class space:        1.00 GB reserved,       3.62 MB ( <1%) committed,  1 nodes.
             Both:        1.06 GB reserved,      29.81 MB (  3%) committed. 

Chunk freelists:
   Non-Class:  5.14 MB
       Class:  12.32 MB
        Both:  17.46 MB

MaxMetaspaceSize: unlimited
CompressedClassSpaceSize: 1.00 GB
Initial GC threshold: 21.00 MB
Current GC threshold: 35.12 MB
CDS: on
MetaspaceReclaimPolicy: balanced
 - commit_granule_bytes: 65536.
 - commit_granule_words: 8192.
 - virtual_space_node_default_size: 8388608.
 - enlarge_chunks_in_place: 1.
 - new_chunks_are_fully_committed: 0.
 - uncommit_free_chunks: 1.
 - use_allocation_guard: 0.
 - handle_deallocations: 1.


Internal statistics:

num_allocs_failed_limit: 3.
num_arena_births: 280.
num_arena_deaths: 0.
num_vsnodes_births: 2.
num_vsnodes_deaths: 0.
num_space_committed: 475.
num_space_uncommitted: 0.
num_chunks_returned_to_freelist: 3.
num_chunks_taken_from_freelist: 1275.
num_chunk_merges: 3.
num_chunk_splits: 948.
num_chunks_enlarged: 778.
num_inconsistent_stats: 0.

CodeHeap 'non-profiled nmethods': size=120032Kb used=2337Kb max_used=2337Kb free=117694Kb
 bounds [0x000000011192c000, 0x0000000111b9c000, 0x0000000118e64000]
CodeHeap 'profiled nmethods': size=120016Kb used=10765Kb max_used=10765Kb free=109250Kb
 bounds [0x0000000109e64000, 0x000000010a8f4000, 0x0000000111398000]
CodeHeap 'non-nmethods': size=5712Kb used=1950Kb max_used=2026Kb free=3762Kb
 bounds [0x0000000111398000, 0x0000000111608000, 0x000000011192c000]
 total_blobs=6458 nmethods=4967 adapters=1407
 compilation: enabled
              stopped_count=0, restarted_count=0
 full_count=0

Compilation events (20 events):
Event: 66.283 Thread 0x000000012700a400 nmethod 5049 0x000000010a8d3890 code [0x000000010a8d3a80, 0x000000010a8d3db8]
Event: 66.283 Thread 0x000000012700a400 5050       3       com.sun.javafx.util.WeakReferenceQueue$ListEntry::remove (33 bytes)
Event: 66.283 Thread 0x000000012700a400 nmethod 5050 0x000000010a8d3e90 code [0x000000010a8d4040, 0x000000010a8d4298]
Event: 66.283 Thread 0x000000012700a400 5051       3       javafx.scene.shape.PathElement::removeNode (9 bytes)
Event: 66.283 Thread 0x000000012700a400 nmethod 5051 0x000000010a8d4390 code [0x000000010a8d4540, 0x000000010a8d46c8]
Event: 66.283 Thread 0x000000012700a400 5052       3       com.sun.javafx.util.WeakReferenceQueue::remove (54 bytes)
Event: 66.283 Thread 0x0000000126008200 5053       4       javafx.css.CompoundSelector::applies (144 bytes)
Event: 66.284 Thread 0x000000012700a400 nmethod 5052 0x000000010a8d4790 code [0x000000010a8d4a00, 0x000000010a8d53b8]
Event: 66.290 Thread 0x000000012700a400 5055       3       javafx.scene.CssStyleHelper::deriveFont (83 bytes)
Event: 66.290 Thread 0x000000012700a400 nmethod 5055 0x000000010a8d5790 code [0x000000010a8d59c0, 0x000000010a8d6008]
Event: 66.290 Thread 0x000000012700a400 5056       3       java.util.HashMap::get (19 bytes)
Event: 66.291 Thread 0x000000012700a400 nmethod 5056 0x000000010a8d6290 code [0x000000010a8d6440, 0x000000010a8d6608]
Event: 66.291 Thread 0x000000012700a400 5058       3       javafx.scene.control.skin.LabeledSkinBase::rightLabelPadding (18 bytes)
Event: 66.291 Thread 0x000000012700a400 nmethod 5058 0x000000010a8d6710 code [0x000000010a8d69c0, 0x000000010a8d7618]
Event: 66.291 Thread 0x000000012700a400 5059       3       javafx.scene.control.Control::computeMaxWidth (51 bytes)
Event: 66.292 Thread 0x000000012700a400 nmethod 5059 0x000000010a8d7a10 code [0x000000010a8d7fc0, 0x000000010a8da5e8]
Event: 66.292 Thread 0x000000012700a400 5057       3       javafx.scene.layout.VBox::computeContentHeight (39 bytes)
Event: 66.293 Thread 0x000000012700a400 nmethod 5057 0x000000010a8db090 code [0x000000010a8db3c0, 0x000000010a8dc288]
Event: 66.293 Thread 0x000000012700a400 5060       3       com.sun.glass.ui.View::getWidth (8 bytes)
Event: 66.293 Thread 0x000000012700a400 nmethod 5060 0x000000010a8dc810 code [0x000000010a8dca00, 0x000000010a8dcd78]

GC Heap History (20 events):
Event: 62.628 GC heap before
{Heap before GC invocations=18 (full 0):
 garbage-first heap   total 96256K, used 45922K [0x0000000780000000, 0x0000000800000000)
  region size 1024K, 6 young (6144K), 4 survivors (4096K)
 Metaspace       used 30210K, committed 30464K, reserved 1114112K
  class space    used 3587K, committed 3712K, reserved 1048576K
}
Event: 62.631 GC heap after
{Heap after GC invocations=19 (full 0):
 garbage-first heap   total 96256K, used 29465K [0x0000000780000000, 0x0000000800000000)
  region size 1024K, 4 young (4096K), 4 survivors (4096K)
 Metaspace       used 30210K, committed 30464K, reserved 1114112K
  class space    used 3587K, committed 3712K, reserved 1048576K
}
Event: 62.920 GC heap before
{Heap before GC invocations=19 (full 0):
 garbage-first heap   total 96256K, used 45849K [0x0000000780000000, 0x0000000800000000)
  region size 1024K, 6 young (6144K), 4 survivors (4096K)
 Metaspace       used 30212K, committed 30464K, reserved 1114112K
  class space    used 3587K, committed 3712K, reserved 1048576K
}
Event: 62.922 GC heap after
{Heap after GC invocations=20 (full 0):
 garbage-first heap   total 96256K, used 29461K [0x0000000780000000, 0x0000000800000000)
  region size 1024K, 3 young (3072K), 3 survivors (3072K)
 Metaspace       used 30212K, committed 30464K, reserved 1114112K
  class space    used 3587K, committed 3712K, reserved 1048576K
}
Event: 63.257 GC heap before
{Heap before GC invocations=20 (full 0):
 garbage-first heap   total 96256K, used 45845K [0x0000000780000000, 0x0000000800000000)
  region size 1024K, 5 young (5120K), 3 survivors (3072K)
 Metaspace       used 30212K, committed 30464K, reserved 1114112K
  class space    used 3587K, committed 3712K, reserved 1048576K
}
Event: 63.260 GC heap after
{Heap after GC invocations=21 (full 0):
 garbage-first heap   total 96256K, used 29394K [0x0000000780000000, 0x0000000800000000)
  region size 1024K, 3 young (3072K), 3 survivors (3072K)
 Metaspace       used 30212K, committed 30464K, reserved 1114112K
  class space    used 3587K, committed 3712K, reserved 1048576K
}
Event: 63.589 GC heap before
{Heap before GC invocations=21 (full 0):
 garbage-first heap   total 96256K, used 45778K [0x0000000780000000, 0x0000000800000000)
  region size 1024K, 5 young (5120K), 3 survivors (3072K)
 Metaspace       used 30218K, committed 30464K, reserved 1114112K
  class space    used 3587K, committed 3712K, reserved 1048576K
}
Event: 63.591 GC heap after
{Heap after GC invocations=22 (full 0):
 garbage-first heap   total 96256K, used 29573K [0x0000000780000000, 0x0000000800000000)
  region size 1024K, 1 young (1024K), 1 survivors (1024K)
 Metaspace       used 30218K, committed 30464K, reserved 1114112K
  class space    used 3587K, committed 3712K, reserved 1048576K
}
Event: 63.880 GC heap before
{Heap before GC invocations=22 (full 0):
 garbage-first heap   total 96256K, used 42885K [0x0000000780000000, 0x0000000800000000)
  region size 1024K, 3 young (3072K), 1 survivors (1024K)
 Metaspace       used 30219K, committed 30464K, reserved 1114112K
  class space    used 3587K, committed 3712K, reserved 1048576K
}
Event: 63.881 GC heap after
{Heap after GC invocations=23 (full 0):
 garbage-first heap   total 96256K, used 29404K [0x0000000780000000, 0x0000000800000000)
  region size 1024K, 1 young (1024K), 1 survivors (1024K)
 Metaspace       used 30219K, committed 30464K, reserved 1114112K
  class space    used 3587K, committed 3712K, reserved 1048576K
}
Event: 64.130 GC heap before
{Heap before GC invocations=23 (full 0):
 garbage-first heap   total 96256K, used 42716K [0x0000000780000000, 0x0000000800000000)
  region size 1024K, 3 young (3072K), 1 survivors (1024K)
 Metaspace       used 30223K, committed 30464K, reserved 1114112K
  class space    used 3587K, committed 3712K, reserved 1048576K
}
Event: 64.130 GC heap after
{Heap after GC invocations=24 (full 0):
 garbage-first heap   total 96256K, used 29387K [0x0000000780000000, 0x0000000800000000)
  region size 1024K, 1 young (1024K), 1 survivors (1024K)
 Metaspace       used 30223K, committed 30464K, reserved 1114112K
  class space    used 3587K, committed 3712K, reserved 1048576K
}
Event: 64.376 GC heap before
{Heap before GC invocations=24 (full 0):
 garbage-first heap   total 96256K, used 42699K [0x0000000780000000, 0x0000000800000000)
  region size 1024K, 3 young (3072K), 1 survivors (1024K)
 Metaspace       used 30226K, committed 30464K, reserved 1114112K
  class space    used 3587K, committed 3712K, reserved 1048576K
}
Event: 64.377 GC heap after
{Heap after GC invocations=25 (full 0):
 garbage-first heap   total 96256K, used 29387K [0x0000000780000000, 0x0000000800000000)
  region size 1024K, 1 young (1024K), 1 survivors (1024K)
 Metaspace       used 30226K, committed 30464K, reserved 1114112K
  class space    used 3587K, committed 3712K, reserved 1048576K
}
Event: 64.670 GC heap before
{Heap before GC invocations=25 (full 0):
 garbage-first heap   total 96256K, used 42699K [0x0000000780000000, 0x0000000800000000)
  region size 1024K, 3 young (3072K), 1 survivors (1024K)
 Metaspace       used 30227K, committed 30528K, reserved 1114112K
  class space    used 3587K, committed 3712K, reserved 1048576K
}
Event: 64.671 GC heap after
{Heap after GC invocations=26 (full 0):
 garbage-first heap   total 96256K, used 29389K [0x0000000780000000, 0x0000000800000000)
  region size 1024K, 1 young (1024K), 1 survivors (1024K)
 Metaspace       used 30227K, committed 30528K, reserved 1114112K
  class space    used 3587K, committed 3712K, reserved 1048576K
}
Event: 64.920 GC heap before
{Heap before GC invocations=26 (full 0):
 garbage-first heap   total 96256K, used 42701K [0x0000000780000000, 0x0000000800000000)
  region size 1024K, 3 young (3072K), 1 survivors (1024K)
 Metaspace       used 30229K, committed 30528K, reserved 1114112K
  class space    used 3587K, committed 3712K, reserved 1048576K
}
Event: 64.921 GC heap after
{Heap after GC invocations=27 (full 0):
 garbage-first heap   total 96256K, used 29387K [0x0000000780000000, 0x0000000800000000)
  region size 1024K, 1 young (1024K), 1 survivors (1024K)
 Metaspace       used 30229K, committed 30528K, reserved 1114112K
  class space    used 3587K, committed 3712K, reserved 1048576K
}
Event: 65.167 GC heap before
{Heap before GC invocations=27 (full 0):
 garbage-first heap   total 96256K, used 42699K [0x0000000780000000, 0x0000000800000000)
  region size 1024K, 3 young (3072K), 1 survivors (1024K)
 Metaspace       used 30232K, committed 30528K, reserved 1114112K
  class space    used 3587K, committed 3712K, reserved 1048576K
}
Event: 65.168 GC heap after
{Heap after GC invocations=28 (full 0):
 garbage-first heap   total 96256K, used 29385K [0x0000000780000000, 0x0000000800000000)
  region size 1024K, 1 young (1024K), 1 survivors (1024K)
 Metaspace       used 30232K, committed 30528K, reserved 1114112K
  class space    used 3587K, committed 3712K, reserved 1048576K
}

Dll operation events (20 events):
Event: 53.671 Loaded shared library /Users/rayen/.javacpp/cache/opencv-4.7.0-1.5.9-macosx-arm64.jar/org/bytedeco/opencv/macosx-arm64/libopencv_core.407.dylib
Event: 53.683 Loaded shared library /Users/rayen/.javacpp/cache/opencv-4.7.0-1.5.9-macosx-arm64.jar/org/bytedeco/opencv/macosx-arm64/libopencv_imgproc.407.dylib
Event: 53.690 Loaded shared library /Users/rayen/.javacpp/cache/opencv-4.7.0-1.5.9-macosx-arm64.jar/org/bytedeco/opencv/macosx-arm64/libjniopencv_core.dylib
Event: 53.758 Loaded shared library /Users/rayen/.javacpp/cache/opencv-4.7.0-1.5.9-macosx-arm64.jar/org/bytedeco/opencv/macosx-arm64/libjniopencv_imgproc.dylib
Event: 53.773 Loaded shared library /Users/rayen/.javacpp/cache/opencv-4.7.0-1.5.9-macosx-arm64.jar/org/bytedeco/opencv/macosx-arm64/libopencv_imgcodecs.407.dylib
Event: 53.780 Loaded shared library /Users/rayen/.javacpp/cache/opencv-4.7.0-1.5.9-macosx-arm64.jar/org/bytedeco/opencv/macosx-arm64/libjniopencv_imgcodecs.dylib
Event: 53.799 Loaded shared library /Users/rayen/.javacpp/cache/opencv-4.7.0-1.5.9-macosx-arm64.jar/org/bytedeco/opencv/macosx-arm64/libopencv_videoio.407.dylib
Event: 53.812 Loaded shared library /Users/rayen/.javacpp/cache/opencv-4.7.0-1.5.9-macosx-arm64.jar/org/bytedeco/opencv/macosx-arm64/libjniopencv_videoio.dylib
Event: 53.828 Loaded shared library /Users/rayen/.javacpp/cache/opencv-4.7.0-1.5.9-macosx-arm64.jar/org/bytedeco/opencv/macosx-arm64/libopencv_highgui.407.dylib
Event: 53.835 Loaded shared library /Users/rayen/.javacpp/cache/opencv-4.7.0-1.5.9-macosx-arm64.jar/org/bytedeco/opencv/macosx-arm64/libjniopencv_highgui.dylib
Event: 53.844 Loaded shared library /Users/rayen/.javacpp/cache/opencv-4.7.0-1.5.9-macosx-arm64.jar/org/bytedeco/opencv/macosx-arm64/libopencv_flann.407.dylib
Event: 53.850 Loaded shared library /Users/rayen/.javacpp/cache/opencv-4.7.0-1.5.9-macosx-arm64.jar/org/bytedeco/opencv/macosx-arm64/libjniopencv_flann.dylib
Event: 53.861 Loaded shared library /Users/rayen/.javacpp/cache/opencv-4.7.0-1.5.9-macosx-arm64.jar/org/bytedeco/opencv/macosx-arm64/libopencv_features2d.407.dylib
Event: 53.868 Loaded shared library /Users/rayen/.javacpp/cache/opencv-4.7.0-1.5.9-macosx-arm64.jar/org/bytedeco/opencv/macosx-arm64/libjniopencv_features2d.dylib
Event: 53.883 Loaded shared library /Users/rayen/.javacpp/cache/opencv-4.7.0-1.5.9-macosx-arm64.jar/org/bytedeco/opencv/macosx-arm64/libopencv_calib3d.407.dylib
Event: 53.890 Loaded shared library /Users/rayen/.javacpp/cache/opencv-4.7.0-1.5.9-macosx-arm64.jar/org/bytedeco/opencv/macosx-arm64/libjniopencv_calib3d.dylib
Event: 53.904 Loaded shared library /Users/rayen/.javacpp/cache/opencv-4.7.0-1.5.9-macosx-arm64.jar/org/bytedeco/opencv/macosx-arm64/libopencv_dnn.407.dylib
Event: 53.911 Loaded shared library /Users/rayen/.javacpp/cache/opencv-4.7.0-1.5.9-macosx-arm64.jar/org/bytedeco/opencv/macosx-arm64/libjniopencv_dnn.dylib
Event: 53.937 Loaded shared library /Users/rayen/.javacpp/cache/opencv-4.7.0-1.5.9-macosx-arm64.jar/org/bytedeco/opencv/macosx-arm64/libopencv_objdetect.407.dylib
Event: 53.947 Loaded shared library /Users/rayen/.javacpp/cache/opencv-4.7.0-1.5.9-macosx-arm64.jar/org/bytedeco/opencv/macosx-arm64/libjniopencv_objdetect.dylib

Deoptimization events (20 events):
Event: 65.683 Thread 0x000000013723f000 Uncommon trap: trap_request=0xffffff6e fr.pc=0x0000000111b6b214 relative=0x00000000000001d4
Event: 65.683 Thread 0x000000013723f000 Uncommon trap: reason=loop_limit_check action=maybe_recompile pc=0x0000000111b6b214 method=javafx.scene.Parent.pickChildrenNode(Lcom/sun/javafx/geom/PickRay;Lcom/sun/javafx/scene/input/PickResultChooser;)Z @ 17 c2
Event: 65.683 Thread 0x000000013723f000 DEOPT PACKING pc=0x0000000111b6b214 sp=0x000000016f6b9ac0
Event: 65.683 Thread 0x000000013723f000 DEOPT UNPACKING pc=0x00000001113df91c sp=0x000000016f6b9800 mode 2
Event: 66.255 Thread 0x0000000177836400 Uncommon trap: trap_request=0xffffff45 fr.pc=0x0000000111b63454 relative=0x0000000000000054
Event: 66.255 Thread 0x0000000177836400 Uncommon trap: reason=unstable_if action=reinterpret pc=0x0000000111b63454 method=java.lang.Thread.interrupted()Z @ 10 c2
Event: 66.255 Thread 0x0000000177836400 DEOPT PACKING pc=0x0000000111b63454 sp=0x000000033730a5e0
Event: 66.255 Thread 0x0000000177836400 DEOPT UNPACKING pc=0x00000001113df91c sp=0x000000033730a570 mode 2
Event: 66.266 Thread 0x000000013723f000 Uncommon trap: trap_request=0xffffff45 fr.pc=0x00000001119fdd48 relative=0x0000000000000048
Event: 66.266 Thread 0x000000013723f000 Uncommon trap: reason=unstable_if action=reinterpret pc=0x00000001119fdd48 method=java.lang.Character.isSurrogate(C)Z @ 3 c2
Event: 66.266 Thread 0x000000013723f000 DEOPT PACKING pc=0x00000001119fdd48 sp=0x000000016f6b7f20
Event: 66.266 Thread 0x000000013723f000 DEOPT UNPACKING pc=0x00000001113df91c sp=0x000000016f6b7ec0 mode 2
Event: 66.290 Thread 0x000000013723f000 Uncommon trap: trap_request=0xffffff45 fr.pc=0x00000001119cdb30 relative=0x0000000000000230
Event: 66.290 Thread 0x000000013723f000 Uncommon trap: reason=unstable_if action=reinterpret pc=0x00000001119cdb30 method=java.util.HashMap.getNode(Ljava/lang/Object;)Ljava/util/HashMap$Node; @ 131 c2
Event: 66.290 Thread 0x000000013723f000 DEOPT PACKING pc=0x00000001119cdb30 sp=0x000000016f6bc960
Event: 66.290 Thread 0x000000013723f000 DEOPT UNPACKING pc=0x00000001113df91c sp=0x000000016f6bc850 mode 2
Event: 66.290 Thread 0x000000013723f000 Uncommon trap: trap_request=0xffffffde fr.pc=0x0000000111b0daa8 relative=0x0000000000000868
Event: 66.290 Thread 0x000000013723f000 Uncommon trap: reason=class_check action=maybe_recompile pc=0x0000000111b0daa8 method=java.util.HashMap.putVal(ILjava/lang/Object;Ljava/lang/Object;ZZ)Ljava/lang/Object; @ 203 c2
Event: 66.290 Thread 0x000000013723f000 DEOPT PACKING pc=0x0000000111b0daa8 sp=0x000000016f6bc900
Event: 66.290 Thread 0x000000013723f000 DEOPT UNPACKING pc=0x00000001113df91c sp=0x000000016f6bc850 mode 2

Classes loaded (20 events):
Event: 53.735 Loading class java/nio/channels/SelectableChannel
Event: 53.735 Loading class java/nio/channels/SelectableChannel done
Event: 53.989 Loading class java/util/concurrent/ScheduledExecutorService
Event: 53.989 Loading class java/util/concurrent/ScheduledExecutorService done
Event: 58.555 Loading class java/util/concurrent/Executors$DelegatedScheduledExecutorService
Event: 58.556 Loading class java/util/concurrent/Executors$DelegatedScheduledExecutorService done
Event: 58.556 Loading class java/util/concurrent/ScheduledThreadPoolExecutor
Event: 58.556 Loading class java/util/concurrent/ScheduledThreadPoolExecutor done
Event: 58.557 Loading class java/util/concurrent/ScheduledThreadPoolExecutor$DelayedWorkQueue
Event: 58.557 Loading class java/util/concurrent/ScheduledThreadPoolExecutor$DelayedWorkQueue done
Event: 58.557 Loading class java/util/concurrent/RunnableScheduledFuture
Event: 58.557 Loading class java/util/concurrent/ScheduledFuture
Event: 58.557 Loading class java/util/concurrent/Delayed
Event: 58.557 Loading class java/util/concurrent/Delayed done
Event: 58.557 Loading class java/util/concurrent/ScheduledFuture done
Event: 58.557 Loading class java/util/concurrent/RunnableScheduledFuture done
Event: 58.558 Loading class java/util/concurrent/ScheduledThreadPoolExecutor$ScheduledFutureTask
Event: 58.558 Loading class java/util/concurrent/ScheduledThreadPoolExecutor$ScheduledFutureTask done
Event: 58.558 Loading class java/util/concurrent/TimeUnit$1
Event: 58.558 Loading class java/util/concurrent/TimeUnit$1 done

Classes unloaded (0 events):
No events

Classes redefined (0 events):
No events

Internal exceptions (20 events):
Event: 8.261 Thread 0x000000013723f000 Exception <a 'java/lang/NoSuchMethodError'{0x0000000791b4a088}: 'java.lang.Object java.lang.invoke.Invokers$Holder.linkToTargetMethod(java.lang.Object, long, java.lang.Object)'> (0x0000000791b4a088) 
thrown [src/hotspot/share/interpreter/linkResolver.cpp, line 759]
Event: 46.167 Thread 0x000000013723f000 Exception <a 'java/lang/NoSuchMethodError'{0x00000007916cd2d0}: 'java.lang.Object java.lang.invoke.DirectMethodHandle$Holder.newInvokeSpecial(java.lang.Object, java.lang.Object, int, int, int, int, int, java.lang.Object)'> (0x00000007916cd2d0) 
thrown [src/hotspot/share/interpreter/linkResolver.cpp, line 759]
Event: 46.169 Thread 0x000000013723f000 Exception <a 'java/lang/NoSuchMethodError'{0x00000007916e02a8}: 'java.lang.Object java.lang.invoke.DirectMethodHandle$Holder.newInvokeSpecial(java.lang.Object, java.lang.Object, java.lang.Object, int, int, int, int, int)'> (0x00000007916e02a8) 
thrown [src/hotspot/share/interpreter/linkResolver.cpp, line 759]
Event: 46.169 Thread 0x000000013723f000 Exception <a 'java/lang/NoSuchMethodError'{0x00000007916e7b08}: 'java.lang.Object java.lang.invoke.Invokers$Holder.linkToTargetMethod(java.lang.Object, java.lang.Object, int, int, int, int, int, java.lang.Object)'> (0x00000007916e7b08) 
thrown [src/hotspot/share/interpreter/linkResolver.cpp, line 759]
Event: 53.484 Thread 0x000000013723f000 Exception <a 'java/lang/NoSuchMethodError'{0x0000000792248908}: 'java.lang.Object java.lang.invoke.DirectMethodHandle$Holder.invokeSpecial(java.lang.Object, java.lang.Object, long, int, java.lang.Object, java.lang.Object, java.lang.Object, java.lang.Object, int)'> (0x0000000792248908) 
thrown [src/hotspot/share/interpreter/linkResolver.cpp, line 759]
Event: 53.484 Thread 0x000000013723f000 Exception <a 'java/lang/NoSuchMethodError'{0x000000079224c960}: 'java.lang.Object java.lang.invoke.DelegatingMethodHandle$Holder.reinvoke_L(java.lang.Object, long, int, java.lang.Object, java.lang.Object, java.lang.Object, java.lang.Object, int)'> (0x000000079224c960) 
thrown [src/hotspot/share/interpreter/linkResolver.cpp, line 759]
Event: 53.498 Thread 0x000000013723f000 Exception <a 'java/lang/NoSuchMethodError'{0x00000007922e8bd0}: 'int java.lang.invoke.DirectMethodHandle$Holder.invokeStaticInit(java.lang.Object, java.lang.Object, java.lang.Object, java.lang.Object)'> (0x00000007922e8bd0) 
thrown [src/hotspot/share/interpreter/linkResolver.cpp, line 759]
Event: 53.498 Thread 0x000000013723f000 Exception <a 'java/lang/IncompatibleClassChangeError'{0x00000007922f1f90}: Found class java.lang.Object, but interface was expected> (0x00000007922f1f90) 
thrown [src/hotspot/share/interpreter/linkResolver.cpp, line 826]
Event: 53.998 Thread 0x000000013723f000 Implicit null exception at 0x0000000111a746ec to 0x0000000111a7475c
Event: 54.059 Thread 0x000000013723f000 Exception <a 'java/io/FileNotFoundException'{0x00000007833ed4a8}> (0x00000007833ed4a8) 
thrown [src/hotspot/share/prims/jni.cpp, line 516]
Event: 54.059 Thread 0x000000013723f000 Exception <a 'java/io/FileNotFoundException'{0x00000007833f0e28}> (0x00000007833f0e28) 
thrown [src/hotspot/share/prims/jni.cpp, line 516]
Event: 54.059 Thread 0x000000013723f000 Exception <a 'java/io/FileNotFoundException'{0x00000007833f47a8}> (0x00000007833f47a8) 
thrown [src/hotspot/share/prims/jni.cpp, line 516]
Event: 54.095 Thread 0x000000013723f000 Implicit null exception at 0x0000000111af8740 to 0x0000000111af9a8c
Event: 54.096 Thread 0x000000013723f000 Implicit null exception at 0x0000000111ad0ab4 to 0x0000000111ad11bc
Event: 54.114 Thread 0x000000012600a400 Implicit null exception at 0x0000000111a9578c to 0x0000000111a95b74
Event: 58.629 Thread 0x000000013751a000 Implicit null exception at 0x0000000111aba178 to 0x0000000111aba234
Event: 58.696 Thread 0x000000013751a000 Exception <a 'java/lang/NoSuchMethodError'{0x0000000782f8dcb0}: 'void java.lang.invoke.DirectMethodHandle$Holder.invokeStatic(java.lang.Object, java.lang.Object, java.lang.Object, int)'> (0x0000000782f8dcb0) 
thrown [src/hotspot/share/interpreter/linkResolver.cpp, line 759]
Event: 58.696 Thread 0x000000013751a000 Exception <a 'java/lang/NoSuchMethodError'{0x0000000782f93e28}: 'java.lang.Object java.lang.invoke.DirectMethodHandle$Holder.newInvokeSpecial(java.lang.Object, java.lang.Object, java.lang.Object, int)'> (0x0000000782f93e28) 
thrown [src/hotspot/share/interpreter/linkResolver.cpp, line 759]
Event: 58.696 Thread 0x000000013751a000 Exception <a 'java/lang/NoSuchMethodError'{0x0000000782f97f60}: 'java.lang.Object java.lang.invoke.DirectMethodHandle$Holder.invokeSpecial(java.lang.Object, java.lang.Object, java.lang.Object, java.lang.Object, int)'> (0x0000000782f97f60) 
thrown [src/hotspot/share/interpreter/linkResolver.cpp, line 759]
Event: 58.696 Thread 0x000000013751a000 Exception <a 'java/lang/NoSuchMethodError'{0x0000000782f9b880}: 'java.lang.Object java.lang.invoke.Invokers$Holder.linkToTargetMethod(java.lang.Object, java.lang.Object, int, java.lang.Object)'> (0x0000000782f9b880) 
thrown [src/hotspot/share/interpreter/linkResolver.cpp, line 759]

VM Operations (20 events):
Event: 62.919 Executing VM operation: G1TryInitiateConcMark
Event: 62.922 Executing VM operation: G1TryInitiateConcMark done
Event: 63.257 Executing VM operation: G1TryInitiateConcMark
Event: 63.260 Executing VM operation: G1TryInitiateConcMark done
Event: 63.588 Executing VM operation: G1TryInitiateConcMark
Event: 63.591 Executing VM operation: G1TryInitiateConcMark done
Event: 63.880 Executing VM operation: G1TryInitiateConcMark
Event: 63.881 Executing VM operation: G1TryInitiateConcMark done
Event: 64.130 Executing VM operation: G1TryInitiateConcMark
Event: 64.130 Executing VM operation: G1TryInitiateConcMark done
Event: 64.376 Executing VM operation: G1TryInitiateConcMark
Event: 64.377 Executing VM operation: G1TryInitiateConcMark done
Event: 64.670 Executing VM operation: G1TryInitiateConcMark
Event: 64.671 Executing VM operation: G1TryInitiateConcMark done
Event: 64.920 Executing VM operation: G1TryInitiateConcMark
Event: 64.921 Executing VM operation: G1TryInitiateConcMark done
Event: 65.167 Executing VM operation: G1TryInitiateConcMark
Event: 65.169 Executing VM operation: G1TryInitiateConcMark done
Event: 66.174 Executing VM operation: Cleanup
Event: 66.174 Executing VM operation: Cleanup done

Memory protections (20 events):
Event: 0.970 Protecting memory [0x0000000172570000,0x000000017257c000] with protection modes 3
Event: 0.998 Protecting memory [0x0000000172920000,0x000000017292c000] with protection modes 0
Event: 1.369 Protecting memory [0x0000000172570000,0x000000017257c000] with protection modes 0
Event: 2.218 Protecting memory [0x0000000173a98000,0x0000000173aa4000] with protection modes 0
Event: 2.403 Protecting memory [0x0000000172570000,0x000000017257c000] with protection modes 3
Event: 6.736 Protecting memory [0x0000000172570000,0x000000017257c000] with protection modes 0
Event: 7.153 Protecting memory [0x0000000172570000,0x000000017257c000] with protection modes 3
Event: 8.103 Protecting memory [0x0000000172570000,0x000000017257c000] with protection modes 0
Event: 52.454 Protecting memory [0x0000000172570000,0x000000017257c000] with protection modes 3
Event: 52.488 Protecting memory [0x0000000172570000,0x000000017257c000] with protection modes 0
Event: 52.771 Protecting memory [0x0000000172570000,0x000000017257c000] with protection modes 3
Event: 52.904 Protecting memory [0x0000000172570000,0x000000017257c000] with protection modes 0
Event: 53.494 Protecting memory [0x0000000173eb0000,0x0000000173ebc000] with protection modes 0
Event: 58.558 Protecting memory [0x0000000336efc000,0x0000000336f08000] with protection modes 0
Event: 58.559 Protecting memory [0x0000000337108000,0x0000000337114000] with protection modes 0
Event: 65.538 Protecting memory [0x0000000172570000,0x000000017257c000] with protection modes 3
Event: 65.738 Protecting memory [0x0000000172570000,0x000000017257c000] with protection modes 0
Event: 66.021 Protecting memory [0x0000000172570000,0x000000017257c000] with protection modes 3
Event: 66.171 Protecting memory [0x0000000172570000,0x000000017257c000] with protection modes 0
Event: 66.255 Protecting memory [0x0000000337108000,0x0000000337114000] with protection modes 3

Nmethod flushes (0 events):
No events

Events (20 events):
Event: 0.970 Thread 0x0000000136b54800 Thread exited: 0x0000000136b54800
Event: 0.998 Thread 0x000000013723f000 Thread added: 0x0000000140a46200
Event: 1.369 Thread 0x0000000137a05400 Thread added: 0x0000000137a05400
Event: 2.218 Thread 0x000000012600a400 Thread added: 0x0000000137aed600
Event: 2.403 Thread 0x0000000137a05400 Thread exited: 0x0000000137a05400
Event: 6.736 Thread 0x0000000140b88400 Thread added: 0x0000000140b88400
Event: 7.153 Thread 0x0000000140b88400 Thread exited: 0x0000000140b88400
Event: 8.103 Thread 0x0000000137b32c00 Thread added: 0x0000000137b32c00
Event: 52.454 Thread 0x0000000137b32c00 Thread exited: 0x0000000137b32c00
Event: 52.488 Thread 0x0000000126024a00 Thread added: 0x0000000126024a00
Event: 52.771 Thread 0x0000000126024a00 Thread exited: 0x0000000126024a00
Event: 52.904 Thread 0x0000000126024a00 Thread added: 0x0000000126024a00
Event: 53.494 Thread 0x000000013723f000 Thread added: 0x0000000136b54800
Event: 58.558 Thread 0x000000013723f000 Thread added: 0x000000013751a000
Event: 58.559 Thread 0x000000013723f000 Thread added: 0x0000000177836400
Event: 65.538 Thread 0x0000000126024a00 Thread exited: 0x0000000126024a00
Event: 65.738 Thread 0x0000000126024a00 Thread added: 0x0000000126024a00
Event: 66.021 Thread 0x0000000126024a00 Thread exited: 0x0000000126024a00
Event: 66.171 Thread 0x000000017784e400 Thread added: 0x000000017784e400
Event: 66.255 Thread 0x0000000177836400 Thread exited: 0x0000000177836400


Dynamic libraries:
0x0000000100774000 	/opt/homebrew/Cellar/openjdk@17/17.0.18/libexec/openjdk.jdk/Contents/Home/lib/libjli.dylib
0x0000000193414000 	/usr/lib/libz.1.dylib
0x00000001934d1000 	/usr/lib/libSystem.B.dylib
0x00000001934cb000 	/usr/lib/system/libcache.dylib
0x0000000193484000 	/usr/lib/system/libcommonCrypto.dylib
0x00000001934b1000 	/usr/lib/system/libcompiler_rt.dylib
0x00000001934a6000 	/usr/lib/system/libcopyfile.dylib
0x00000001857c8000 	/usr/lib/system/libcorecrypto.dylib
0x00000001858ac000 	/usr/lib/system/libdispatch.dylib
0x0000000185a69000 	/usr/lib/system/libdyld.dylib
0x00000001934c1000 	/usr/lib/system/libkeymgr.dylib
0x0000000193462000 	/usr/lib/system/libmacho.dylib
0x00000001928c3000 	/usr/lib/system/libquarantine.dylib
0x00000001934be000 	/usr/lib/system/libremovefile.dylib
0x000000018b5a6000 	/usr/lib/system/libsystem_asl.dylib
0x000000018575d000 	/usr/lib/system/libsystem_blocks.dylib
0x00000001858f6000 	/usr/lib/system/libsystem_c.dylib
0x00000001934b5000 	/usr/lib/system/libsystem_collections.dylib
0x00000001919b8000 	/usr/lib/system/libsystem_configuration.dylib
0x000000019078c000 	/usr/lib/system/libsystem_containermanager.dylib
0x0000000192fcb000 	/usr/lib/system/libsystem_coreservices.dylib
0x0000000189180000 	/usr/lib/system/libsystem_darwin.dylib
0x000000025f50c000 	/usr/lib/system/libsystem_darwindirectory.dylib
0x00000001934c2000 	/usr/lib/system/libsystem_dnssd.dylib
0x000000025f510000 	/usr/lib/system/libsystem_eligibility.dylib
0x00000001858f3000 	/usr/lib/system/libsystem_featureflags.dylib
0x0000000185a9c000 	/usr/lib/system/libsystem_info.dylib
0x0000000193423000 	/usr/lib/system/libsystem_m.dylib
0x000000018586b000 	/usr/lib/system/libsystem_malloc.dylib
0x000000018b510000 	/usr/lib/system/libsystem_networkextension.dylib
0x00000001895e3000 	/usr/lib/system/libsystem_notify.dylib
0x00000001919bd000 	/usr/lib/system/libsystem_sandbox.dylib
0x000000025f517000 	/usr/lib/system/libsystem_sanitizers.dylib
0x00000001934ba000 	/usr/lib/system/libsystem_secinit.dylib
0x0000000185a21000 	/usr/lib/system/libsystem_kernel.dylib
0x0000000185a94000 	/usr/lib/system/libsystem_platform.dylib
0x0000000185a5c000 	/usr/lib/system/libsystem_pthread.dylib
0x000000018d07d000 	/usr/lib/system/libsystem_symptoms.dylib
0x00000001857ac000 	/usr/lib/system/libsystem_trace.dylib
0x0000000193492000 	/usr/lib/system/libunwind.dylib
0x0000000185761000 	/usr/lib/system/libxpc.dylib
0x0000000185688000 	/usr/lib/libobjc.A.dylib
0x0000000185acc000 	/System/Library/Frameworks/CoreFoundation.framework/Versions/A/CoreFoundation
0x000000019666a000 	/usr/lib/swift/libswiftCore.dylib
0x0000000185a06000 	/usr/lib/libc++abi.dylib
0x000000019349e000 	/usr/lib/liboah.dylib
0x0000000185978000 	/usr/lib/libc++.1.dylib
0x0000000186cac000 	/System/Library/Frameworks/Foundation.framework/Versions/C/Foundation
0x000000019f097000 	/usr/lib/swift/libswiftObjectiveC.dylib
0x0000000189481000 	/System/Library/PrivateFrameworks/CoreServicesInternal.framework/Versions/A/CoreServicesInternal
0x00000001934d3000 	/usr/lib/libfakelink.dylib
0x0000000188ebc000 	/usr/lib/libicucore.A.dylib
0x00000001934d6000 	/System/Library/PrivateFrameworks/SoftLinking.framework/Versions/A/SoftLinking
0x000000019aaef000 	/System/Library/Frameworks/CoreServices.framework/Versions/A/CoreServices
0x0000000188ad3000 	/System/Library/Frameworks/Security.framework/Versions/A/Security
0x0000000189502000 	/System/Library/Frameworks/IOKit.framework/Versions/A/IOKit
0x000000019e5f0000 	/System/Library/PrivateFrameworks/DiskImages.framework/Versions/A/DiskImages
0x00000001aa52d000 	/System/Library/Frameworks/NetFS.framework/Versions/A/NetFS
0x000000018b14a000 	/System/Library/Frameworks/CFNetwork.framework/Versions/A/CFNetwork
0x000000018ec34000 	/System/Library/Frameworks/CoreServices.framework/Versions/A/Frameworks/FSEvents.framework/Versions/A/FSEvents
0x000000018918b000 	/System/Library/Frameworks/CoreServices.framework/Versions/A/Frameworks/CarbonCore.framework/Versions/A/CarbonCore
0x000000018e108000 	/System/Library/Frameworks/CoreServices.framework/Versions/A/Frameworks/Metadata.framework/Versions/A/Metadata
0x0000000192fd2000 	/System/Library/Frameworks/CoreServices.framework/Versions/A/Frameworks/OSServices.framework/Versions/A/OSServices
0x00000001935b1000 	/System/Library/Frameworks/CoreServices.framework/Versions/A/Frameworks/SearchKit.framework/Versions/A/SearchKit
0x000000018cff8000 	/System/Library/Frameworks/CoreServices.framework/Versions/A/Frameworks/AE.framework/Versions/A/AE
0x0000000185fc3000 	/System/Library/Frameworks/CoreServices.framework/Versions/A/Frameworks/LaunchServices.framework/Versions/A/LaunchServices
0x0000000194915000 	/System/Library/Frameworks/CoreServices.framework/Versions/A/Frameworks/DictionaryServices.framework/Versions/A/DictionaryServices
0x000000018ec42000 	/System/Library/Frameworks/CoreServices.framework/Versions/A/Frameworks/SharedFileList.framework/Versions/A/SharedFileList
0x0000000186907000 	/System/Library/Frameworks/SystemConfiguration.framework/Versions/A/SystemConfiguration
0x000000019364c000 	/usr/lib/libapple_nghttp2.dylib
0x0000000193682000 	/usr/lib/libcompression.dylib
0x000000018cc60000 	/usr/lib/libsqlite3.dylib
0x000000018e077000 	/System/Library/PrivateFrameworks/CoreAnalytics.framework/Versions/A/CoreAnalytics
0x000000018baf9000 	/System/Library/Frameworks/CoreGraphics.framework/Versions/A/CoreGraphics
0x0000000197373000 	/System/Library/Frameworks/GSS.framework/Versions/A/GSS
0x0000000195ba0000 	/System/Library/PrivateFrameworks/InternationalSupport.framework/Versions/A/InternationalSupport
0x000000018cf91000 	/System/Library/PrivateFrameworks/RunningBoardServices.framework/Versions/A/RunningBoardServices
0x000000018b52b000 	/usr/lib/libenergytrace.dylib
0x000000018d086000 	/System/Library/Frameworks/Network.framework/Versions/A/Network
0x000000018e0a6000 	/usr/lib/libDiagnosticMessagesClient.dylib
0x00000001928ea000 	/usr/lib/libbsm.0.dylib
0x0000000193467000 	/usr/lib/system/libkxld.dylib
0x000000025e4db000 	/usr/lib/libCoreEntitlements.dylib
0x000000023e7c7000 	/System/Library/PrivateFrameworks/MessageSecurity.framework/Versions/A/MessageSecurity
0x000000018cc46000 	/System/Library/PrivateFrameworks/ProtocolBuffer.framework/Versions/A/ProtocolBuffer
0x000000018b52d000 	/usr/lib/libMobileGestalt.dylib
0x0000000192fb3000 	/System/Library/PrivateFrameworks/AppleFSCompression.framework/Versions/A/AppleFSCompression
0x00000001928d2000 	/usr/lib/libcoretls.dylib
0x000000019498b000 	/usr/lib/libcoretls_cfhelpers.dylib
0x000000019367c000 	/usr/lib/libpam.2.dylib
0x00000001949fe000 	/usr/lib/libxar.1.dylib
0x000000018ec70000 	/System/Library/PrivateFrameworks/CoreAutoLayout.framework/Versions/A/CoreAutoLayout
0x000000018e191000 	/System/Library/Frameworks/DiskArbitration.framework/Versions/A/DiskArbitration
0x0000000193528000 	/usr/lib/libarchive.2.dylib
0x000000018ecba000 	/usr/lib/libxml2.2.dylib
0x00000001919cb000 	/usr/lib/liblangid.dylib
0x0000000198a11000 	/System/Library/Frameworks/Combine.framework/Versions/A/Combine
0x00000002298fb000 	/System/Library/PrivateFrameworks/CollectionsInternal.framework/Versions/A/CollectionsInternal
0x0000000245a10000 	/System/Library/PrivateFrameworks/ReflectionInternal.framework/Versions/A/ReflectionInternal
0x0000000246598000 	/System/Library/PrivateFrameworks/RuntimeInternal.framework/Versions/A/RuntimeInternal
0x00000001ad180000 	/usr/lib/swift/libswiftCoreFoundation.dylib
0x00000001aa9f7000 	/usr/lib/swift/libswiftDarwin.dylib
0x000000019c4d5000 	/usr/lib/swift/libswiftDispatch.dylib
0x00000001ad1de000 	/usr/lib/swift/libswiftIOKit.dylib
0x000000025f121000 	/usr/lib/swift/libswiftSystem.dylib
0x00000001ad192000 	/usr/lib/swift/libswiftXPC.dylib
0x000000025f19a000 	/usr/lib/swift/libswift_Builtin_float.dylib
0x000000025f19f000 	/usr/lib/swift/libswift_Concurrency.dylib
0x000000025f307000 	/usr/lib/swift/libswift_StringProcessing.dylib
0x000000025f3ba000 	/usr/lib/swift/libswift_errno.dylib
0x000000025f3bc000 	/usr/lib/swift/libswift_math.dylib
0x000000025f3bf000 	/usr/lib/swift/libswift_signal.dylib
0x000000025f3c0000 	/usr/lib/swift/libswift_stdio.dylib
0x000000025f3c1000 	/usr/lib/swift/libswift_time.dylib
0x000000019f09b000 	/usr/lib/swift/libswiftos.dylib
0x000000025f3c2000 	/usr/lib/swift/libswiftsys_time.dylib
0x000000025f3c3000 	/usr/lib/swift/libswiftunistd.dylib
0x00000001919c6000 	/System/Library/PrivateFrameworks/AppleSystemInfo.framework/Versions/A/AppleSystemInfo
0x00000001ad072000 	/System/Library/PrivateFrameworks/LoggingSupport.framework/Versions/A/LoggingSupport
0x000000018ee44000 	/System/Library/PrivateFrameworks/UserManagement.framework/Versions/A/UserManagement
0x000000018b07f000 	/usr/lib/libboringssl.dylib
0x000000018d06c000 	/usr/lib/libdns_services.dylib
0x00000001ac292000 	/usr/lib/libquic.dylib
0x00000001965fa000 	/usr/lib/libusrtcp.dylib
0x000000025f06c000 	/usr/lib/swift/libswiftDistributed.dylib
0x000000018b149000 	/usr/lib/libnetwork.dylib
0x0000000193626000 	/System/Library/PrivateFrameworks/AppleSauce.framework/Versions/A/AppleSauce
0x00000001867a5000 	/System/Library/PrivateFrameworks/Lexicon.framework/Versions/A/Lexicon
0x000000023869e000 	/System/Library/PrivateFrameworks/IO80211.framework/Versions/A/IO80211
0x000000019c772000 	/System/Library/PrivateFrameworks/FrontBoardServices.framework/Versions/A/FrontBoardServices
0x00000001927fa000 	/System/Library/Frameworks/SecurityFoundation.framework/Versions/A/SecurityFoundation
0x0000000191aed000 	/System/Library/PrivateFrameworks/LinguisticData.framework/Versions/A/LinguisticData
0x00000001925d5000 	/System/Library/PrivateFrameworks/IOMobileFramebuffer.framework/Versions/A/IOMobileFramebuffer
0x00000001907bb000 	/System/Library/Frameworks/IOSurface.framework/Versions/A/IOSurface
0x000000018ceac000 	/System/Library/PrivateFrameworks/BaseBoard.framework/Versions/A/BaseBoard
0x000000019c83e000 	/System/Library/PrivateFrameworks/BoardServices.framework/Versions/A/BoardServices
0x00000001927ec000 	/System/Library/PrivateFrameworks/AssertionServices.framework/Versions/A/AssertionServices
0x000000019e42c000 	/System/Library/PrivateFrameworks/BackBoardServices.framework/Versions/A/BackBoardServices
0x00000001911d4000 	/System/Library/Frameworks/ImageIO.framework/Versions/A/ImageIO
0x000000018b5e5000 	/System/Library/PrivateFrameworks/SkyLight.framework/Versions/A/SkyLight
0x0000000190be8000 	/System/Library/PrivateFrameworks/FontServices.framework/libFontParser.dylib
0x000000019ad95000 	/System/Library/Frameworks/Accelerate.framework/Versions/A/Accelerate
0x000000018b5bf000 	/System/Library/PrivateFrameworks/TCC.framework/Versions/A/TCC
0x00000001a1d60000 	/System/Library/PrivateFrameworks/IOSurfaceAccelerator.framework/Versions/A/IOSurfaceAccelerator
0x000000019545f000 	/System/Library/PrivateFrameworks/WatchdogClient.framework/Versions/A/WatchdogClient
0x0000000187cb9000 	/System/Library/Frameworks/CoreDisplay.framework/Versions/A/CoreDisplay
0x0000000190a7f000 	/System/Library/Frameworks/CoreMedia.framework/Versions/A/CoreMedia
0x00000001907d4000 	/System/Library/PrivateFrameworks/IOAccelerator.framework/Versions/A/IOAccelerator
0x00000001907de000 	/System/Library/Frameworks/Metal.framework/Versions/A/Metal
0x000000018eda4000 	/System/Library/Frameworks/CoreVideo.framework/Versions/A/CoreVideo
0x000000019367a000 	/System/Library/Frameworks/MetalPerformanceShaders.framework/Versions/A/MetalPerformanceShaders
0x0000000195461000 	/System/Library/PrivateFrameworks/MultitouchSupport.framework/Versions/A/MultitouchSupport
0x000000018e573000 	/System/Library/Frameworks/QuartzCore.framework/Versions/A/QuartzCore
0x0000000244fa2000 	/System/Library/PrivateFrameworks/ProDisplayLibrary.framework/Versions/A/ProDisplayLibrary
0x00000001954a6000 	/System/Library/Frameworks/VideoToolbox.framework/Versions/A/VideoToolbox
0x00000001b94de000 	/usr/lib/swift/libswiftMetal.dylib
0x00000001c74ba000 	/usr/lib/swift/libswiftOSLog.dylib
0x00000001bdda6000 	/usr/lib/swift/libswiftQuartzCore.dylib
0x00000001c2220000 	/usr/lib/swift/libswiftUniformTypeIdentifiers.dylib
0x00000001b07cd000 	/usr/lib/swift/libswiftsimd.dylib
0x00000001927d3000 	/System/Library/PrivateFrameworks/MobileKeyBag.framework/Versions/A/MobileKeyBag
0x00000001919c4000 	/System/Library/PrivateFrameworks/AggregateDictionary.framework/Versions/A/AggregateDictionary
0x000000019498d000 	/System/Library/PrivateFrameworks/APFS.framework/Versions/A/APFS
0x0000000226356000 	/System/Library/PrivateFrameworks/AppleKeyStore.framework/Versions/A/AppleKeyStore
0x0000000194a0d000 	/usr/lib/libutil.dylib
0x000000025f0a4000 	/usr/lib/swift/libswiftObservation.dylib
0x000000019496c000 	/usr/lib/liblzma.5.dylib
0x000000018e19a000 	/System/Library/Frameworks/Accelerate.framework/Versions/A/Frameworks/vImage.framework/Versions/A/vImage
0x000000019aaca000 	/System/Library/Frameworks/Accelerate.framework/Versions/A/Frameworks/vecLib.framework/Versions/A/vecLib
0x0000000194a45000 	/System/Library/Frameworks/Accelerate.framework/Versions/A/Frameworks/vecLib.framework/Versions/A/libvMisc.dylib
0x0000000186415000 	/System/Library/Frameworks/Accelerate.framework/Versions/A/Frameworks/vecLib.framework/Versions/A/libBLAS.dylib
0x000000019eb3c000 	/System/Library/Frameworks/ApplicationServices.framework/Versions/A/ApplicationServices
0x000000018c202000 	/System/Library/Frameworks/ColorSync.framework/Versions/A/ColorSync
0x0000000188188000 	/System/Library/Frameworks/CoreText.framework/Versions/A/CoreText
0x0000000196f50000 	/System/Library/Frameworks/ApplicationServices.framework/Versions/A/Frameworks/ATS.framework/Versions/A/ATS
0x000000018c3b8000 	/System/Library/Frameworks/ApplicationServices.framework/Versions/A/Frameworks/HIServices.framework/Versions/A/HIServices
0x0000000195a80000 	/System/Library/Frameworks/ApplicationServices.framework/Versions/A/Frameworks/PrintCore.framework/Versions/A/PrintCore
0x000000019733c000 	/System/Library/Frameworks/ApplicationServices.framework/Versions/A/Frameworks/QD.framework/Versions/A/QD
0x0000000197333000 	/System/Library/Frameworks/ApplicationServices.framework/Versions/A/Frameworks/ColorSyncLegacy.framework/Versions/A/ColorSyncLegacy
0x0000000196f22000 	/System/Library/Frameworks/ApplicationServices.framework/Versions/A/Frameworks/SpeechSynthesis.framework/Versions/A/SpeechSynthesis
0x00000002301ec000 	/System/Library/PrivateFrameworks/FontServices.framework/Versions/A/FontServices
0x000000018abd1000 	/System/Library/Frameworks/UniformTypeIdentifiers.framework/Versions/A/UniformTypeIdentifiers
0x0000000194f9e000 	/System/Library/PrivateFrameworks/OTSVG.framework/Versions/A/OTSVG
0x000000018e934000 	/System/Library/Frameworks/ApplicationServices.framework/Versions/A/Frameworks/ATS.framework/Versions/A/Resources/libFontRegistry.dylib
0x0000000194fe8000 	/System/Library/PrivateFrameworks/FontServices.framework/libhvf.dylib
0x00000002413e3000 	/System/Library/PrivateFrameworks/ParsingInternal.framework/Versions/A/ParsingInternal
0x000000025f0c3000 	/usr/lib/swift/libswiftRegexBuilder.dylib
0x000000025f260000 	/usr/lib/swift/libswift_RegexParser.dylib
0x0000000195326000 	/System/Library/PrivateFrameworks/AppleJPEG.framework/Versions/A/AppleJPEG
0x0000000194dba000 	/usr/lib/libexpat.1.dylib
0x0000000195955000 	/System/Library/Frameworks/ImageIO.framework/Versions/A/Resources/libPng.dylib
0x0000000195980000 	/System/Library/Frameworks/ImageIO.framework/Versions/A/Resources/libTIFF.dylib
0x0000000195a6b000 	/System/Library/Frameworks/ImageIO.framework/Versions/A/Resources/libGIF.dylib
0x000000019536c000 	/System/Library/Frameworks/ImageIO.framework/Versions/A/Resources/libJP2.dylib
0x0000000194ac2000 	/usr/lib/libate.dylib
0x0000000195a11000 	/System/Library/Frameworks/ImageIO.framework/Versions/A/Resources/libJPEG.dylib
0x0000000195a08000 	/System/Library/Frameworks/ImageIO.framework/Versions/A/Resources/libRadiance.dylib
0x0000000234d94000 	/System/Library/PrivateFrameworks/GPUCompiler.framework/Versions/32023/Libraries/libllvm-flatbuffers.dylib
0x00000002302b2000 	/System/Library/PrivateFrameworks/FramePacing.framework/Versions/A/FramePacing
0x00000001e0ebf000 	/System/Library/Frameworks/OpenGL.framework/Versions/A/Libraries/libCoreFSCache.dylib
0x0000000230e71000 	/System/Library/PrivateFrameworks/GPUCompiler.framework/Versions/32023/Libraries/libGPUCompilerUtils.dylib
0x00000002301ed000 	/System/Library/PrivateFrameworks/FontServices.framework/libXTFontStaticRegistryData.dylib
0x000000019154f000 	/System/Library/Frameworks/CoreImage.framework/Versions/A/CoreImage
0x00000001a01d2000 	/System/Library/PrivateFrameworks/ASEProcessing.framework/Versions/A/ASEProcessing
0x00000001cab33000 	/System/Library/PrivateFrameworks/Symbolication.framework/Versions/A/Symbolication
0x0000000244268000 	/System/Library/PrivateFrameworks/PhotosensitivityProcessing.framework/Versions/A/PhotosensitivityProcessing
0x00000001e0ecd000 	/System/Library/Frameworks/OpenGL.framework/Versions/A/OpenGL
0x0000000194f92000 	/System/Library/PrivateFrameworks/GraphVisualizer.framework/Versions/A/GraphVisualizer
0x00000001e0f1f000 	/System/Library/Frameworks/OpenGL.framework/Versions/A/Libraries/libGLU.dylib
0x00000001e0ee1000 	/System/Library/Frameworks/OpenGL.framework/Versions/A/Libraries/libGFXShared.dylib
0x00000001e10b2000 	/System/Library/Frameworks/OpenGL.framework/Versions/A/Libraries/libGL.dylib
0x00000001e0eea000 	/System/Library/Frameworks/OpenGL.framework/Versions/A/Libraries/libGLImage.dylib
0x00000001e0ede000 	/System/Library/Frameworks/OpenGL.framework/Versions/A/Libraries/libCVMSPluginSupport.dylib
0x000000025e67e000 	/usr/lib/libRosetta.dylib
0x00000001e0ec7000 	/System/Library/Frameworks/OpenGL.framework/Versions/A/Libraries/libCoreVMClient.dylib
0x0000000191907000 	/System/Library/Frameworks/MetalPerformanceShaders.framework/Versions/A/Frameworks/MPSCore.framework/Versions/A/MPSCore
0x0000000192f1f000 	/System/Library/Frameworks/MetalPerformanceShaders.framework/Versions/A/Frameworks/MPSImage.framework/Versions/A/MPSImage
0x000000019296b000 	/System/Library/Frameworks/MetalPerformanceShaders.framework/Versions/A/Frameworks/MPSNeuralNetwork.framework/Versions/A/MPSNeuralNetwork
0x0000000192da1000 	/System/Library/Frameworks/MetalPerformanceShaders.framework/Versions/A/Frameworks/MPSMatrix.framework/Versions/A/MPSMatrix
0x0000000192bb9000 	/System/Library/Frameworks/MetalPerformanceShaders.framework/Versions/A/Frameworks/MPSRayIntersector.framework/Versions/A/MPSRayIntersector
0x0000000192dd3000 	/System/Library/Frameworks/MetalPerformanceShaders.framework/Versions/A/Frameworks/MPSNDArray.framework/Versions/A/MPSNDArray
0x00000001e451c000 	/System/Library/Frameworks/MetalPerformanceShaders.framework/Versions/A/Frameworks/MPSFunctions.framework/Versions/A/MPSFunctions
0x00000001e4500000 	/System/Library/Frameworks/MetalPerformanceShaders.framework/Versions/A/Frameworks/MPSBenchmarkLoop.framework/Versions/A/MPSBenchmarkLoop
0x0000000186299000 	/System/Library/PrivateFrameworks/MetalTools.framework/Versions/A/MetalTools
0x00000001b1b04000 	/System/Library/PrivateFrameworks/IOAccelMemoryInfo.framework/Versions/A/IOAccelMemoryInfo
0x00000001be19f000 	/System/Library/PrivateFrameworks/kperf.framework/Versions/A/kperf
0x00000001ad157000 	/System/Library/PrivateFrameworks/GPURawCounter.framework/Versions/A/GPURawCounter
0x000000019cc86000 	/System/Library/PrivateFrameworks/CoreSymbolication.framework/Versions/A/CoreSymbolication
0x00000001ad0f0000 	/System/Library/PrivateFrameworks/MallocStackLogging.framework/Versions/A/MallocStackLogging
0x0000000194b5c000 	/System/Library/PrivateFrameworks/CrashReporterSupport.framework/Versions/A/CrashReporterSupport
0x000000019cc40000 	/System/Library/PrivateFrameworks/DebugSymbols.framework/Versions/A/DebugSymbols
0x00000001bd451000 	/System/Library/PrivateFrameworks/OSAnalytics.framework/Versions/A/OSAnalytics
0x0000000195a3c000 	/System/Library/Frameworks/ApplicationServices.framework/Versions/A/Frameworks/ATSUI.framework/Versions/A/ATSUI
0x00000001972c6000 	/usr/lib/libcups.2.dylib
0x0000000197361000 	/System/Library/Frameworks/Kerberos.framework/Versions/A/Kerberos
0x0000000196fcf000 	/usr/lib/libresolv.9.dylib
0x000000019350d000 	/usr/lib/libiconv.2.dylib
0x0000000194ffa000 	/System/Library/PrivateFrameworks/Heimdal.framework/Versions/A/Heimdal
0x000000019eff2000 	/System/Library/Frameworks/Kerberos.framework/Versions/A/Libraries/libHeimdalProxy.dylib
0x0000000194dd5000 	/usr/lib/libheimdal-asn1.dylib
0x000000018ec07000 	/System/Library/Frameworks/OpenDirectory.framework/Versions/A/OpenDirectory
0x00000001973ce000 	/System/Library/PrivateFrameworks/CommonAuth.framework/Versions/A/CommonAuth
0x000000018ec15000 	/System/Library/Frameworks/OpenDirectory.framework/Versions/A/Frameworks/CFOpenDirectory.framework/Versions/A/CFOpenDirectory
0x0000000193461000 	/usr/lib/libcharset.1.dylib
0x00000001e143e000 	/System/Library/Frameworks/AVFAudio.framework/Versions/A/AVFAudio
0x00000001a7514000 	/System/Library/PrivateFrameworks/AXCoreUtilities.framework/Versions/A/AXCoreUtilities
0x0000000196d09000 	/System/Library/Frameworks/AudioToolbox.framework/Versions/A/AudioToolbox
0x0000000188396000 	/System/Library/Frameworks/CoreAudio.framework/Versions/A/CoreAudio
0x000000023b595000 	/System/Library/PrivateFrameworks/IsolatedCoreAudioClient.framework/Versions/A/IsolatedCoreAudioClient
0x0000000196f09000 	/usr/lib/libAudioStatistics.dylib
0x0000000190a57000 	/System/Library/PrivateFrameworks/caulk.framework/Versions/A/caulk
0x0000000187dda000 	/System/Library/PrivateFrameworks/AudioToolboxCore.framework/Versions/A/AudioToolboxCore
0x00000001a1234000 	/System/Library/Frameworks/CoreMIDI.framework/Versions/A/CoreMIDI
0x0000000196eac000 	/System/Library/PrivateFrameworks/AudioSession.framework/Versions/A/AudioSession
0x00000001987a6000 	/System/Library/Frameworks/IOBluetooth.framework/Versions/A/IOBluetooth
0x0000000194ebb000 	/System/Library/PrivateFrameworks/MediaExperience.framework/Versions/A/MediaExperience
0x00000002517a4000 	/System/Library/PrivateFrameworks/Tightbeam.framework/Versions/A/Tightbeam
0x00000001c28e5000 	/System/Library/PrivateFrameworks/AFKUser.framework/Versions/A/AFKUser
0x0000000194fde000 	/System/Library/PrivateFrameworks/AppServerSupport.framework/Versions/A/AppServerSupport
0x0000000197346000 	/System/Library/PrivateFrameworks/perfdata.framework/Versions/A/perfdata
0x00000001ac389000 	/System/Library/PrivateFrameworks/SystemPolicy.framework/Versions/A/SystemPolicy
0x00000001971e5000 	/usr/lib/libSMC.dylib
0x000000019591f000 	/usr/lib/libAudioToolboxUtility.dylib
0x0000000197353000 	/usr/lib/libperfcheck.dylib
0x00000002268d8000 	/System/Library/PrivateFrameworks/AudioAnalytics.framework/Versions/A/AudioAnalytics
0x00000001d5785000 	/System/Library/PrivateFrameworks/FeatureFlags.framework/Versions/A/FeatureFlags
0x00000001ce582000 	/System/Library/Frameworks/OSLog.framework/Versions/A/OSLog
0x0000000192fbf000 	/usr/lib/libbz2.1.0.dylib
0x00000001ad122000 	/usr/lib/libmis.dylib
0x0000000196cc0000 	/System/Library/PrivateFrameworks/AudioSession.framework/libSessionUtility.dylib
0x0000000195a71000 	/System/Library/PrivateFrameworks/CMCaptureCore.framework/Versions/A/CMCaptureCore
0x0000000194ff4000 	/usr/lib/libspindump.dylib
0x00000001e2aa7000 	/System/Library/Frameworks/ExtensionFoundation.framework/Versions/A/ExtensionFoundation
0x000000019cd9a000 	/System/Library/PrivateFrameworks/CoreTime.framework/Versions/A/CoreTime
0x0000000194cb7000 	/System/Library/PrivateFrameworks/PlugInKit.framework/Versions/A/PlugInKit
0x000000019b9dd000 	/System/Library/PrivateFrameworks/PowerLog.framework/Versions/A/PowerLog
0x000000019b8ef000 	/System/Library/Frameworks/CoreBluetooth.framework/Versions/A/CoreBluetooth
0x000000019eff3000 	/System/Library/Frameworks/AudioUnit.framework/Versions/A/AudioUnit
0x0000000192664000 	/System/Library/PrivateFrameworks/CoreUtils.framework/Versions/A/CoreUtils
0x000000022d255000 	/System/Library/PrivateFrameworks/CoreUtilsExtras.framework/Versions/A/CoreUtilsExtras
0x000000019ade4000 	/System/Library/Frameworks/MediaAccessibility.framework/Versions/A/MediaAccessibility
0x00000001b5276000 	/System/Library/PrivateFrameworks/AttributeGraph.framework/Versions/A/AttributeGraph
0x000000025e320000 	/usr/lib/libAXSafeCategoryBundle.dylib
0x00000001a75ce000 	/usr/lib/libAccessibility.dylib
0x00000001924af000 	/System/Library/Frameworks/Accelerate.framework/Versions/A/Frameworks/vecLib.framework/Versions/A/libvDSP.dylib
0x0000000193758000 	/System/Library/Frameworks/Accelerate.framework/Versions/A/Frameworks/vecLib.framework/Versions/A/libLAPACK.dylib
0x0000000192956000 	/System/Library/Frameworks/Accelerate.framework/Versions/A/Frameworks/vecLib.framework/Versions/A/libLinearAlgebra.dylib
0x0000000193667000 	/System/Library/Frameworks/Accelerate.framework/Versions/A/Frameworks/vecLib.framework/Versions/A/libSparseBLAS.dylib
0x0000000193753000 	/System/Library/Frameworks/Accelerate.framework/Versions/A/Frameworks/vecLib.framework/Versions/A/libQuadrature.dylib
0x0000000191af4000 	/System/Library/Frameworks/Accelerate.framework/Versions/A/Frameworks/vecLib.framework/Versions/A/libBNNS.dylib
0x00000001868a6000 	/System/Library/Frameworks/Accelerate.framework/Versions/A/Frameworks/vecLib.framework/Versions/A/libSparse.dylib
0x000000023ca47000 	/System/Library/PrivateFrameworks/MIL.framework/Versions/A/MIL
0x0000000195a03000 	/System/Library/PrivateFrameworks/GPUWrangler.framework/Versions/A/GPUWrangler
0x00000001959e3000 	/System/Library/PrivateFrameworks/IOPresentment.framework/Versions/A/IOPresentment
0x0000000195a0b000 	/System/Library/PrivateFrameworks/DSExternalDisplay.framework/Versions/A/DSExternalDisplay
0x00000001ce982000 	/System/Library/PrivateFrameworks/HIDDisplay.framework/Versions/A/HIDDisplay
0x00000001a6334000 	/System/Library/PrivateFrameworks/HID.framework/Versions/A/HID
0x0000000254c17000 	/System/Library/PrivateFrameworks/VideoToolboxParavirtualizationSupport.framework/Versions/A/VideoToolboxParavirtualizationSupport
0x0000000194d70000 	/System/Library/PrivateFrameworks/AppleVA.framework/Versions/A/AppleVA
0x000000019c8e8000 	/System/Library/PrivateFrameworks/GraphicsServices.framework/Versions/A/GraphicsServices
0x000000018c85c000 	/System/Library/Frameworks/CoreData.framework/Versions/A/CoreData
0x0000000197532000 	/System/Library/PrivateFrameworks/CorePhoneNumbers.framework/Versions/A/CorePhoneNumbers
0x000000019bacd000 	/System/Library/PrivateFrameworks/MediaKit.framework/Versions/A/MediaKit
0x000000019ba18000 	/System/Library/Frameworks/DiscRecording.framework/Versions/A/DiscRecording
0x00000001919cd000 	/System/Library/PrivateFrameworks/CoreNLP.framework/Versions/A/CoreNLP
0x00000001928fc000 	/usr/lib/libmecab.dylib
0x000000018699b000 	/usr/lib/libCRFSuite.dylib
0x0000000192953000 	/usr/lib/libgermantok.dylib
0x000000019361d000 	/usr/lib/libThaiTokenizer.dylib
0x00000001e23c6000 	/System/Library/Frameworks/CoreTransferable.framework/Versions/A/CoreTransferable
0x0000000197326000 	/System/Library/PrivateFrameworks/NetAuth.framework/Versions/A/NetAuth
0x0000000194e2b000 	/System/Library/PrivateFrameworks/IconServices.framework/Versions/A/IconServices
0x000000018ee05000 	/System/Library/PrivateFrameworks/login.framework/Versions/A/Frameworks/loginsupport.framework/Versions/A/loginsupport
0x00000001ad1dd000 	/usr/lib/swift/libswiftCoreImage.dylib
0x0000000194de0000 	/System/Library/PrivateFrameworks/IconFoundation.framework/Versions/A/IconFoundation
0x000000018e986000 	/System/Library/PrivateFrameworks/CoreUI.framework/Versions/A/CoreUI
0x0000000195af8000 	/System/Library/PrivateFrameworks/TextureIO.framework/Versions/A/TextureIO
0x0000000191198000 	/System/Library/PrivateFrameworks/CoreSVG.framework/Versions/A/CoreSVG
0x00000001c222f000 	/usr/lib/swift/libswiftAccelerate.dylib
0x0000000194b53000 	/usr/lib/libIOReport.dylib
0x000000018aa27000 	/System/Library/PrivateFrameworks/UIFoundation.framework/Versions/A/UIFoundation
0x00000001928c6000 	/usr/lib/libCheckFix.dylib
0x000000018e0a8000 	/System/Library/PrivateFrameworks/MetadataUtilities.framework/Versions/A/MetadataUtilities
0x0000000238ce7000 	/System/Library/PrivateFrameworks/InstalledContentLibrary.framework/Versions/A/InstalledContentLibrary
0x00000001894c1000 	/System/Library/PrivateFrameworks/CoreServicesStore.framework/Versions/A/CoreServicesStore
0x000000018ec6c000 	/usr/lib/libapp_launch_measurement.dylib
0x0000000226550000 	/System/Library/PrivateFrameworks/AppleMobileFileIntegrity.framework/Versions/A/AppleMobileFileIntegrity
0x00000001be29b000 	/System/Library/PrivateFrameworks/MobileSystemServices.framework/Versions/A/MobileSystemServices
0x00000001dde99000 	/System/Library/PrivateFrameworks/ConfigProfileHelper.framework/Versions/A/ConfigProfileHelper
0x0000000194a11000 	/usr/lib/libxslt.1.dylib
0x0000000192888000 	/System/Library/PrivateFrameworks/BackgroundTaskManagement.framework/Versions/A/BackgroundTaskManagement
0x000000025e6c4000 	/usr/lib/libTLE.dylib
0x000000019e7b2000 	/usr/lib/libcurl.4.dylib
0x000000025e8fc000 	/usr/lib/libcrypto.46.dylib
0x000000025ee48000 	/usr/lib/libssl.48.dylib
0x000000019e486000 	/System/Library/Frameworks/LDAP.framework/Versions/A/LDAP
0x000000019e4c2000 	/System/Library/PrivateFrameworks/TrustEvaluationAgent.framework/Versions/A/TrustEvaluationAgent
0x0000000196fe8000 	/usr/lib/libsasl2.2.dylib
0x00000001a13fb000 	/System/Library/Frameworks/Cocoa.framework/Versions/A/Cocoa
0x0000000189652000 	/System/Library/Frameworks/AppKit.framework/Versions/C/AppKit
0x00000002298d7000 	/System/Library/PrivateFrameworks/CollectionViewCore.framework/Versions/A/CollectionViewCore
0x000000019a6d2000 	/System/Library/PrivateFrameworks/RemoteViewServices.framework/Versions/A/RemoteViewServices
0x0000000191192000 	/System/Library/PrivateFrameworks/XCTTargetBootstrap.framework/Versions/A/XCTTargetBootstrap
0x0000000195bff000 	/System/Library/PrivateFrameworks/UserActivity.framework/Versions/A/UserActivity
0x00000002533f1000 	/System/Library/PrivateFrameworks/UIIntelligenceSupport.framework/Versions/A/UIIntelligenceSupport
0x0000000257f05000 	/System/Library/PrivateFrameworks/WritingTools.framework/Versions/A/WritingTools
0x0000000256f45000 	/System/Library/PrivateFrameworks/WindowManagement.framework/Versions/A/WindowManagement
0x000000019117d000 	/System/Library/PrivateFrameworks/DFRFoundation.framework/Versions/A/DFRFoundation
0x0000000195bb0000 	/System/Library/PrivateFrameworks/DataDetectorsCore.framework/Versions/A/DataDetectorsCore
0x00000001b0872000 	/System/Library/PrivateFrameworks/TextInput.framework/Versions/A/TextInput
0x0000000190e75000 	/System/Library/Frameworks/Carbon.framework/Versions/A/Frameworks/HIToolbox.framework/Versions/A/HIToolbox
0x000000019a70c000 	/System/Library/Frameworks/Carbon.framework/Versions/A/Frameworks/SpeechRecognition.framework/Versions/A/SpeechRecognition
0x00000001a56c1000 	/System/Library/PrivateFrameworks/RenderBox.framework/Versions/A/RenderBox
0x000000018ebfd000 	/System/Library/PrivateFrameworks/PerformanceAnalysis.framework/Versions/A/PerformanceAnalysis
0x000000019aa71000 	/System/Library/Frameworks/Accessibility.framework/Versions/A/Accessibility
0x00000001e295a000 	/System/Library/Frameworks/DeveloperToolsSupport.framework/Versions/A/DeveloperToolsSupport
0x000000022161f000 	/System/Library/Frameworks/Symbols.framework/Versions/A/Symbols
0x000000019a6fa000 	/System/Library/PrivateFrameworks/SpeechRecognitionCore.framework/Versions/A/SpeechRecognitionCore
0x000000010157c000 	/opt/homebrew/Cellar/openjdk@17/17.0.18/libexec/openjdk.jdk/Contents/Home/lib/server/libjvm.dylib
0x00000001007dc000 	/opt/homebrew/Cellar/openjdk@17/17.0.18/libexec/openjdk.jdk/Contents/Home/lib/libjimage.dylib
0x000000010080c000 	/opt/homebrew/Cellar/openjdk@17/17.0.18/libexec/openjdk.jdk/Contents/Home/lib/libinstrument.dylib
0x000000010085c000 	/opt/homebrew/Cellar/openjdk@17/17.0.18/libexec/openjdk.jdk/Contents/Home/lib/libjava.dylib
0x0000000101310000 	/opt/homebrew/Cellar/openjdk@17/17.0.18/libexec/openjdk.jdk/Contents/Home/lib/libzip.dylib
0x0000000101328000 	/opt/homebrew/Cellar/openjdk@17/17.0.18/libexec/openjdk.jdk/Contents/Home/lib/libnio.dylib
0x0000000101348000 	/opt/homebrew/Cellar/openjdk@17/17.0.18/libexec/openjdk.jdk/Contents/Home/lib/libnet.dylib
0x0000000100844000 	/opt/homebrew/Cellar/openjdk@17/17.0.18/libexec/openjdk.jdk/Contents/Home/lib/libextnet.dylib
0x0000000101384000 	/Users/rayen/.openjfx/cache/21.0.1+6/aarch64/libprism_es2.dylib
0x00000001abdcb000 	/System/Library/Frameworks/Carbon.framework/Versions/A/Carbon
0x00000001a357d000 	/System/Library/Frameworks/Carbon.framework/Versions/A/Frameworks/CommonPanels.framework/Versions/A/CommonPanels
0x000000019e79d000 	/System/Library/Frameworks/Carbon.framework/Versions/A/Frameworks/Help.framework/Versions/A/Help
0x00000001a3581000 	/System/Library/Frameworks/Carbon.framework/Versions/A/Frameworks/ImageCapture.framework/Versions/A/ImageCapture
0x00000001a355c000 	/System/Library/Frameworks/Carbon.framework/Versions/A/Frameworks/OpenScripting.framework/Versions/A/OpenScripting
0x00000001a357c000 	/System/Library/Frameworks/Carbon.framework/Versions/A/Frameworks/Ink.framework/Versions/A/Ink
0x00000001a3579000 	/System/Library/Frameworks/Carbon.framework/Versions/A/Frameworks/SecurityHI.framework/Versions/A/SecurityHI
0x00000001e10bc000 	/System/Library/Frameworks/OpenGL.framework/Versions/A/Resources/GLEngine.bundle/GLEngine
0x00000001e0f59000 	/System/Library/Frameworks/OpenGL.framework/Versions/A/Libraries/libGLProgrammability.dylib
0x000000011f530000 	/System/Library/Extensions/AppleMetalOpenGLRenderer.bundle/Contents/MacOS/AppleMetalOpenGLRenderer
0x00000001e121b000 	/System/Library/Frameworks/OpenGL.framework/Versions/A/Resources/GLRendererFloat.bundle/GLRendererFloat
0x0000000131184000 	/System/Library/Extensions/AGXMetal13_3.bundle/Contents/MacOS/AGXMetal13_3
0x00000001a6345000 	/System/Library/PrivateFrameworks/IOGPU.framework/Versions/A/IOGPU
0x000000011f484000 	/Users/rayen/.openjfx/cache/21.0.1+6/aarch64/libglass.dylib
0x000000018eadf000 	/System/Library/PrivateFrameworks/ViewBridge.framework/Versions/A/ViewBridge
0x00000001b2cdc000 	/System/Library/Frameworks/Accelerate.framework/Versions/A/Frameworks/vImage.framework/Versions/A/Libraries/libCGInterfaces.dylib
0x0000000127fdc000 	/usr/lib/libobjc-trampolines.dylib
0x000000025e324000 	/usr/lib/libAccessibilityBaseImplementations.dylib
0x0000000257f0a000 	/System/Library/PrivateFrameworks/WritingToolsUI.framework/Versions/A/WritingToolsUI
0x000000024fae9000 	/System/Library/PrivateFrameworks/TextComposer.framework/Versions/A/TextComposer
0x0000000235b82000 	/System/Library/PrivateFrameworks/GenerativeModels.framework/Versions/A/GenerativeModels
0x000000025f0d7000 	/usr/lib/swift/libswiftSpatial.dylib
0x00000001932df000 	/System/Library/Frameworks/CoreSpotlight.framework/Versions/A/CoreSpotlight
0x0000000235a51000 	/System/Library/PrivateFrameworks/GenerativeFunctions.framework/Versions/A/GenerativeFunctions
0x0000000235a9f000 	/System/Library/PrivateFrameworks/GenerativeFunctionsFoundation.framework/Versions/A/GenerativeFunctionsFoundation
0x0000000235be4000 	/System/Library/PrivateFrameworks/GenerativeModelsFoundation.framework/Versions/A/GenerativeModelsFoundation
0x000000023f116000 	/System/Library/PrivateFrameworks/ModelCatalog.framework/Versions/A/ModelCatalog
0x0000000245410000 	/System/Library/PrivateFrameworks/PromptKit.framework/Versions/A/PromptKit
0x0000000251c55000 	/System/Library/PrivateFrameworks/TokenGeneration.framework/Versions/A/TokenGeneration
0x0000000251d6c000 	/System/Library/PrivateFrameworks/TokenGenerationCore.framework/Versions/A/TokenGenerationCore
0x00000002471c7000 	/System/Library/PrivateFrameworks/SensitiveContentAnalysisML.framework/Versions/A/SensitiveContentAnalysisML
0x0000000235b0d000 	/System/Library/PrivateFrameworks/GenerativeFunctionsInstrumentation.framework/Versions/A/GenerativeFunctionsInstrumentation
0x0000000245084000 	/System/Library/PrivateFrameworks/ProactiveDaemonSupport.framework/Versions/A/ProactiveDaemonSupport
0x0000000254b4c000 	/System/Library/PrivateFrameworks/VectorSearch.framework/Versions/A/VectorSearch
0x00000001d5790000 	/usr/lib/swift/libswiftNaturalLanguage.dylib
0x000000025f117000 	/usr/lib/swift/libswiftSynchronization.dylib
0x000000023f283000 	/System/Library/PrivateFrameworks/ModelManagerServices.framework/Versions/A/ModelManagerServices
0x00000001a6efa000 	/System/Library/PrivateFrameworks/ProactiveEventTracker.framework/Versions/A/ProactiveEventTracker
0x000000025363c000 	/System/Library/PrivateFrameworks/UnifiedAssetFramework.framework/Versions/A/UnifiedAssetFramework
0x0000000247906000 	/System/Library/PrivateFrameworks/SiriAnalytics.framework/Versions/A/SiriAnalytics
0x00000001b212a000 	/System/Library/PrivateFrameworks/SiriInstrumentation.framework/Versions/A/SiriInstrumentation
0x00000001adb1b000 	/System/Library/PrivateFrameworks/Trial.framework/Versions/A/Trial
0x00000001ada9e000 	/System/Library/PrivateFrameworks/TrialProto.framework/Versions/A/TrialProto
0x00000001aff9d000 	/System/Library/PrivateFrameworks/FeedbackLogger.framework/Versions/A/FeedbackLogger
0x000000022d750000 	/System/Library/PrivateFrameworks/Dendrite.framework/Versions/A/Dendrite
0x0000000226856000 	/System/Library/PrivateFrameworks/AtomicsInternal.framework/Versions/A/AtomicsInternal
0x0000000225e35000 	/System/Library/PrivateFrameworks/AppleFlatBuffers.framework/Versions/A/AppleFlatBuffers
0x000000019ae5d000 	/System/Library/Frameworks/Vision.framework/Versions/A/Vision
0x000000022cff7000 	/System/Library/PrivateFrameworks/CoreSceneUnderstanding.framework/Versions/A/CoreSceneUnderstanding
0x0000000255654000 	/System/Library/PrivateFrameworks/VisionCore.framework/Versions/A/VisionCore
0x00000001b5401000 	/System/Library/Frameworks/Vision.framework/libfaceCore.dylib
0x00000001b5e96000 	/System/Library/PrivateFrameworks/Futhark.framework/Versions/A/Futhark
0x00000001b92ad000 	/System/Library/PrivateFrameworks/InertiaCam.framework/Versions/A/InertiaCam
0x00000001b5c8a000 	/System/Library/PrivateFrameworks/TextRecognition.framework/Versions/A/TextRecognition
0x0000000194b90000 	/System/Library/PrivateFrameworks/CVNLP.framework/Versions/A/CVNLP
0x0000000234e3f000 	/System/Library/PrivateFrameworks/GRDBInternal.framework/Versions/A/GRDBInternal
0x000000025e6c3000 	/usr/lib/libSpatial.dylib
0x000000019bdea000 	/System/Library/PrivateFrameworks/GenerationalStorage.framework/Versions/A/GenerationalStorage
0x000000019bc26000 	/System/Library/Frameworks/FileProvider.framework/Versions/A/FileProvider
0x000000018abe7000 	/System/Library/PrivateFrameworks/DesktopServicesPriv.framework/Versions/A/DesktopServicesPriv
0x000000018ce13000 	/System/Library/Frameworks/Accounts.framework/Versions/A/Accounts
0x000000019e83b000 	/System/Library/PrivateFrameworks/AppSupport.framework/Versions/A/AppSupport
0x00000001ac187000 	/System/Library/Frameworks/AVFoundation.framework/Versions/A/AVFoundation
0x000000019f016000 	/System/Library/PrivateFrameworks/StreamingZip.framework/Versions/A/StreamingZip
0x000000019e1a3000 	/System/Library/PrivateFrameworks/CoreWiFi.framework/Versions/A/CoreWiFi
0x00000001973e1000 	/System/Library/PrivateFrameworks/MobileAsset.framework/Versions/A/MobileAsset
0x000000025eb29000 	/usr/lib/libmrc.dylib
0x00000002386fa000 	/System/Library/PrivateFrameworks/IPConfiguration.framework/Versions/A/IPConfiguration
0x00000001cb233000 	/System/Library/PrivateFrameworks/Netrb.framework/Versions/A/Netrb
0x00000001d580c000 	/System/Library/PrivateFrameworks/WiFiPeerToPeer.framework/Versions/A/WiFiPeerToPeer
0x00000001925a2000 	/System/Library/PrivateFrameworks/CoreEmoji.framework/Versions/A/CoreEmoji
0x00000001b368e000 	/System/Library/PrivateFrameworks/SoftwareUpdateCoreSupport.framework/Versions/A/SoftwareUpdateCoreSupport
0x00000001bacfd000 	/System/Library/PrivateFrameworks/SoftwareUpdateCoreConnect.framework/Versions/A/SoftwareUpdateCoreConnect
0x000000019e6f1000 	/System/Library/PrivateFrameworks/RemoteServiceDiscovery.framework/Versions/A/RemoteServiceDiscovery
0x00000001b3321000 	/System/Library/PrivateFrameworks/MSUDataAccessor.framework/Versions/A/MSUDataAccessor
0x00000001aeed8000 	/usr/lib/libbootpolicy.dylib
0x000000019e707000 	/System/Library/PrivateFrameworks/RemoteXPC.framework/Versions/A/RemoteXPC
0x00000001ba12a000 	/usr/lib/libFDR.dylib
0x00000001bf714000 	/usr/lib/libamsupport.dylib
0x000000025e677000 	/usr/lib/libReverseProxyDevice.dylib
0x0000000225dd3000 	/System/Library/PrivateFrameworks/AppleDeviceQuerySupport.framework/Versions/A/AppleDeviceQuerySupport
0x00000001c2420000 	/usr/lib/libpartition2_dynamic.dylib
0x0000000193293000 	/System/Library/Frameworks/UserNotifications.framework/Versions/A/UserNotifications
0x000000019753c000 	/usr/lib/libTelephonyUtilDynamic.dylib
0x000000019b9cd000 	/System/Library/PrivateFrameworks/SymptomDiagnosticReporter.framework/Versions/A/SymptomDiagnosticReporter
0x00000001d0cc2000 	/System/Library/Frameworks/CryptoKit.framework/Versions/A/CryptoKit
0x000000019efee000 	/System/Library/PrivateFrameworks/CryptoKitCBridging.framework/Versions/A/CryptoKitCBridging
0x000000019c8fb000 	/System/Library/Frameworks/CryptoTokenKit.framework/Versions/A/CryptoTokenKit
0x00000001c5e31000 	/usr/lib/swift/libswiftCryptoTokenKit.dylib
0x000000019c95e000 	/System/Library/Frameworks/LocalAuthentication.framework/Versions/A/LocalAuthentication
0x000000023c803000 	/System/Library/PrivateFrameworks/LocalAuthenticationCore.framework/Versions/A/LocalAuthenticationCore
0x000000019c9b6000 	/System/Library/Frameworks/LocalAuthentication.framework/Support/SharedUtils.framework/Versions/A/SharedUtils
0x0000000196ffb000 	/System/Library/PrivateFrameworks/MultiverseSupport.framework/Versions/A/MultiverseSupport
0x0000000193005000 	/System/Library/PrivateFrameworks/AuthKit.framework/Versions/A/AuthKit
0x000000019baff000 	/System/Library/PrivateFrameworks/DiskManagement.framework/Versions/A/DiskManagement
0x000000019ba0b000 	/System/Library/PrivateFrameworks/AppleIDAuthSupport.framework/Versions/A/AppleIDAuthSupport
0x0000000222d95000 	/System/Library/PrivateFrameworks/AAAFoundation.framework/Versions/A/AAAFoundation
0x00000001974fd000 	/System/Library/PrivateFrameworks/KeychainCircle.framework/Versions/A/KeychainCircle
0x00000001a750a000 	/System/Library/PrivateFrameworks/URLFormatting.framework/Versions/A/URLFormatting
0x000000019e7a6000 	/usr/lib/libcsfde.dylib
0x0000000194d00000 	/usr/lib/libCoreStorage.dylib
0x0000000198881000 	/System/Library/PrivateFrameworks/ProtectedCloudStorage.framework/Versions/A/ProtectedCloudStorage
0x000000019e7a1000 	/System/Library/PrivateFrameworks/EFILogin.framework/Versions/A/EFILogin
0x000000019be10000 	/System/Library/PrivateFrameworks/OctagonTrust.framework/Versions/A/OctagonTrust
0x000000019c4ed000 	/System/Library/PrivateFrameworks/AVFCore.framework/Versions/A/AVFCore
0x00000001a4de9000 	/System/Library/PrivateFrameworks/AVFCapture.framework/Versions/A/AVFCapture
0x0000000195c6d000 	/System/Library/Frameworks/MediaToolbox.framework/Versions/A/MediaToolbox
0x000000019bbf3000 	/System/Library/PrivateFrameworks/CoreAVCHD.framework/Versions/A/CoreAVCHD
0x000000019bbef000 	/System/Library/PrivateFrameworks/Mangrove.framework/Versions/A/Mangrove
0x00000002280de000 	/System/Library/PrivateFrameworks/CMPhoto.framework/Versions/A/CMPhoto
0x000000019c32e000 	/System/Library/Frameworks/CoreTelephony.framework/Versions/A/CoreTelephony
0x000000019bbe2000 	/System/Library/PrivateFrameworks/CoreAUC.framework/Versions/A/CoreAUC
0x000000022617d000 	/System/Library/PrivateFrameworks/AppleJPEGXL.framework/Versions/A/AppleJPEGXL
0x0000000227f58000 	/System/Library/PrivateFrameworks/CMImaging.framework/Versions/A/CMImaging
0x00000001a4ff1000 	/System/Library/PrivateFrameworks/Quagga.framework/Versions/A/Quagga
0x00000001a5129000 	/System/Library/PrivateFrameworks/CMCapture.framework/Versions/A/CMCapture
0x00000001970db000 	/System/Library/Frameworks/CoreMediaIO.framework/Versions/A/CoreMediaIO
0x000000019f173000 	/System/Library/PrivateFrameworks/Espresso.framework/Versions/A/Espresso
0x00000001de4b5000 	/System/Library/PrivateFrameworks/ANECompiler.framework/Versions/A/ANECompiler
0x00000001a10bc000 	/System/Library/PrivateFrameworks/AppleNeuralEngine.framework/Versions/A/AppleNeuralEngine
0x000000021dc94000 	/System/Library/Frameworks/MetalPerformanceShadersGraph.framework/Versions/A/MetalPerformanceShadersGraph
0x000000023d296000 	/System/Library/PrivateFrameworks/MLCompilerServices.framework/Versions/A/MLCompilerServices
0x00000001a002d000 	/System/Library/PrivateFrameworks/ANEServices.framework/Versions/A/ANEServices
0x00000001b1ac7000 	/usr/lib/libncurses.5.4.dylib
0x00000001895f6000 	/usr/lib/libsandbox.1.dylib
0x0000000194cf8000 	/usr/lib/libMatch.1.dylib
0x000000023d234000 	/System/Library/PrivateFrameworks/MLCompilerRuntime.framework/Versions/A/MLCompilerRuntime
0x0000000226e82000 	/System/Library/PrivateFrameworks/BiomeLibrary.framework/Versions/A/BiomeLibrary
0x00000001bfa76000 	/System/Library/PrivateFrameworks/BiomePubSub.framework/Versions/A/BiomePubSub
0x00000001a0059000 	/System/Library/PrivateFrameworks/ProactiveSupport.framework/Versions/A/ProactiveSupport
0x00000001ba241000 	/System/Library/PrivateFrameworks/BiomeStreams.framework/Versions/A/BiomeStreams
0x00000001bfad3000 	/System/Library/PrivateFrameworks/BiomeStorage.framework/Versions/A/BiomeStorage
0x00000001b6ecd000 	/System/Library/PrivateFrameworks/BiomeFoundation.framework/Versions/A/BiomeFoundation
0x000000023b2d1000 	/System/Library/PrivateFrameworks/IntelligencePlatformLibrary.framework/Versions/A/IntelligencePlatformLibrary
0x000000024456a000 	/System/Library/PrivateFrameworks/PoirotSchematizer.framework/Versions/A/PoirotSchematizer
0x0000000227433000 	/System/Library/PrivateFrameworks/BiomeSync.framework/Versions/A/BiomeSync
0x0000000226e63000 	/System/Library/PrivateFrameworks/BiomeFlexibleStorage.framework/Versions/A/BiomeFlexibleStorage
0x0000000226e48000 	/System/Library/PrivateFrameworks/BiomeDSL.framework/Versions/A/BiomeDSL
0x00000001ce7b1000 	/System/Library/PrivateFrameworks/InternalSwiftProtobuf.framework/Versions/A/InternalSwiftProtobuf
0x0000000244539000 	/System/Library/PrivateFrameworks/PoirotSQLite.framework/Versions/A/PoirotSQLite
0x000000019eb3d000 	/System/Library/PrivateFrameworks/InternationalTextSearch.framework/Versions/A/InternationalTextSearch
0x0000000228736000 	/System/Library/PrivateFrameworks/CascadeSets.framework/Versions/A/CascadeSets
0x0000000190643000 	/System/Library/Frameworks/CoreLocation.framework/Versions/A/CoreLocation
0x00000001c7750000 	/usr/lib/swift/libswiftAVFoundation.dylib
0x00000001ad15b000 	/usr/lib/swift/libswiftCoreAudio.dylib
0x00000001b2cf7000 	/usr/lib/swift/libswiftCoreLocation.dylib
0x00000001b2d0e000 	/usr/lib/swift/libswiftCoreMIDI.dylib
0x00000001c5e33000 	/usr/lib/swift/libswiftCoreMedia.dylib
0x00000001983cb000 	/System/Library/PrivateFrameworks/Sharing.framework/Versions/A/Sharing
0x000000019e1a2000 	/System/Library/PrivateFrameworks/Apple80211.framework/Versions/A/Apple80211
0x00000001925e5000 	/System/Library/Frameworks/CoreWLAN.framework/Versions/A/CoreWLAN
0x0000000198b3d000 	/System/Library/PrivateFrameworks/GeoServices.framework/Versions/A/GeoServices
0x0000000196c88000 	/System/Library/PrivateFrameworks/LocationSupport.framework/Versions/A/LocationSupport
0x0000000235d25000 	/System/Library/PrivateFrameworks/GeoServicesCore.framework/Versions/A/GeoServicesCore
0x00000001a7508000 	/System/Library/PrivateFrameworks/PhoneNumbers.framework/Versions/A/PhoneNumbers
0x000000018c528000 	/System/Library/PrivateFrameworks/Montreal.framework/Versions/A/Montreal
0x00000001acd72000 	/System/Library/Frameworks/NaturalLanguage.framework/Versions/A/NaturalLanguage
0x000000018f2ff000 	/System/Library/Frameworks/CoreML.framework/Versions/A/CoreML
0x0000000187afa000 	/System/Library/PrivateFrameworks/LanguageModeling.framework/Versions/A/LanguageModeling
0x0000000192c0c000 	/System/Library/Frameworks/MLCompute.framework/Versions/A/MLCompute
0x000000023d0d9000 	/System/Library/PrivateFrameworks/MLAssetIO.framework/Versions/A/MLAssetIO
0x000000025f095000 	/usr/lib/swift/libswiftMLCompute.dylib
0x0000000193515000 	/usr/lib/libcmph.dylib
0x0000000131028000 	/Users/rayen/.openjfx/cache/21.0.1+6/aarch64/libjavafx_font.dylib
0x00000001bec3e000 	/System/Library/PrivateFrameworks/UIKitServices.framework/Versions/A/UIKitServices
0x0000000246687000 	/System/Library/PrivateFrameworks/SFSymbols.framework/Versions/A/SFSymbols
0x00000001950cc000 	/System/Library/PrivateFrameworks/login.framework/Versions/A/login
0x00000001b5f80000 	/System/Library/CoreServices/RawCamera.bundle/Contents/MacOS/RawCamera
0x000000024fcef000 	/System/Library/PrivateFrameworks/TextInputUI.framework/Versions/A/TextInputUI
0x000000024fd0b000 	/System/Library/PrivateFrameworks/TextInputUIMacHelper.framework/Versions/A/TextInputUIMacHelper
0x0000000238ba0000 	/System/Library/PrivateFrameworks/InputAnalytics.framework/Versions/A/InputAnalytics
0x00000001a7033000 	/System/Library/PrivateFrameworks/Calculate.framework/Versions/A/Calculate
0x000000024687c000 	/System/Library/PrivateFrameworks/Sage.framework/Versions/A/Sage
0x00000001ad187000 	/usr/lib/swift/libswiftIntents.dylib
0x00000001de0f4000 	/System/Library/PrivateFrameworks/ScreenReaderCore.framework/Versions/A/ScreenReaderCore
0x000000024ec99000 	/System/Library/PrivateFrameworks/StocksKit.framework/Versions/A/StocksKit
0x00000001a5cf5000 	/System/Library/PrivateFrameworks/OAuth.framework/Versions/A/OAuth
0x000000024e95c000 	/System/Library/PrivateFrameworks/StocksCore.framework/Versions/A/StocksCore
0x000000024f836000 	/System/Library/PrivateFrameworks/TeaFoundation.framework/Versions/A/TeaFoundation
0x000000024fa0d000 	/System/Library/PrivateFrameworks/TeaSettings.framework/Versions/A/TeaSettings
0x00000001d4f39000 	/System/Library/PrivateFrameworks/NewsCore.framework/Versions/A/NewsCore
0x00000001b94e5000 	/usr/lib/swift/libswiftCompression.dylib
0x00000001a0c7c000 	/System/Library/Frameworks/EventKit.framework/Versions/A/EventKit
0x000000024f7e2000 	/System/Library/PrivateFrameworks/TeaDB.framework/Versions/A/TeaDB
0x00000001d1bbc000 	/System/Library/PrivateFrameworks/RemoteConfiguration.framework/Versions/A/RemoteConfiguration
0x00000001e1592000 	/System/Library/Frameworks/AppIntents.framework/Versions/A/AppIntents
0x00000001d4bae000 	/System/Library/PrivateFrameworks/NewsTransport.framework/Versions/A/NewsTransport
0x000000019b84c000 	/System/Library/PrivateFrameworks/FamilyCircle.framework/Versions/A/FamilyCircle
0x00000002283e6000 	/System/Library/PrivateFrameworks/CalendarDatabase.framework/Versions/A/CalendarDatabase
0x000000022833d000 	/System/Library/PrivateFrameworks/CalendarDaemon.framework/Versions/A/CalendarDaemon
0x00000001a013d000 	/System/Library/PrivateFrameworks/CalendarFoundation.framework/Versions/A/CalendarFoundation
0x00000001a00f9000 	/System/Library/PrivateFrameworks/iCalendar.framework/Versions/A/iCalendar
0x000000019b61d000 	/System/Library/Frameworks/Contacts.framework/Versions/A/Contacts
0x000000022d602000 	/System/Library/PrivateFrameworks/DataAccessExpress.framework/Versions/A/DataAccessExpress
0x0000000194f67000 	/System/Library/PrivateFrameworks/PersistentConnection.framework/Versions/A/PersistentConnection
0x0000000222db0000 	/System/Library/PrivateFrameworks/AAAFoundationSwift.framework/Versions/A/AAAFoundationSwift
0x0000000226dc0000 	/System/Library/PrivateFrameworks/BackgroundSystemTasks.framework/Versions/A/BackgroundSystemTasks
0x00000001970a8000 	/System/Library/PrivateFrameworks/CoreFollowUp.framework/Versions/A/CoreFollowUp
0x00000001b3708000 	/System/Library/PrivateFrameworks/FTClientServices.framework/Versions/A/FTClientServices
0x000000019b43b000 	/System/Library/PrivateFrameworks/ContactsPersistence.framework/Versions/A/ContactsPersistence
0x000000019a713000 	/System/Library/PrivateFrameworks/AppleLDAP.framework/Versions/A/AppleLDAP
0x000000019eb41000 	/System/Library/Frameworks/ClassKit.framework/Versions/A/ClassKit
0x00000001a0bb9000 	/System/Library/PrivateFrameworks/CoreSuggestions.framework/Versions/A/CoreSuggestions
0x000000019b373000 	/System/Library/PrivateFrameworks/ContactsFoundation.framework/Versions/A/ContactsFoundation
0x000000019c8aa000 	/System/Library/PrivateFrameworks/vCard.framework/Versions/A/vCard
0x0000000229bee000 	/System/Library/PrivateFrameworks/ContactsMetrics.framework/Versions/A/ContactsMetrics
0x000000018f21d000 	/System/Library/PrivateFrameworks/CloudDocs.framework/Versions/A/CloudDocs
0x00000001a68a3000 	/System/Library/PrivateFrameworks/CoreDAV.framework/Versions/A/CoreDAV
0x00000001a0b5b000 	/System/Library/PrivateFrameworks/CalDAV.framework/Versions/A/CalDAV
0x00000001aa7c4000 	/System/Library/PrivateFrameworks/TelephonyUtilities.framework/Versions/A/TelephonyUtilities
0x00000001ae5ab000 	/System/Library/Frameworks/CallKit.framework/Versions/A/CallKit
0x000000019b846000 	/System/Library/PrivateFrameworks/CommunicationsFilter.framework/Versions/A/CommunicationsFilter
0x00000001d3cb0000 	/System/Library/PrivateFrameworks/IMTransferServices.framework/Versions/A/IMTransferServices
0x00000001acc50000 	/System/Library/PrivateFrameworks/IncomingCallFilter.framework/Versions/A/IncomingCallFilter
0x0000000240372000 	/System/Library/PrivateFrameworks/NeighborhoodActivityConduit.framework/Versions/A/NeighborhoodActivityConduit
0x000000025e4c7000 	/usr/lib/libBASupport.dylib
0x00000001b985a000 	/System/Library/PrivateFrameworks/SpotlightReceiver.framework/Versions/A/SpotlightReceiver
0x00000001d4f29000 	/System/Library/PrivateFrameworks/NewsFoundation.framework/Versions/A/NewsFoundation
0x00000001b319e000 	/System/Library/PrivateFrameworks/AppStoreDaemon.framework/Versions/A/AppStoreDaemon
0x00000001a1441000 	/System/Library/PrivateFrameworks/AppleMediaServices.framework/Versions/A/AppleMediaServices
0x00000001adbdc000 	/System/Library/PrivateFrameworks/SearchFoundation.framework/Versions/A/SearchFoundation
0x00000001aa6cb000 	/System/Library/PrivateFrameworks/CoreParsec.framework/Versions/A/CoreParsec
0x00000002407c1000 	/System/Library/PrivateFrameworks/NewsURLBucket.framework/Versions/A/NewsURLBucket
0x00000001c1fb1000 	/System/Library/PrivateFrameworks/EmailAddressing.framework/Versions/A/EmailAddressing
0x0000000194c93000 	/System/Library/PrivateFrameworks/SharedWebCredentials.framework/Versions/A/SharedWebCredentials
0x00000001b083e000 	/System/Library/PrivateFrameworks/MobileInstallation.framework/Versions/A/MobileInstallation
0x000000024f1d9000 	/System/Library/PrivateFrameworks/Symptoms.framework/Versions/A/Frameworks/SymptomPresentationFeed.framework/Versions/A/SymptomPresentationFeed
0x00000001acc3c000 	/System/Library/PrivateFrameworks/FeatureFlagsSupport.framework/Versions/A/FeatureFlagsSupport
0x000000019ae1f000 	/System/Library/PrivateFrameworks/SystemAdministration.framework/Versions/A/SystemAdministration
0x000000024ef5b000 	/System/Library/PrivateFrameworks/SymptomShared.framework/Versions/A/SymptomShared
0x000000019a6c6000 	/System/Library/Frameworks/DirectoryService.framework/Versions/A/DirectoryService
0x00000001928b8000 	/System/Library/Frameworks/ServiceManagement.framework/Versions/A/ServiceManagement
0x000000019e835000 	/System/Library/PrivateFrameworks/LoginUIKit.framework/Versions/A/Frameworks/LoginUICore.framework/Versions/A/LoginUICore
0x00000001952ab000 	/usr/lib/libodfde.dylib
0x000000024227e000 	/System/Library/PrivateFrameworks/PegasusAPI.framework/Versions/A/PegasusAPI
0x0000000242f25000 	/System/Library/PrivateFrameworks/PegasusConfiguration.framework/Versions/A/PegasusConfiguration
0x00000001bf32a000 	/System/Library/PrivateFrameworks/EmailFoundation.framework/Versions/A/EmailFoundation
0x00000001ac8b4000 	/System/Library/PrivateFrameworks/CoreRoutine.framework/Versions/A/CoreRoutine
0x000000023c677000 	/System/Library/PrivateFrameworks/LinkServices.framework/Versions/A/LinkServices
0x000000022dda5000 	/System/Library/PrivateFrameworks/DoNotDisturb.framework/Versions/A/DoNotDisturb
0x000000023c3d4000 	/System/Library/PrivateFrameworks/LinkMetadata.framework/Versions/A/LinkMetadata
0x00000001b1ba7000 	/System/Library/PrivateFrameworks/IntentsCore.framework/Versions/A/IntentsCore
0x0000000226c7f000 	/System/Library/PrivateFrameworks/AvailabilityKit.framework/Versions/A/AvailabilityKit
0x000000024e7b9000 	/System/Library/PrivateFrameworks/StatusKit.framework/Versions/A/StatusKit
0x00000001974b1000 	/System/Library/PrivateFrameworks/CacheDelete.framework/Versions/A/CacheDelete
0x000000019f127000 	/System/Library/Frameworks/QuickLookThumbnailing.framework/Versions/A/QuickLookThumbnailing
0x000000019f050000 	/System/Library/PrivateFrameworks/DuetActivityScheduler.framework/Versions/A/DuetActivityScheduler
0x00000001acc56000 	/System/Library/PrivateFrameworks/FTServices.framework/Versions/A/FTServices
0x000000019cda5000 	/System/Library/PrivateFrameworks/Rapport.framework/Versions/A/Rapport
0x000000024ef6b000 	/System/Library/PrivateFrameworks/Symptoms.framework/Versions/A/Frameworks/SymptomAnalytics.framework/Versions/A/SymptomAnalytics
0x000000018ee08000 	/System/Library/PrivateFrameworks/ApplePushService.framework/Versions/A/ApplePushService
0x000000018ce96000 	/System/Library/PrivateFrameworks/CommonUtilities.framework/Versions/A/CommonUtilities
0x00000001c0fa2000 	/System/Library/PrivateFrameworks/DeviceIdentity.framework/Versions/A/DeviceIdentity
0x00000001952ad000 	/System/Library/PrivateFrameworks/Bom.framework/Versions/A/Bom
0x0000000197008000 	/usr/lib/libParallelCompression.dylib
0x000000025e3a3000 	/usr/lib/libAppleArchive.dylib
0x000000018ae50000 	/System/Library/PrivateFrameworks/CoreDuet.framework/Versions/A/CoreDuet
0x000000019db22000 	/System/Library/PrivateFrameworks/CoreDuetContext.framework/Versions/A/CoreDuetContext
0x000000018ee6f000 	/System/Library/Frameworks/CloudKit.framework/Versions/A/CloudKit
0x000000019db77000 	/System/Library/Frameworks/Intents.framework/Versions/A/Intents
0x00000001a01d1000 	/System/Library/PrivateFrameworks/CoreDuetDaemonProtocol.framework/Versions/A/CoreDuetDaemonProtocol
0x000000022062e000 	/System/Library/Frameworks/SharedWithYouCore.framework/Versions/A/SharedWithYouCore
0x000000019ec07000 	/System/Library/PrivateFrameworks/AppleAccount.framework/Versions/A/AppleAccount
0x000000019f0cf000 	/System/Library/PrivateFrameworks/C2.framework/Versions/A/C2
0x0000000228e5d000 	/System/Library/PrivateFrameworks/CloudAssets.framework/Versions/A/CloudAssets
0x000000019f0c6000 	/System/Library/Frameworks/PushKit.framework/Versions/A/PushKit
0x0000000197f82000 	/System/Library/PrivateFrameworks/IDS.framework/Versions/A/IDS
0x000000019ee50000 	/System/Library/PrivateFrameworks/AppleIDSSOAuthentication.framework/Versions/A/AppleIDSSOAuthentication
0x0000000196c0e000 	/System/Library/PrivateFrameworks/IMFoundation.framework/Versions/A/IMFoundation
0x00000001a6b29000 	/System/Library/PrivateFrameworks/Marco.framework/Versions/A/Marco
0x0000000198143000 	/System/Library/PrivateFrameworks/IDSFoundation.framework/Versions/A/IDSFoundation
0x00000001a3544000 	/System/Library/PrivateFrameworks/Engram.framework/Versions/A/Engram
0x00000001a34e6000 	/usr/lib/libtidy.A.dylib
0x00000001b9d55000 	/System/Library/PrivateFrameworks/FTAWD.framework/Versions/A/FTAWD
0x00000001a0e53000 	/System/Library/PrivateFrameworks/RTCReporting.framework/Versions/A/RTCReporting
0x000000019f0b5000 	/System/Library/PrivateFrameworks/IntentsFoundation.framework/Versions/A/IntentsFoundation
0x000000025f086000 	/usr/lib/swift/libswiftFileProvider.dylib
0x0000000143784000 	/opt/homebrew/Cellar/openjdk@17/17.0.18/libexec/openjdk.jdk/Contents/Home/lib/libverify.dylib
0x0000000147400000 	/Users/rayen/.javacpp/cache/openblas-0.3.23-1.5.9-macosx-arm64.jar/org/bytedeco/openblas/macosx-arm64/libopenblas_nolapack.0.dylib
0x00000001437e8000 	/Users/rayen/.javacpp/cache/openblas-0.3.23-1.5.9-macosx-arm64.jar/org/bytedeco/openblas/macosx-arm64/libjniopenblas_nolapack.dylib
0x000000016acd8000 	/Users/rayen/.javacpp/cache/openblas-0.3.23-1.5.9-macosx-arm64.jar/org/bytedeco/openblas/macosx-arm64/libopenblas.0.dylib
0x000000032cf4c000 	/Users/rayen/.javacpp/cache/openblas-0.3.23-1.5.9-macosx-arm64.jar/org/bytedeco/openblas/macosx-arm64/libjniopenblas.dylib
0x0000000144fa8000 	/Users/rayen/.javacpp/cache/opencv-4.7.0-1.5.9-macosx-arm64.jar/org/bytedeco/opencv/macosx-arm64/libopencv_core.407.dylib
0x00000001e1240000 	/System/Library/Frameworks/OpenCL.framework/Versions/A/OpenCL
0x0000000176860000 	/Users/rayen/.javacpp/cache/opencv-4.7.0-1.5.9-macosx-arm64.jar/org/bytedeco/opencv/macosx-arm64/libopencv_imgproc.407.dylib
0x0000000176c04000 	/Users/rayen/.javacpp/cache/opencv-4.7.0-1.5.9-macosx-arm64.jar/org/bytedeco/opencv/macosx-arm64/libjniopencv_core.dylib
0x0000000145258000 	/Users/rayen/.javacpp/cache/opencv-4.7.0-1.5.9-macosx-arm64.jar/org/bytedeco/opencv/macosx-arm64/libjniopencv_imgproc.dylib
0x00000001453d8000 	/Users/rayen/.javacpp/cache/opencv-4.7.0-1.5.9-macosx-arm64.jar/org/bytedeco/opencv/macosx-arm64/libopencv_imgcodecs.407.dylib
0x0000000143834000 	/Users/rayen/.javacpp/cache/opencv-4.7.0-1.5.9-macosx-arm64.jar/org/bytedeco/opencv/macosx-arm64/libjniopencv_imgcodecs.dylib
0x0000000144d50000 	/Users/rayen/.javacpp/cache/opencv-4.7.0-1.5.9-macosx-arm64.jar/org/bytedeco/opencv/macosx-arm64/libopencv_videoio.407.dylib
0x0000000144d00000 	/Users/rayen/.javacpp/cache/opencv-4.7.0-1.5.9-macosx-arm64.jar/org/bytedeco/opencv/macosx-arm64/libjniopencv_videoio.dylib
0x0000000144bcc000 	/Users/rayen/.javacpp/cache/opencv-4.7.0-1.5.9-macosx-arm64.jar/org/bytedeco/opencv/macosx-arm64/libopencv_highgui.407.dylib
0x0000000144e00000 	/Users/rayen/.javacpp/cache/opencv-4.7.0-1.5.9-macosx-arm64.jar/org/bytedeco/opencv/macosx-arm64/libjniopencv_highgui.dylib
0x0000000144e60000 	/Users/rayen/.javacpp/cache/opencv-4.7.0-1.5.9-macosx-arm64.jar/org/bytedeco/opencv/macosx-arm64/libopencv_flann.407.dylib
0x0000000144da0000 	/Users/rayen/.javacpp/cache/opencv-4.7.0-1.5.9-macosx-arm64.jar/org/bytedeco/opencv/macosx-arm64/libjniopencv_flann.dylib
0x00000001456c0000 	/Users/rayen/.javacpp/cache/opencv-4.7.0-1.5.9-macosx-arm64.jar/org/bytedeco/opencv/macosx-arm64/libopencv_features2d.407.dylib
0x0000000145758000 	/Users/rayen/.javacpp/cache/opencv-4.7.0-1.5.9-macosx-arm64.jar/org/bytedeco/opencv/macosx-arm64/libjniopencv_features2d.dylib
0x0000000147e7c000 	/Users/rayen/.javacpp/cache/opencv-4.7.0-1.5.9-macosx-arm64.jar/org/bytedeco/opencv/macosx-arm64/libopencv_calib3d.407.dylib
0x0000000176f98000 	/Users/rayen/.javacpp/cache/opencv-4.7.0-1.5.9-macosx-arm64.jar/org/bytedeco/opencv/macosx-arm64/libjniopencv_calib3d.dylib
0x000000017741c000 	/Users/rayen/.javacpp/cache/opencv-4.7.0-1.5.9-macosx-arm64.jar/org/bytedeco/opencv/macosx-arm64/libopencv_dnn.407.dylib
0x0000000177088000 	/Users/rayen/.javacpp/cache/opencv-4.7.0-1.5.9-macosx-arm64.jar/org/bytedeco/opencv/macosx-arm64/libjniopencv_dnn.dylib
0x0000000147d20000 	/Users/rayen/.javacpp/cache/opencv-4.7.0-1.5.9-macosx-arm64.jar/org/bytedeco/opencv/macosx-arm64/libopencv_objdetect.407.dylib
0x00000001771b8000 	/Users/rayen/.javacpp/cache/opencv-4.7.0-1.5.9-macosx-arm64.jar/org/bytedeco/opencv/macosx-arm64/libjniopencv_objdetect.dylib
0x0000000336980000 	/System/Library/Frameworks/CoreMediaIO.framework/Versions/A/Resources/BaseUnits/CMIOBaseUnits.bundle/Contents/MacOS/CMIOBaseUnits
0x00000002445f2000 	/System/Library/PrivateFrameworks/Portrait.framework/Versions/A/Portrait
0x0000000225c60000 	/System/Library/PrivateFrameworks/AppleDepth.framework/Versions/A/AppleDepth
0x0000000230378000 	/System/Library/PrivateFrameworks/FusionTracker.framework/Versions/A/FusionTracker
0x0000000225d57000 	/System/Library/PrivateFrameworks/AppleDepthCore.framework/Versions/A/AppleDepthCore
0x00000001cacc9000 	/System/Library/PrivateFrameworks/DiagnosticRequest.framework/Versions/A/DiagnosticRequest
0x0000000336834000 	/System/Library/Frameworks/CoreMediaIO.framework/Versions/A/Resources/CMIOUnits.bundle/Contents/MacOS/CMIOUnits
0x00000001bdd90000 	/System/Library/PrivateFrameworks/FWAVC.framework/Versions/A/FWAVC
0x0000000338b70000 	/System/Library/Components/AudioCodecs.component/Contents/MacOS/AudioCodecs


VM Arguments:
jvm_args: -Dglass.disableAsyncResize=true -javaagent:/Applications/IntelliJ IDEA.app/Contents/lib/idea_rt.jar=51704 -Dfile.encoding=UTF-8 
java_command: Launcher
java_class_path (initial): /Users/rayen/Desktop/Harmony-PreProd/target/classes:/Users/rayen/.m2/repository/com/mysql/mysql-connector-j/8.0.33/mysql-connector-j-8.0.33.jar:/Users/rayen/.m2/repository/com/google/protobuf/protobuf-java/3.21.9/protobuf-java-3.21.9.jar:/Users/rayen/.m2/repository/org/openjfx/javafx-controls/21.0.1/javafx-controls-21.0.1.jar:/Users/rayen/.m2/repository/org/openjfx/javafx-controls/21.0.1/javafx-controls-21.0.1-mac-aarch64.jar:/Users/rayen/.m2/repository/org/openjfx/javafx-fxml/21.0.1/javafx-fxml-21.0.1.jar:/Users/rayen/.m2/repository/org/openjfx/javafx-fxml/21.0.1/javafx-fxml-21.0.1-mac-aarch64.jar:/Users/rayen/.m2/repository/org/openjfx/javafx-base/21.0.1/javafx-base-21.0.1.jar:/Users/rayen/.m2/repository/org/openjfx/javafx-base/21.0.1/javafx-base-21.0.1-mac-aarch64.jar:/Users/rayen/.m2/repository/org/openjfx/javafx-graphics/21.0.1/javafx-graphics-21.0.1.jar:/Users/rayen/.m2/repository/org/openjfx/javafx-graphics/21.0.1/javafx-graphics-21.0.1-mac-aarch64.jar:/Users/rayen/.m2/repository/org/openjfx/javafx-web/21.0.1/javafx-web-21.0.1.jar:/Users/rayen/.m2/repository/org/openjfx/javafx-web/21.0.1/javafx-web-21.0.1-mac-aarch64.jar:/Users/rayen/.m2/repository/org/openjfx/javafx-media/21.0.1/javafx-media-21.0.1.jar:/Users/rayen/.m2/repository/org/openjfx/javafx-media/21.0.1/javafx-media-21.0.1-mac-aarch64.jar:/Users/rayen/.m2/repository/org/openjfx/javafx-swing/21.0.1/javafx-swing-21.0.1.jar:/Users/rayen/.m2/repository/org/openjfx/javafx-swing/21.0.1/javafx-swing-21.0.1-mac-aarch64.jar:/Users/rayen/.m2/repository/org/mindrot/jbcrypt/0.4/jbcrypt-0.4.jar:/Users/rayen/.m2/repository/com/sun/mail/javax.mail/1.6.2/javax.mail-1.6.2.jar:/Users/rayen/.m2/repository/javax/activation/activation/1.1/activation-1.1.jar:/Users/rayen/.m2/repository/org/bytedeco/javacv/1.5.9/javacv-1.5.9.jar:/Users/rayen/.m2/repository/org/bytedeco/javacpp/1.5.9/javacpp-1.5.9.jar:/Users/rayen/.m2/repository/org/bytedeco/ffmpeg/6.0-1.5.9/ffmpeg-6.0-1.5.9.jar:/Users/rayen/.m2
Launcher Type: SUN_STANDARD

[Global flags]
     intx CICompilerCount                          = 4                                         {product} {ergonomic}
     uint ConcGCThreads                            = 2                                         {product} {ergonomic}
     uint G1ConcRefinementThreads                  = 8                                         {product} {ergonomic}
   size_t G1HeapRegionSize                         = 1048576                                   {product} {ergonomic}
    uintx GCDrainStackTargetSize                   = 64                                        {product} {ergonomic}
   size_t InitialHeapSize                          = 134217728                                 {product} {ergonomic}
   size_t MarkStackSize                            = 4194304                                   {product} {ergonomic}
   size_t MaxHeapSize                              = 2147483648                                {product} {ergonomic}
   size_t MaxNewSize                               = 1287651328                                {product} {ergonomic}
   size_t MinHeapDeltaBytes                        = 1048576                                   {product} {ergonomic}
   size_t MinHeapSize                              = 8388608                                   {product} {ergonomic}
    uintx NonNMethodCodeHeapSize                   = 5839564                                {pd product} {ergonomic}
    uintx NonProfiledCodeHeapSize                  = 122909338                              {pd product} {ergonomic}
    uintx ProfiledCodeHeapSize                     = 122909338                              {pd product} {ergonomic}
    uintx ReservedCodeCacheSize                    = 251658240                              {pd product} {ergonomic}
     bool SegmentedCodeCache                       = true                                      {product} {ergonomic}
   size_t SoftMaxHeapSize                          = 2147483648                             {manageable} {ergonomic}
     bool UseCompressedClassPointers               = true                           {product lp64_product} {ergonomic}
     bool UseCompressedOops                        = true                           {product lp64_product} {ergonomic}
     bool UseG1GC                                  = true                                      {product} {ergonomic}
     bool UseNUMA                                  = false                                     {product} {ergonomic}
     bool UseNUMAInterleaving                      = false                                     {product} {ergonomic}

Logging:
Log output configuration:
 #0: stdout all=warning uptime,level,tags
 #1: stderr all=off uptime,level,tags

Environment Variables:
JAVA_HOME=/opt/homebrew/Cellar/openjdk@17/17.0.18/libexec/openjdk.jdk/Contents/Home
PATH=/opt/anaconda3/bin:/opt/anaconda3/condabin:/opt/homebrew/bin:/opt/homebrew/sbin:/usr/local/bin:/System/Cryptexes/App/usr/bin:/usr/bin:/bin:/usr/sbin:/sbin:/var/run/com.apple.security.cryptexd/codex.system/bootstrap/usr/local/bin:/var/run/com.apple.security.cryptexd/codex.system/bootstrap/usr/bin:/var/run/com.apple.security.cryptexd/codex.system/bootstrap/usr/appleinternal/bin:/Library/Apple/usr/bin:/Applications/VMware Fusion.app/Contents/Public
SHELL=/bin/zsh
LC_CTYPE=fr_FR.UTF-8
TMPDIR=/var/folders/k1/znxt3d3d1bn326y0x6wfwwhm0000gn/T/

Active Locale:
LC_ALL=C/fr_FR.UTF-8/C/C/C/C
LC_COLLATE=C
LC_CTYPE=fr_FR.UTF-8
LC_MESSAGES=C
LC_MONETARY=C
LC_NUMERIC=C
LC_TIME=C

Signal Handlers:
   SIGSEGV: crash_handler in libjvm.dylib, mask=11100110000111110111111111111111, flags=SA_RESTART|SA_SIGINFO, unblocked
    SIGBUS: crash_handler in libjvm.dylib, mask=11100110000111110111111111111111, flags=SA_RESTART|SA_SIGINFO, unblocked
    SIGFPE: crash_handler in libjvm.dylib, mask=11100110000111110111111111111111, flags=SA_RESTART|SA_SIGINFO, unblocked
   SIGPIPE: javaSignalHandler in libjvm.dylib, mask=11100110000111110111111111111111, flags=SA_RESTART|SA_SIGINFO, blocked
   SIGXFSZ: javaSignalHandler in libjvm.dylib, mask=11100110000111110111111111111111, flags=SA_RESTART|SA_SIGINFO, blocked
    SIGILL: crash_handler in libjvm.dylib, mask=11100110000111110111111111111111, flags=SA_RESTART|SA_SIGINFO, unblocked
   SIGUSR2: SR_handler in libjvm.dylib, mask=00000000000000000000000000000000, flags=SA_RESTART|SA_SIGINFO, blocked
    SIGHUP: UserHandler in libjvm.dylib, mask=11100110000111110111111111111111, flags=SA_RESTART|SA_SIGINFO, blocked
    SIGINT: UserHandler in libjvm.dylib, mask=11100110000111110111111111111111, flags=SA_RESTART|SA_SIGINFO, blocked
   SIGTERM: UserHandler in libjvm.dylib, mask=11100110000111110111111111111111, flags=SA_RESTART|SA_SIGINFO, blocked
   SIGQUIT: UserHandler in libjvm.dylib, mask=11100110000111110111111111111111, flags=SA_RESTART|SA_SIGINFO, blocked
   SIGTRAP: crash_handler in libjvm.dylib, mask=11100110000111110111111111111111, flags=SA_RESTART|SA_SIGINFO, unblocked


Periodic native trim disabled


---------------  S Y S T E M  ---------------

OS:
uname: Darwin 24.0.0 Darwin Kernel Version 24.0.0: Tue Sep 24 23:36:26 PDT 2024; root:xnu-11215.1.12~1/RELEASE_ARM64_T8103 arm64
OS uptime: 4 days 23:29 hours
rlimit (soft/hard): STACK 8176k/65520k , CORE 0k/infinity , NPROC 1333/2000 , NOFILE 1048576/infinity , AS infinity/infinity , CPU infinity/infinity , DATA infinity/infinity , FSIZE infinity/infinity , MEMLOCK infinity/infinity , RSS infinity/infinity
load average: 3.74 4.30 4.35

CPU: total 8 (initial active 8) 0x61:0x0:0x1b588bb3:0, fp, simd, crc, lse
machdep.cpu.brand_string:Apple M1
hw.cachelinesize:128
hw.l1icachesize:131072
hw.l1dcachesize:65536
hw.l2cachesize:4194304

Memory: 16k page, physical 8388608k(74368k free), swap 3145728k(985216k free)

vm_info: OpenJDK 64-Bit Server VM (17.0.18+0) for bsd-aarch64 JRE (17.0.18+0), built on Jan 20 2026 23:22:55 by "brew" with clang Apple LLVM 17.0.0 (clang-1700.6.3.2)

END.
